timestamp,state,accel_x,accel_y,accel_z,gyro_x,gyro_y,gyro_z,pressure,altitude,gps_lat,gps_lon,gps_alt,battery_voltage,event_flags,error_code
10,ARMED,-1.052,0.047,0.9349,0.00128,-0.00316,-0.00017,89914.7,999.6,39.920121,32.854102,999.7,8.4,1,OK
20,LAUNCH_DETECT,4.2154,-0.0479,0.9975,-0.00185,-0.00681,0.01223,89849.4,999.9,39.920091,32.854119,999.9,8.4,2,OK
30,LAUNCH_DETECT,9.5525,-0.0203,0.9593,0.00616,0.01129,-0.00114,89829.5,999.6,39.920118,32.854126,999.7,8.4,2,OK
40,LAUNCH_DETECT,14.8294,0.0109,1.0112,0.00679,0.00068,0.00289,89797.8,1000.3,39.920091,32.854083,1000.2,8.4,2,OK
50,LAUNCH_DETECT,20.1935,0.0484,0.9833,0.00163,0.00586,0.00711,89853.0,1000.4,39.920088,32.85413,1000.4,8.4,2,OK
60,LAUNCH_DETECT,25.3771,0.0249,1.0345,-0.00427,0.00159,0.00626,89892.8,999.9,39.920082,32.854087,999.9,8.4,2,OK
70,LAUNCH_DETECT,25.4929,0.0006,1.0223,0.00665,-0.00098,-0.00423,89784.8,1000.1,39.920061,32.854054,1000.0,8.4,2,OK
80,LAUNCH_DETECT,25.4577,0.065,1.0369,-0.00934,-0.00205,-0.0095,89910.2,1000.1,39.920053,32.854115,1000.1,8.4,2,OK
90,LAUNCH_DETECT,25.4648,-0.0265,1.0011,0.01602,-0.00239,-0.01023,89877.9,1000.4,39.920137,32.854129,1000.4,8.4,2,OK
100,LAUNCH_DETECT,25.5113,-0.0463,0.9312,0.00635,-0.00222,-0.01471,89881.0,1000.0,39.920123,32.85417,1000.3,8.4,2,OK
110,LAUNCH_DETECT,25.5546,0.0134,0.9792,-0.00612,-0.00141,0.01066,89855.5,1000.7,39.920072,32.854041,1000.7,8.4,2,OK
120,LAUNCH_DETECT,25.3647,0.0491,0.9407,-0.00965,-0.00725,0.02128,89903.3,1000.5,39.920076,32.854133,1000.5,8.4,2,OK
130,LAUNCH_DETECT,24.9453,0.0223,0.9387,-0.01278,0.00173,0.01579,89853.0,1001.2,39.920108,32.854146,1001.2,8.4,2,OK
140,LAUNCH_DETECT,24.6723,0.0768,0.9388,-0.01368,0.01651,0.01724,89837.2,1001.2,39.920139,32.854061,1001.1,8.4,2,OK
150,LAUNCH_DETECT,24.2657,-0.0082,1.0704,0.00091,0.00644,-0.0205,89811.2,1001.6,39.920067,32.854069,1001.6,8.4,2,OK
160,LAUNCH_DETECT,23.8862,-0.0242,1.0501,0.00538,0.01337,-0.00155,89839.0,1001.5,39.920107,32.854106,1001.4,8.4,2,OK
170,LAUNCH_DETECT,23.6297,0.0938,0.9856,-0.01463,-0.00591,0.00316,89810.3,1002.8,39.920082,32.854025,1002.8,8.4,2,OK
180,LAUNCH_DETECT,23.2564,-0.0047,0.9266,0.02129,-0.01287,-0.01097,89988.4,1003.5,39.920068,32.854087,1003.5,8.4,2,OK
190,LAUNCH_DETECT,22.8968,0.0389,0.9812,-0.00134,-0.01375,-0.00238,89850.8,1002.8,39.920085,32.854117,1002.9,8.4,2,OK
200,LAUNCH_DETECT,22.6258,-0.0,1.0158,-0.00097,0.02093,0.01573,89796.9,1003.5,39.92007,32.854142,1003.5,8.4,2,OK
210,LAUNCH_DETECT,22.1819,0.0227,0.9764,0.00264,0.00052,-0.00292,89818.0,1003.6,39.920104,32.854152,1003.3,8.4,2,OK
220,LAUNCH_DETECT,21.9376,-0.0186,1.0164,0.01727,-0.01534,0.00864,89822.9,1003.9,39.920072,32.854088,1004.0,8.4,2,OK
230,LAUNCH_DETECT,21.6738,0.0219,1.0219,0.00828,-0.00297,0.00067,89870.5,1004.2,39.920068,32.854127,1004.2,8.4,2,OK
240,ASCENT,21.282,0.0365,0.9966,-0.01172,-0.00518,0.01511,89781.0,1005.3,39.920073,32.854101,1005.2,8.4,2,OK
250,ASCENT,20.9162,0.0304,1.0152,0.00072,0.00414,0.01616,89781.0,1004.5,39.920116,32.854044,1004.6,8.4,2,OK
260,ASCENT,20.5978,0.0407,1.0116,0.00234,0.0027,-0.00863,89797.4,1006.0,39.92011,32.854135,1005.9,8.4,2,OK
270,ASCENT,20.2833,-0.0411,1.0422,0.00011,0.01329,0.00857,89826.9,1007.0,39.920163,32.854093,1006.8,8.4,2,OK
280,ASCENT,19.839,0.0655,0.9374,-0.01601,-0.00794,0.0044,89807.0,1007.4,39.920062,32.854019,1007.4,8.4,2,OK
290,ASCENT,19.5364,0.0069,1.0115,0.0053,-0.00705,-0.0018,89828.0,1007.8,39.920089,32.854118,1007.8,8.4,2,OK
300,ASCENT,19.2053,-0.0648,0.8833,-0.00678,0.00749,-0.00285,89835.0,1008.4,39.920136,32.854098,1008.5,8.4,2,OK
310,ASCENT,18.7712,-0.074,0.9821,0.00804,0.01721,-0.01382,89721.9,1009.1,39.920113,32.854095,1008.9,8.4,2,OK
320,ASCENT,18.7874,-0.0535,1.0214,-0.00189,0.00329,0.00362,89750.0,1010.2,39.92006,32.854138,1010.2,8.4,2,OK
330,ASCENT,18.8412,0.0174,1.1038,0.00069,0.0016,0.01076,89776.7,1009.7,39.920099,32.854111,1009.6,8.4,2,OK
340,ASCENT,18.7224,-0.0229,1.0968,0.01106,-0.00962,0.00348,89738.6,1010.6,39.920105,32.854122,1010.6,8.4,2,OK
350,ASCENT,18.7728,0.1299,1.0716,0.00092,0.00581,-0.00057,89706.4,1011.4,39.920112,32.85407,1011.5,8.4,2,OK
360,ASCENT,18.8518,0.0227,1.0468,-0.01831,-0.00336,-0.01991,89806.0,1011.5,39.920124,32.854075,1011.3,8.4,2,OK
370,ASCENT,18.8096,0.0217,1.0232,-0.01561,-0.00297,0.00099,89769.5,1012.9,39.920109,32.854123,1012.8,8.4,2,OK
380,ASCENT,18.9212,-0.0444,0.9904,0.01404,-0.00443,0.01455,89734.8,1013.7,39.920142,32.854087,1013.6,8.4,2,OK
390,ASCENT,18.8652,0.0319,1.0574,-0.02394,-0.00787,-0.01686,89726.1,1014.0,39.920095,32.854091,1014.0,8.4,2,OK
400,ASCENT,18.7946,0.0331,1.0278,0.00296,0.02035,-0.00087,89667.6,1015.0,39.920072,32.854056,1014.9,8.4,2,OK
410,ASCENT,18.864,-0.0383,1.037,-0.0016,-0.00653,0.00548,89624.2,1016.1,39.920098,32.854109,1016.0,8.4,2,OK
420,ASCENT,18.7766,0.0624,1.0182,-0.0241,-0.01156,-0.00294,89723.5,1016.3,39.920154,32.854059,1016.2,8.4,2,OK
430,ASCENT,18.9316,0.0124,0.9174,-0.01281,-0.00424,-0.00521,89690.8,1018.0,39.920052,32.854118,1017.9,8.4,2,OK
440,ASCENT,18.8211,0.027,1.0224,-0.01686,0.00538,-0.01034,89598.3,1018.6,39.920112,32.854072,1018.5,8.4,2,OK
450,ASCENT,18.8657,0.0726,1.0016,0.00269,-0.0062,0.00471,89639.5,1019.1,39.920137,32.854063,1018.9,8.4,2,OK
460,ASCENT,18.982,-0.0968,0.9857,-0.0019,-0.01113,0.0058,89575.7,1020.5,39.920119,32.854172,1020.5,8.4,2,OK
470,ASCENT,18.8481,-0.0865,0.9805,0.01848,-0.00174,0.01668,89669.9,1020.6,39.920109,32.854069,1020.6,8.4,2,OK
480,ASCENT,18.8394,-0.0009,0.9829,-0.00082,-0.01706,-0.01616,89604.4,1022.3,39.920031,32.854128,1022.3,8.4,2,OK
490,ASCENT,18.7899,0.0175,1.021,0.00388,-0.00167,0.00817,89682.9,1023.3,39.920086,32.854085,1023.3,8.4,2,OK
500,ASCENT,18.9305,-0.0212,0.9877,0.00952,-0.02252,-0.00827,89493.8,1023.6,39.920074,32.854068,1023.6,8.4,2,OK
510,ASCENT,18.8429,-0.0028,0.9512,-0.00911,0.00559,-0.00222,89598.5,1025.3,39.920119,32.854064,1025.3,8.4,2,OK
520,ASCENT,18.7936,0.0343,0.9489,-0.00096,0.01128,-0.02281,89542.2,1025.2,39.920139,32.85411,1025.3,8.4,2,OK
530,ASCENT,18.7974,0.0029,0.9906,0.00278,0.00158,0.00778,89496.3,1027.4,39.920039,32.854135,1027.5,8.4,2,OK
540,ASCENT,18.7592,0.0465,1.0258,-0.00372,-0.00893,0.00011,89515.3,1027.8,39.920155,32.854163,1027.9,8.4,2,OK
550,ASCENT,18.8934,0.0221,1.0318,0.0074,0.00637,0.00341,89558.8,1028.1,39.920085,32.854055,1028.3,8.4,2,OK
560,ASCENT,18.9168,0.0675,1.0101,-0.01093,0.00397,0.0006,89540.4,1029.5,39.920098,32.854163,1029.6,8.4,2,OK
570,ASCENT,18.8592,-0.0101,0.9924,-0.00746,-0.0125,0.00511,89441.8,1031.4,39.920097,32.854135,1031.5,8.4,2,OK
580,ASCENT,18.8463,-0.0542,1.019,0.01287,0.011,-0.00132,89503.1,1031.7,39.920106,32.854093,1031.6,8.4,2,OK
590,ASCENT,18.8165,0.0156,1.0122,0.00273,-0.01139,-0.00481,89448.8,1034.1,39.920043,32.854035,1034.1,8.4,2,OK
600,ASCENT,18.8329,-0.1336,1.0781,-0.01128,-0.0038,-0.00753,89478.1,1034.1,39.920138,32.854165,1034.1,8.4,2,OK
610,ASCENT,18.8374,-0.0047,1.0183,0.03179,0.00851,-0.00707,89463.7,1036.2,39.920087,32.854132,1036.2,8.4,2,OK
620,ASCENT,18.8328,0.0213,1.0333,-0.00982,-0.01442,-0.00058,89434.3,1037.0,39.920122,32.854053,1037.0,8.4,2,OK
630,ASCENT,18.826,-0.0504,1.0032,-0.01892,-0.01959,-0.00012,89450.7,1038.0,39.920099,32.854108,1038.1,8.4,2,OK
640,ASCENT,18.7657,0.0145,0.9784,-0.02502,-0.01704,-0.00833,89422.2,1039.1,39.920101,32.854089,1039.2,8.4,2,OK
650,ASCENT,18.7769,-0.0768,1.0051,-0.00147,0.01588,-0.00622,89417.9,1041.6,39.920066,32.854102,1041.5,8.4,2,OK
660,ASCENT,18.8352,-0.0311,1.0579,0.01436,0.00529,0.01363,89399.7,1040.9,39.920077,32.854104,1040.8,8.4,2,OK
670,ASCENT,18.9046,0.0207,1.0038,6e-05,0.00448,0.01165,89417.2,1043.9,39.920116,32.85406,1043.9,8.4,2,OK
680,ASCENT,18.8486,0.0443,1.06,0.00289,-0.00356,0.00336,89406.9,1042.9,39.920002,32.854039,1042.9,8.4,2,OK
690,ASCENT,18.7417,0.0685,1.1122,-2e-05,0.00408,0.01617,89323.4,1045.8,39.920097,32.854099,1045.7,8.4,2,OK
700,ASCENT,18.757,0.0017,0.9947,0.00223,0.00617,-0.01,89414.3,1046.5,39.920089,32.85405,1046.5,8.4,2,OK
710,ASCENT,18.7115,0.0368,1.0316,-0.01404,0.00331,-0.00303,89388.0,1048.1,39.92014,32.854163,1048.2,8.4,2,OK
720,ASCENT,18.7993,0.0061,1.0412,-0.00059,-0.00729,-0.00414,89329.8,1050.1,39.920109,32.854124,1050.1,8.4,2,OK
730,ASCENT,18.7941,0.0721,0.9173,-0.01045,-0.01021,0.00052,89297.7,1051.0,39.920117,32.854112,1051.0,8.4,2,OK
740,ASCENT,18.799,-0.0182,1.0018,-5e-05,0.01046,0.01188,89274.3,1052.6,39.920113,32.854081,1052.6,8.4,2,OK
750,ASCENT,18.7331,0.0339,1.0487,0.00699,0.00102,-0.00762,89257.1,1053.5,39.920115,32.854066,1053.5,8.4,2,OK
760,ASCENT,18.7433,0.1223,1.0736,0.0015,0.00411,0.00118,89260.6,1055.6,39.920139,32.854084,1055.7,8.4,2,OK
770,ASCENT,18.7428,0.0228,0.9961,-0.00197,-0.01115,-0.00229,89206.9,1056.1,39.920106,32.854146,1056.4,8.4,2,OK
780,ASCENT,18.8095,-0.0076,1.0031,0.0011,-0.00408,-0.01398,89269.2,1057.6,39.920093,32.854079,1057.6,8.4,2,OK
790,ASCENT,18.7384,0.0613,1.0247,0.00974,0.01242,0.0113,89250.2,1060.1,39.920114,32.854061,1060.2,8.4,2,OK
800,ASCENT,18.681,0.042,0.9864,-0.01152,-0.0024,0.00102,89260.6,1061.4,39.92009,32.854112,1061.3,8.4,2,OK
810,ASCENT,18.712,-0.0118,0.9865,0.01771,-0.00098,-0.00244,89142.6,1061.8,39.920093,32.854076,1061.9,8.4,2,OK
820,ASCENT,18.7671,0.0019,1.0002,0.01719,-0.0232,-0.02002,89171.2,1064.2,39.920119,32.854117,1064.2,8.4,2,OK
830,ASCENT,18.7447,0.0481,0.9719,0.00698,0.00111,1e-05,89030.9,1066.7,39.920062,32.854058,1066.7,8.4,2,OK
840,ASCENT,18.608,-0.043,1.0901,-0.00412,-0.00364,-0.01149,89130.5,1066.6,39.920073,32.854097,1066.4,8.4,2,OK
850,ASCENT,18.6807,0.0209,1.0427,-0.008,0.00633,-0.00011,89103.1,1068.5,39.92011,32.854122,1068.5,8.4,2,OK
860,ASCENT,18.7133,0.0375,1.098,-0.01228,-0.00927,0.01485,89035.2,1070.3,39.920087,32.854115,1070.3,8.4,2,OK
870,ASCENT,18.6186,-0.044,1.0149,0.00887,-0.00489,-0.00186,88951.0,1072.1,39.920063,32.854036,1071.9,8.4,2,OK
880,ASCENT,18.7076,0.0645,1.0391,-0.00901,0.00524,0.00729,89093.6,1073.8,39.920115,32.854081,1073.7,8.4,2,OK
890,ASCENT,18.6344,-0.0396,1.0285,0.00618,0.01552,0.01277,89131.6,1075.3,39.920086,32.854137,1075.3,8.4,2,OK
900,ASCENT,18.5282,-0.078,1.0759,-0.00797,0.00302,-0.00725,89067.8,1077.2,39.920099,32.854161,1077.2,8.4,2,OK
910,ASCENT,18.6116,-0.0223,0.9942,-0.00836,0.00662,0.0065,89087.3,1079.5,39.920139,32.854087,1079.5,8.4,2,OK
920,ASCENT,18.5958,0.081,0.9891,0.01194,-0.02171,-0.02014,88994.8,1081.3,39.920107,32.854053,1081.3,8.4,2,OK
930,ASCENT,18.6234,-0.0219,0.8936,0.00258,0.00845,-0.01576,88914.9,1082.4,39.920074,32.854102,1082.2,8.4,2,OK
940,ASCENT,18.6072,-0.124,1.0617,-0.02778,-0.00348,-0.0118,88919.9,1084.9,39.920111,32.85412,1085.1,8.4,2,OK
950,ASCENT,18.5753,0.0595,0.972,-0.00022,-0.01563,0.00229,88949.0,1086.7,39.920057,32.854096,1086.8,8.4,2,OK
960,ASCENT,18.4895,0.0135,1.093,0.00469,0.00658,0.02711,88874.9,1087.9,39.920112,32.854115,1087.8,8.4,2,OK
970,ASCENT,18.6451,-0.0366,0.9946,-0.00253,0.00562,-0.01292,88990.7,1090.0,39.920113,32.854087,1089.9,8.4,2,OK
980,ASCENT,18.503,0.0458,1.0431,-0.0038,0.00377,-0.01127,88937.4,1092.4,39.920126,32.854047,1092.5,8.4,2,OK
990,ASCENT,18.4213,0.0182,1.0089,0.00291,0.01474,0.01226,88839.2,1092.1,39.920096,32.854038,1092.1,8.4,2,OK
1000,ASCENT,18.4328,-0.0458,1.0739,-0.00543,0.00462,-0.01871,88864.9,1096.4,39.920095,32.85412,1096.3,8.4,2,OK
1010,ASCENT,18.4562,-0.0246,1.0347,0.00256,0.00652,-9e-05,88793.3,1097.6,39.92016,32.854045,1097.7,8.4,2,OK
1020,ASCENT,18.4147,0.0498,1.0014,-0.00217,-0.00209,0.00391,88802.7,1100.0,39.920075,32.854129,1100.1,8.4,2,OK
1030,ASCENT,18.4793,-0.0464,0.9182,0.00237,-0.00083,-0.0044,88710.4,1099.7,39.92013,32.854077,1099.7,8.4,2,OK
1040,ASCENT,18.4983,0.0145,1.0758,-0.00307,-0.00593,-0.00326,88746.4,1103.4,39.920089,32.854152,1103.4,8.4,2,OK
1050,ASCENT,18.415,0.0179,0.9638,-0.00854,0.0046,0.00989,88666.1,1105.1,39.920063,32.85405,1104.9,8.4,2,OK
1060,ASCENT,18.4505,-0.113,0.9919,0.02096,-0.01457,-0.00391,88731.5,1108.0,39.920115,32.854104,1108.0,8.4,2,OK
1070,ASCENT,18.3373,-0.0686,1.009,-0.00616,-0.00023,-0.00623,88669.6,1108.6,39.92007,32.854111,1108.5,8.4,2,OK
1080,ASCENT,18.3019,-0.0312,1.0166,-0.00212,0.00499,-0.02107,88765.4,1111.1,39.920104,32.854102,1111.2,8.4,2,OK
1090,ASCENT,18.244,0.0106,1.0656,-0.00315,-0.01935,-0.01268,88631.8,1111.8,39.920095,32.854085,1111.9,8.4,2,OK
1100,ASCENT,18.318,0.0309,1.0155,0.00981,-0.01165,0.02009,88658.7,1114.8,39.920055,32.854067,1115.0,8.4,2,OK
1110,ASCENT,18.3508,-0.0052,0.9882,-0.01781,-0.00803,0.00551,88520.5,1117.5,39.92008,32.85408,1117.5,8.4,2,OK
1120,ASCENT,18.2594,0.0386,0.9927,-0.00392,0.0014,-0.00817,88529.3,1118.8,39.920083,32.854059,1118.8,8.4,2,OK
1130,ASCENT,18.1932,-0.011,0.9994,-0.01454,-0.01262,0.00029,88442.8,1122.0,39.920109,32.854142,1122.0,8.4,2,OK
1140,ASCENT,18.2189,-0.081,1.0472,-0.00985,-0.00456,-0.01386,88521.9,1122.9,39.92008,32.854113,1122.9,8.4,2,OK
1150,ASCENT,18.2471,-0.0533,1.0567,0.01265,-0.01422,-0.00312,88532.8,1126.5,39.920105,32.854092,1126.5,8.4,2,OK
1160,ASCENT,18.2035,0.004,1.0266,0.02914,-0.01777,0.00324,88512.9,1127.6,39.920101,32.854127,1127.7,8.4,2,OK
1170,ASCENT,18.2533,0.0796,1.0539,-0.0122,-0.00831,0.00146,88474.7,1130.1,39.920129,32.854038,1130.2,8.4,2,OK
1180,ASCENT,18.1668,0.0252,1.0324,-0.01492,0.00053,-0.00119,88427.9,1132.9,39.920081,32.854082,1133.0,8.4,2,OK
1190,ASCENT,18.1377,-0.0783,0.912,0.00752,0.00129,0.02387,88407.8,1134.0,39.920148,32.854142,1133.9,8.4,2,OK
1200,ASCENT,18.1368,-0.0349,0.9201,0.00135,0.0045,-0.00227,88438.3,1136.0,39.92011,32.854074,1136.0,8.4,2,OK
1210,ASCENT,18.0649,0.0614,1.032,-0.00538,0.00248,-0.00141,88337.8,1139.5,39.920058,32.854051,1139.4,8.4,2,OK
1220,ASCENT,17.7755,0.1187,1.0102,-0.01128,-0.00493,0.00141,88352.0,1140.2,39.920151,32.854084,1140.2,8.4,2,OK
1230,ASCENT,17.3849,-0.1138,0.9944,-0.01013,0.00127,-0.00584,88345.8,1143.4,39.920064,32.854137,1143.3,8.4,2,OK
1240,ASCENT,17.1266,0.0049,0.9736,0.00073,0.00038,-0.00091,88279.9,1145.9,39.920061,32.854082,1146.0,8.4,2,OK
1250,ASCENT,16.6578,0.0056,1.0739,0.00507,-0.01312,0.00671,88236.8,1147.9,39.920108,32.854083,1148.0,8.4,2,OK
1260,ASCENT,16.2724,-0.0283,1.0315,0.0171,0.02268,-0.01031,88181.7,1150.6,39.920079,32.854078,1150.5,8.4,2,OK
1270,ASCENT,15.9315,0.0421,1.1405,-0.00451,0.00072,-0.01295,88271.2,1153.8,39.920108,32.854053,1153.8,8.4,2,OK
1280,ASCENT,15.6466,0.0048,0.9508,0.00688,0.01213,0.01109,88204.8,1154.5,39.920127,32.854042,1154.5,8.4,2,OK
1290,ASCENT,15.1927,-0.0163,0.9926,-0.00563,-0.00443,-0.0004,88148.8,1157.9,39.920089,32.854103,1157.7,8.4,2,OK
1300,ASCENT,14.8412,0.048,0.9013,0.00274,-7e-05,0.0017,88171.5,1159.9,39.920125,32.854117,1159.9,8.4,2,OK
1310,ASCENT,14.5127,0.0322,1.0337,0.00861,0.01559,-0.00876,88149.7,1162.4,39.920102,32.854061,1162.4,8.4,2,OK
1320,ASCENT,14.111,-0.0129,0.955,-0.00587,0.00011,0.00879,88020.7,1164.2,39.920045,32.854101,1164.1,8.4,2,OK
1330,ASCENT,13.7715,0.0116,1.0336,0.00475,-0.00692,-0.00169,88079.6,1167.9,39.920062,32.854123,1167.8,8.4,2,OK
1340,ASCENT,13.4209,0.0079,1.0339,-0.00371,0.00236,0.00872,88002.8,1169.6,39.920068,32.854063,1169.4,8.4,2,OK
1350,ASCENT,13.0908,-0.0813,1.0711,-0.00457,0.00101,-0.02008,87953.9,1172.5,39.920105,32.854045,1172.6,8.4,2,OK
1360,ASCENT,12.5914,-0.1078,0.9709,-0.01551,0.00453,-0.0045,87952.7,1174.3,39.920129,32.854121,1174.3,8.4,2,OK
1370,ASCENT,12.2021,0.0074,1.0218,-0.0078,0.0051,0.00552,88013.2,1175.9,39.920018,32.854078,1176.0,8.4,2,OK
1380,ASCENT,11.816,0.0513,1.0564,-0.00055,-0.01192,-0.00583,87970.1,1179.3,39.92012,32.85404,1179.3,8.4,2,OK
1390,ASCENT,11.5825,0.0802,0.9419,-0.00677,-0.00802,-0.01275,87838.4,1182.4,39.920041,32.854087,1182.2,8.4,2,OK
1400,ASCENT,11.1005,0.1,1.0123,-0.01776,-0.00654,0.00215,87918.1,1184.4,39.920068,32.85409,1184.3,8.4,2,OK
1410,ASCENT,10.7415,-0.0118,1.0242,0.00238,-0.00089,-0.0043,87833.6,1187.8,39.920092,32.854104,1188.0,8.4,2,OK
1420,ASCENT,10.4392,0.0108,1.0244,0.00171,-0.0056,0.00031,87778.8,1189.9,39.920092,32.854107,1189.8,8.4,2,OK
1430,ASCENT,9.9593,0.0272,1.0482,0.00088,0.00392,0.00304,87764.1,1192.5,39.92016,32.854084,1192.4,8.4,2,OK
1440,ASCENT,9.6661,0.0561,0.9444,0.01189,0.00626,-0.01265,87796.0,1196.0,39.9201,32.854156,1196.0,8.4,2,OK
1450,ASCENT,9.2463,0.0238,0.9605,0.0013,-0.0007,-0.01333,87763.7,1197.0,39.92003,32.854107,1197.0,8.4,2,OK
1460,ASCENT,8.8799,-0.0199,1.0368,-0.00463,0.00997,-0.00994,87753.9,1200.5,39.920118,32.854167,1200.4,8.4,2,OK
1470,ASCENT,8.4797,0.0249,0.9438,0.00767,-0.01225,0.01159,87698.3,1204.3,39.920116,32.854083,1204.1,8.4,2,OK
1480,ASCENT,8.0992,0.0861,1.019,-0.00309,-0.00173,0.00965,87678.6,1205.5,39.920095,32.854088,1205.4,8.4,2,OK
1490,ASCENT,7.7648,-0.0643,1.0027,-0.02156,-0.00915,0.00407,87566.4,1208.3,39.920104,32.854136,1208.4,8.4,2,OK
1500,ASCENT,7.378,0.0234,1.0314,0.00132,0.00819,0.00095,87639.6,1211.2,39.920078,32.854036,1211.4,8.4,2,OK
1510,ASCENT,6.9388,0.0386,0.9744,0.01401,-0.01047,-0.00798,87587.4,1213.5,39.920113,32.854132,1213.5,8.4,2,OK
1520,ASCENT,6.6343,0.0053,1.0386,0.00555,0.00044,-0.00809,87538.3,1216.1,39.920105,32.854178,1216.0,8.4,2,OK
1530,ASCENT,6.3231,0.1169,1.0162,-0.00799,-0.00352,0.00249,87527.4,1219.1,39.920134,32.854097,1219.1,8.4,2,OK
1540,ASCENT,5.9113,-0.0347,1.0468,-0.00364,0.00127,-0.00064,87440.8,1221.7,39.920071,32.854108,1221.8,8.4,2,OK
1550,ASCENT,5.4727,-0.0372,0.9528,0.01301,0.00633,0.00605,87595.5,1224.6,39.920054,32.854074,1224.5,8.4,2,OK
1560,ASCENT,5.0804,-0.0609,1.0026,0.00481,0.00508,0.00603,87532.5,1226.5,39.920106,32.854035,1226.4,8.4,2,OK
1570,ASCENT,4.7559,-0.0234,1.0274,0.00726,-0.00931,-0.00999,87406.6,1229.3,39.92005,32.854094,1229.3,8.4,2,OK
1580,ASCENT,4.3348,-0.0089,1.0302,0.01081,-0.00294,-0.00456,87400.0,1232.2,39.920088,32.854128,1232.3,8.4,2,OK
1590,ASCENT,4.0844,0.0007,0.9951,-0.00649,-0.01486,0.00093,87345.2,1234.3,39.920079,32.854061,1234.3,8.4,2,OK
1600,ASCENT,3.644,0.0138,0.9461,-0.01287,0.01583,-0.00923,87310.4,1236.8,39.920098,32.854068,1236.8,8.4,2,OK
1610,ASCENT,3.194,0.0471,0.969,-0.01582,-0.00745,-0.00055,87231.9,1240.6,39.920098,32.854124,1240.4,8.4,2,OK
1620,ASCENT,2.7941,0.0123,1.0275,-0.02377,-0.00785,0.00138,87279.0,1242.6,39.920121,32.854121,1242.6,8.4,2,OK
1630,ASCENT,2.449,-0.0545,1.0454,0.00127,-0.03064,-0.01278,87199.2,1246.4,39.920047,32.854143,1246.4,8.4,2,OK
1640,ASCENT,2.1037,0.0181,1.1139,0.00971,-0.0158,0.00447,87258.0,1248.7,39.920089,32.854141,1248.8,8.4,2,OK
1650,ASCENT,1.6702,-0.0153,0.9555,-0.02763,-0.00435,0.00369,87265.9,1250.6,39.9201,32.854145,1250.6,8.4,2,OK
1660,ASCENT,1.339,0.0028,1.0183,-0.00288,0.00405,0.02234,87161.4,1253.4,39.920134,32.85414,1253.4,8.4,2,OK
1670,ASCENT,0.9679,0.0735,1.05,-0.00902,-0.01553,0.00261,87087.2,1256.2,39.920102,32.854197,1256.3,8.4,2,OK
1680,ASCENT,0.6009,-0.0095,0.9906,0.00812,-0.0097,-0.00176,87158.2,1258.6,39.92012,32.854123,1258.7,8.4,2,OK
1690,ASCENT,0.1849,-0.1093,1.0162,0.01209,0.01571,0.0157,87036.8,1261.1,39.920113,32.854189,1261.2,8.4,2,OK
1700,ASCENT,-0.2284,0.0394,0.9881,-0.00115,0.01593,-0.00355,87050.9,1263.1,39.920081,32.854101,1263.1,8.4,2,OK
1710,ASCENT,-0.554,-0.0259,0.9693,-0.01609,0.00669,0.01123,86899.0,1267.0,39.920119,32.854042,1267.0,8.4,2,OK
1720,ASCENT,-1.0363,-0.0092,1.0294,-0.00446,0.0098,0.00281,86925.0,1269.4,39.920056,32.85411,1269.4,8.4,2,OK
1730,ASCENT,-1.3904,0.0788,0.9279,0.0111,0.01357,-0.00745,86970.5,1272.1,39.920037,32.854035,1272.1,8.4,2,OK
1740,ASCENT,-1.771,0.0567,0.9711,-0.00017,0.01822,-0.01522,86860.2,1275.6,39.920103,32.854091,1275.5,8.4,2,OK
1750,ASCENT,-2.1213,-0.0065,1.0285,-0.00972,0.0074,0.00819,86863.7,1279.1,39.920088,32.854127,1279.2,8.4,2,OK
1760,ASCENT,-2.5417,-0.0414,1.0045,0.00996,-0.00605,-0.01842,86790.9,1279.5,39.920065,32.854095,1279.4,8.4,2,OK
1770,ASCENT,-2.947,0.0661,1.0008,-0.00461,-0.00433,0.00328,86780.0,1283.5,39.920101,32.854029,1283.5,8.4,2,OK
1780,ASCENT,-3.3094,-0.0441,0.9982,-0.001,-0.00114,0.00107,86865.8,1286.3,39.9201,32.854129,1286.2,8.4,2,OK
1790,ASCENT,-3.7211,0.1105,0.8904,-0.00548,0.01232,0.00553,86818.8,1288.7,39.920113,32.854143,1288.8,8.4,2,OK
1800,ASCENT,-4.053,-0.0154,1.0853,0.00216,0.00805,0.00124,86740.5,1290.9,39.920139,32.85412,1290.7,8.4,2,OK
1810,ASCENT,-4.3702,-0.09,1.0341,-0.0007,-0.00371,0.01082,86769.0,1293.6,39.920115,32.854109,1293.6,8.4,2,OK
1820,ASCENT,-4.3949,-0.0811,1.0316,0.0048,0.00408,-0.00321,86681.0,1297.0,39.920087,32.854089,1297.2,8.4,2,OK
1830,ASCENT,-4.41,-0.0054,0.8957,0.00389,-0.0038,-0.02099,86726.8,1299.7,39.92014,32.854113,1299.7,8.4,2,OK
1840,ASCENT,-4.3388,-0.0471,1.022,-0.0181,0.00469,0.02273,86700.5,1302.2,39.920105,32.854097,1302.2,8.4,2,OK
1850,ASCENT,-4.4591,0.0686,1.0484,-0.00087,0.0034,0.0046,86602.9,1305.1,39.920138,32.854111,1305.2,8.4,2,OK
1860,ASCENT,-4.291,0.0356,0.9588,0.01238,0.00287,-0.01914,86543.4,1307.8,39.920138,32.854097,1307.8,8.4,2,OK
1870,ASCENT,-4.4319,-0.0098,0.9334,-0.01668,0.00824,-0.00603,86449.8,1309.7,39.920082,32.8541,1309.8,8.4,2,OK
1880,ASCENT,-4.2923,-0.0342,1.0106,-0.00552,-0.00155,0.01353,86473.8,1313.3,39.920099,32.854103,1313.2,8.4,2,OK
1890,ASCENT,-4.3631,0.0604,0.9893,0.00664,-0.00585,0.00589,86438.2,1315.1,39.920074,32.854151,1315.1,8.4,2,OK
1900,ASCENT,-4.3773,0.1196,0.9051,0.01287,-0.00827,-0.00021,86472.2,1317.5,39.920074,32.854094,1317.5,8.4,2,OK
1910,ASCENT,-4.375,-0.0715,1.0059,-0.004,-0.00271,-0.0002,86465.5,1320.1,39.920139,32.854084,1320.1,8.4,2,OK
1920,ASCENT,-4.31,0.0254,1.0227,0.01233,-0.00222,0.00996,86328.9,1322.7,39.920104,32.854038,1322.7,8.4,2,OK
1930,ASCENT,-4.4122,-0.0516,0.9817,0.01399,0.00954,0.00495,86395.1,1325.8,39.920077,32.85413,1325.7,8.4,2,OK
1940,ASCENT,-4.2459,-0.0088,0.8569,0.00302,-0.00113,-0.00051,86344.0,1328.7,39.920069,32.854095,1328.7,8.4,2,OK
1950,ASCENT,-4.2856,-0.0543,1.0645,-0.01735,0.0018,-0.00585,86274.9,1330.8,39.920095,32.854165,1330.7,8.4,2,OK
1960,ASCENT,-4.3474,-0.0231,0.9799,-0.00944,-0.00235,0.02458,86249.9,1334.2,39.920117,32.854071,1334.0,8.4,2,OK
1970,ASCENT,-4.2129,-0.0235,1.0375,0.00391,-0.00394,-0.01619,86319.0,1336.2,39.920068,32.854122,1336.2,8.4,2,OK
1980,ASCENT,-4.216,-0.0809,1.0444,-0.00542,-0.00694,-0.01821,86278.9,1339.6,39.920121,32.854134,1339.7,8.4,2,OK
1990,ASCENT,-4.2565,0.1317,0.9768,0.00465,-0.01011,0.01505,86235.2,1341.0,39.920129,32.854114,1341.0,8.4,2,OK
2000,ASCENT,-4.2399,-0.0225,0.9946,-0.00786,-0.00516,0.011,86210.8,1344.3,39.920093,32.85412,1344.2,8.4,2,OK
2010,ASCENT,-4.1774,-0.0491,1.0054,0.01726,-0.01916,0.00278,86123.8,1345.9,39.92009,32.854085,1345.8,8.4,2,OK
2020,ASCENT,-4.2416,0.039,1.0422,-0.01541,0.00299,0.00676,86128.7,1348.6,39.920097,32.854165,1348.8,8.4,2,OK
2030,ASCENT,-4.079,0.049,0.9502,0.00493,-0.00108,0.00554,86160.8,1351.8,39.920102,32.854094,1351.9,8.4,2,OK
2040,ASCENT,-4.1561,-0.0523,0.9689,0.00786,0.00976,-0.00155,86142.3,1355.0,39.920107,32.854071,1355.2,8.4,2,OK
2050,ASCENT,-4.1754,-0.0445,1.0316,-0.00783,0.0306,-0.01086,86072.3,1356.2,39.920141,32.854102,1356.3,8.4,2,OK
2060,ASCENT,-4.2047,-0.0948,0.8878,-0.01322,-0.00537,-0.00831,86035.0,1359.6,39.920124,32.854126,1359.7,8.4,2,OK
2070,ASCENT,-4.1448,0.0071,0.9834,-0.00818,0.00422,-0.00094,85959.6,1361.7,39.920067,32.854134,1361.7,8.4,2,OK
2080,ASCENT,-4.1087,-0.0703,0.9731,-0.00409,0.00041,0.01143,85905.8,1364.6,39.920115,32.854083,1364.8,8.4,2,OK
2090,ASCENT,-4.2501,0.0972,1.0915,-0.0102,0.00912,-0.00722,85875.1,1367.2,39.920083,32.854076,1367.3,8.4,2,OK
2100,ASCENT,-4.1138,-0.0156,1.0435,0.01178,0.01056,-0.00755,85823.6,1368.3,39.920138,32.854086,1368.2,8.4,2,OK
2110,ASCENT,-4.0537,-0.0147,1.0113,0.016,0.00422,0.00726,85826.6,1372.8,39.92012,32.85409,1372.5,8.4,2,OK
2120,ASCENT,-4.1572,0.0057,1.0975,-0.01269,-0.00027,0.00304,85859.8,1374.4,39.920057,32.85415,1374.3,8.4,2,OK
2130,ASCENT,-4.0974,-0.0027,0.9708,0.00119,0.00318,-0.00784,85801.1,1377.3,39.920162,32.854097,1377.5,8.4,2,OK
2140,ASCENT,-4.0722,-0.0224,1.0793,0.00222,0.01384,0.00641,85802.0,1380.7,39.920164,32.854083,1380.6,8.4,2,OK
2150,ASCENT,-3.9582,-0.0167,1.0344,0.01966,-0.01548,-0.00265,85679.7,1382.2,39.920129,32.85409,1382.3,8.4,2,OK
2160,ASCENT,-4.0819,0.0059,0.9717,-0.00631,0.01057,0.00379,85690.5,1383.9,39.92014,32.854114,1383.8,8.4,2,OK
2170,ASCENT,-4.0532,-0.0679,1.0136,-0.001,0.00572,-0.0123,85779.8,1387.6,39.920113,32.854105,1387.6,8.4,2,OK
2180,ASCENT,-4.0471,-0.006,0.9754,0.00201,-0.00374,0.00485,85743.2,1390.2,39.920138,32.854135,1390.1,8.4,2,OK
2190,ASCENT,-4.037,-0.0569,0.9763,-0.00672,-0.00316,0.01178,85796.0,1392.6,39.920105,32.85409,1392.6,8.4,2,OK
2200,ASCENT,-4.0012,-0.0423,1.0104,-0.01571,0.00771,0.01268,85645.5,1394.6,39.920054,32.854056,1394.7,8.4,2,OK
2210,ASCENT,-4.0682,-0.0261,1.037,-0.01162,-0.00905,0.00154,85681.6,1398.0,39.920082,32.854133,1397.9,8.4,2,OK
2220,ASCENT,-4.0592,-0.0328,1.0296,-0.01016,-0.00522,0.00781,85589.8,1400.6,39.920101,32.854127,1400.6,8.4,2,OK
2230,ASCENT,-4.0331,0.0608,1.039,0.00287,0.00749,-0.00667,85525.9,1402.5,39.920066,32.854112,1402.5,8.4,2,OK
2240,ASCENT,-3.955,0.0278,1.0206,-0.00726,0.0037,0.00668,85543.5,1404.7,39.920083,32.854081,1404.6,8.4,2,OK
2250,ASCENT,-3.919,0.0986,1.1516,-0.00228,0.00255,-0.00398,85556.6,1407.7,39.920097,32.854162,1407.7,8.4,2,OK
2260,ASCENT,-4.0077,-0.0067,0.9612,0.02672,-0.00263,-0.01457,85486.1,1409.7,39.920115,32.854119,1409.8,8.4,2,OK
2270,ASCENT,-3.9353,-0.031,0.9406,0.01064,0.00689,0.00977,85501.5,1412.5,39.920053,32.85413,1412.5,8.4,2,OK
2280,ASCENT,-3.9234,-0.0749,1.0282,0.0069,-0.01368,-0.00981,85418.8,1414.6,39.920063,32.85405,1414.5,8.4,2,OK
2290,ASCENT,-3.9916,0.0529,0.9897,0.01025,-0.00418,-0.00574,85395.4,1418.1,39.92013,32.854115,1418.1,8.4,2,OK
2300,ASCENT,-3.9067,-0.0274,0.9969,0.00704,-0.01025,0.01017,85319.0,1420.2,39.920133,32.854179,1420.3,8.4,2,OK
2310,ASCENT,-3.9087,-0.0922,0.9704,-0.00915,-0.00063,0.00616,85336.5,1421.7,39.920141,32.854062,1421.8,8.4,2,OK
2320,ASCENT,-3.876,0.0371,0.9424,0.01114,-0.00853,0.0026,85357.4,1425.0,39.920109,32.85407,1424.9,8.4,2,OK
2330,ASCENT,-3.8842,-0.0022,1.0483,-0.0037,0.00342,-0.00647,85263.6,1428.2,39.920091,32.854104,1428.1,8.4,2,OK
2340,ASCENT,-3.8033,0.0198,0.9981,-0.00313,-0.00818,0.01081,85272.8,1429.6,39.92009,32.854033,1429.5,8.4,2,OK
2350,ASCENT,-3.9798,-0.02,1.0384,-0.00557,0.01305,-0.00741,85188.1,1432.8,39.920129,32.854086,1432.7,8.4,2,OK
2360,ASCENT,-3.8508,0.0277,1.031,0.00442,-0.00061,-0.00441,85257.9,1434.8,39.920156,32.854133,1434.9,8.4,2,OK
2370,ASCENT,-3.8294,0.0352,0.9778,-0.00506,0.00648,-0.00174,85259.2,1437.2,39.920123,32.854094,1437.1,8.4,2,OK
2380,ASCENT,-3.807,-0.0157,1.0389,0.0091,0.00284,0.00585,85145.6,1439.6,39.920093,32.854101,1439.6,8.4,2,OK
2390,ASCENT,-3.8561,-0.0141,1.0244,-0.01079,-0.01628,-0.00348,85238.2,1442.4,39.920121,32.854048,1442.4,8.4,2,OK
2400,ASCENT,-3.818,-0.0458,1.021,0.00826,-0.00806,-0.00345,85097.3,1443.1,39.920086,32.854064,1443.1,8.4,2,OK
2410,ASCENT,-3.9304,-0.0464,0.9359,0.0003,-0.00283,0.00303,85090.2,1447.0,39.920059,32.854048,1446.9,8.4,2,OK
2420,ASCENT,-3.8385,-0.014,0.9861,0.00226,0.00325,0.01878,85073.9,1449.0,39.920111,32.854099,1448.9,8.4,2,OK
2430,ASCENT,-3.8244,-0.0863,0.9476,0.00584,0.00601,-0.00904,84959.4,1451.7,39.920087,32.854114,1451.8,8.4,2,OK
2440,ASCENT,-3.737,-0.0624,1.0835,0.00493,-0.0004,-0.02195,85033.5,1453.2,39.92009,32.854061,1453.2,8.4,2,OK
2450,ASCENT,-3.7332,0.0614,0.9942,0.01064,-0.00978,0.02814,85020.8,1456.8,39.920114,32.854166,1456.9,8.4,2,OK
2460,ASCENT,-3.7011,0.0053,1.0263,-0.00651,0.001,-0.00284,85075.7,1460.0,39.920101,32.854102,1460.0,8.4,2,OK
2470,ASCENT,-3.7785,0.0489,0.9981,-0.01581,0.00704,0.01941,85024.6,1461.8,39.920077,32.854108,1461.7,8.4,2,OK
2480,ASCENT,-3.7144,-0.0706,0.9309,0.00491,0.02064,0.01362,84997.5,1462.9,39.920125,32.854046,1462.9,8.4,2,OK
2490,ASCENT,-3.7164,0.0305,0.9888,0.01138,0.00018,-0.00499,84950.1,1466.7,39.920135,32.854131,1466.8,8.4,2,OK
2500,ASCENT,-3.7217,-0.0119,0.9522,-0.00282,0.00241,0.01441,84926.6,1468.6,39.920129,32.854092,1468.7,8.4,2,OK
2510,ASCENT,-3.6599,-0.0595,1.0824,-0.00181,0.00448,0.00546,84877.0,1470.5,39.920062,32.854078,1470.6,8.4,2,OK
2520,ASCENT,-3.7322,-0.003,1.0328,-0.00727,0.0004,-0.00312,84780.5,1472.7,39.920142,32.854114,1472.6,8.4,2,OK
2530,ASCENT,-3.7137,-0.0094,1.0176,0.00471,-0.01336,0.00938,84844.8,1475.7,39.920078,32.854106,1475.7,8.4,2,OK
2540,ASCENT,-3.679,-0.0325,1.0524,-0.00761,0.00568,-0.00743,84828.5,1477.6,39.920054,32.854133,1477.6,8.4,2,OK
2550,ASCENT,-3.6699,-0.0413,1.0057,-0.01256,-0.0017,0.01381,84787.9,1481.4,39.920068,32.854117,1481.5,8.4,2,OK
2560,ASCENT,-3.6424,-0.0036,0.9051,0.0034,0.00186,0.00558,84759.6,1482.3,39.920155,32.854103,1482.3,8.4,2,OK
2570,ASCENT,-3.5713,0.0101,0.9726,-0.0005,0.01347,0.01801,84683.8,1485.6,39.920167,32.854085,1485.5,8.4,2,OK
2580,ASCENT,-3.5944,0.1209,1.0729,0.0007,0.00806,-0.01648,84717.3,1488.5,39.920099,32.854123,1488.4,8.4,2,OK
2590,ASCENT,-3.6786,0.0431,0.9649,0.00348,-0.00266,0.00328,84609.2,1489.8,39.920128,32.854098,1490.0,8.4,2,OK
2600,ASCENT,-3.6931,0.0315,1.0595,-0.00653,-0.00127,-0.00171,84615.7,1491.8,39.920136,32.854108,1491.7,8.4,2,OK
2610,ASCENT,-3.555,-0.0324,0.9261,0.01423,-0.00393,0.01367,84675.8,1494.9,39.920107,32.85413,1495.0,8.4,2,OK
2620,ASCENT,-3.6122,0.0958,1.0002,0.00015,0.00402,-0.00429,84571.4,1497.3,39.920057,32.8541,1497.2,8.4,2,OK
2630,ASCENT,-3.6143,0.0263,0.9033,-0.01361,0.01974,-0.01047,84521.1,1499.8,39.920102,32.854078,1499.9,8.4,2,OK
2640,ASCENT,-3.635,0.0134,1.0213,0.02626,0.0135,0.00718,84434.1,1501.8,39.920064,32.854145,1501.7,8.4,2,OK
2650,ASCENT,-3.6124,-0.0614,0.9554,-0.00741,-0.00781,0.00522,84497.7,1504.1,39.920116,32.854095,1504.1,8.4,2,OK
2660,ASCENT,-3.5623,0.004,0.9569,0.00769,0.00445,0.00455,84484.7,1506.7,39.920119,32.854133,1506.8,8.4,2,OK
2670,ASCENT,-3.518,0.0316,1.0123,-0.00736,0.00701,0.02845,84461.7,1508.7,39.920088,32.854083,1508.9,8.4,2,OK
2680,ASCENT,-3.6026,-0.0379,1.0316,0.028,-0.00367,-0.01667,84397.5,1511.7,39.920135,32.85409,1511.6,8.4,2,OK
2690,ASCENT,-3.5327,-0.0249,0.9364,0.00397,-0.01787,-0.00444,84424.9,1514.0,39.920116,32.854098,1514.1,8.4,2,OK
2700,ASCENT,-3.54,0.0375,0.9328,0.0042,0.00546,0.0109,84340.3,1515.4,39.920112,32.854097,1515.2,8.4,2,OK
2710,ASCENT,-3.6467,0.0675,0.9392,-0.00329,0.00043,0.01781,84337.6,1518.0,39.920142,32.854087,1518.1,8.4,2,OK
2720,ASCENT,-3.5544,-0.0528,0.9975,-0.00319,-0.00749,-0.00221,84386.6,1520.7,39.920029,32.854071,1520.7,8.4,2,OK
2730,ASCENT,-3.5175,-0.0153,0.9877,0.01149,-0.00732,-0.00063,84391.4,1523.0,39.920092,32.854134,1523.1,8.4,2,OK
2740,ASCENT,-3.54,-0.0128,1.0115,0.00235,-0.01125,-0.00967,84280.6,1526.3,39.920079,32.85415,1526.3,8.4,2,OK
2750,ASCENT,-3.5282,-0.0085,0.9956,0.00296,0.0185,0.00086,84260.8,1526.3,39.920174,32.85413,1526.2,8.4,2,OK
2760,ASCENT,-3.5503,-0.0175,0.9064,-0.01149,0.0001,-0.00408,84180.9,1530.0,39.920119,32.854058,1530.2,8.4,2,OK
2770,ASCENT,-3.5598,0.0832,1.0281,0.00018,-0.01026,-0.0049,84153.9,1531.5,39.920111,32.854061,1531.5,8.4,2,OK
2780,ASCENT,-3.4823,0.0703,1.0617,-0.00756,0.00056,-0.00981,84180.9,1534.2,39.92008,32.854057,1534.1,8.4,2,OK
2790,ASCENT,-3.542,-0.08,1.0895,-0.00636,0.00321,0.00642,84094.1,1537.0,39.920094,32.854043,1537.2,8.4,2,OK
2800,ASCENT,-3.5336,-0.0749,1.1211,-0.00476,-0.0132,-0.02237,84130.7,1538.9,39.920082,32.854108,1538.9,8.4,2,OK
2810,ASCENT,-3.4891,0.0332,1.0444,0.0079,-0.01422,-0.01434,84070.0,1540.9,39.92012,32.854112,1541.0,8.4,2,OK
2820,ASCENT,-3.4549,0.0234,1.074,0.00115,-0.00304,-0.00838,84161.0,1543.9,39.920099,32.854146,1543.7,8.4,2,OK
2830,ASCENT,-3.4595,0.1191,0.9796,0.00026,-0.02003,-0.0076,84044.1,1546.4,39.920078,32.854146,1546.5,8.4,2,OK
2840,ASCENT,-3.4724,-0.0403,0.9477,-0.00618,-0.01035,-0.01564,84063.8,1548.3,39.920146,32.854077,1548.3,8.4,2,OK
2850,ASCENT,-3.4545,0.0387,0.9872,-0.00358,-0.01368,-0.00806,83972.3,1550.1,39.920112,32.854142,1550.0,8.4,2,OK
2860,ASCENT,-3.4858,-0.0346,0.966,0.01012,-0.00246,-0.0065,84017.7,1552.1,39.920124,32.85411,1552.3,8.4,2,OK
2870,ASCENT,-3.4417,0.0234,1.0583,0.00362,0.00256,0.00687,83990.1,1555.8,39.920097,32.854153,1555.9,8.4,2,OK
2880,ASCENT,-3.4184,0.018,0.9228,-0.00887,-0.00965,-0.00644,83949.7,1557.6,39.920105,32.854057,1557.6,8.4,2,OK
2890,ASCENT,-3.3812,0.008,0.9991,-0.00693,-0.00174,0.00092,83933.3,1559.4,39.920061,32.854066,1559.4,8.4,2,OK
2900,ASCENT,-3.4316,0.003,0.995,0.00399,-0.00542,0.00572,83954.8,1562.0,39.920119,32.854121,1562.0,8.4,2,OK
2910,ASCENT,-3.3425,-0.0315,1.0207,-0.00824,-0.00075,-0.00094,83877.2,1562.9,39.920096,32.854094,1563.0,8.4,2,OK
2920,ASCENT,-3.4293,-0.0241,0.9744,0.01108,0.00861,0.00078,83916.3,1566.1,39.920099,32.854071,1565.9,8.4,2,OK
2930,ASCENT,-3.3428,0.003,0.9407,0.00552,-0.01765,0.0055,83863.6,1568.9,39.920094,32.85412,1568.9,8.4,2,OK
2940,ASCENT,-3.2805,0.0387,1.0638,0.01469,0.0003,0.00559,83786.5,1571.1,39.920115,32.854072,1571.0,8.4,2,OK
2950,ASCENT,-3.3168,-0.0367,1.0366,-0.01,0.00357,0.00747,83846.0,1573.0,39.920092,32.854092,1572.9,8.4,2,OK
2960,ASCENT,-3.3963,-0.0036,0.9695,0.01383,0.00202,-0.01009,83765.1,1575.4,39.920193,32.85411,1575.4,8.4,2,OK
2970,ASCENT,-3.4426,0.0997,0.9133,-0.00396,0.01455,0.00376,83715.1,1577.1,39.920085,32.854113,1577.2,8.4,2,OK
2980,ASCENT,-3.3204,-0.0665,0.9327,-0.00226,0.00304,-0.01138,83721.7,1579.2,39.920114,32.854137,1579.3,8.4,2,OK
2990,ASCENT,-3.3731,-0.0256,1.0168,-0.021,-0.00786,0.01205,83632.5,1582.0,39.920163,32.854099,1582.0,8.4,2,OK
3000,ASCENT,-3.3468,0.106,1.041,0.00576,-0.01003,0.01278,83694.6,1583.8,39.920056,32.854028,1583.8,8.4,2,OK
3010,ASCENT,-3.4206,0.1059,0.9871,9e-05,0.00888,0.01122,83659.3,1586.2,39.920108,32.854119,1586.2,8.4,2,OK
3020,ASCENT,-3.2448,0.0238,0.9806,0.01623,0.00543,0.03271,83600.3,1588.0,39.920111,32.854114,1588.2,8.4,2,OK
3030,ASCENT,-3.2613,0.0352,1.0703,0.01229,0.006,0.00204,83608.0,1591.0,39.920117,32.854101,1590.9,8.4,2,OK
3040,ASCENT,-3.3369,-0.0014,1.025,-0.00627,0.01466,-0.00268,83613.3,1592.8,39.920051,32.854072,1592.9,8.4,2,OK
3050,ASCENT,-3.2362,-0.0185,1.0559,-0.00467,0.00868,-0.00671,83526.4,1595.0,39.920109,32.854141,1595.0,8.4,2,OK
3060,ASCENT,-3.339,0.0922,0.9806,0.00766,-0.00239,-0.00378,83614.1,1597.0,39.920032,32.854128,1597.0,8.4,2,OK
3070,ASCENT,-3.1931,-0.0341,1.0206,-0.00442,-0.01574,-0.00866,83524.8,1600.3,39.920112,32.854091,1600.2,8.4,2,OK
3080,ASCENT,-3.28,0.0548,0.9702,0.0001,0.0,0.0026,83515.2,1602.9,39.920036,32.854111,1602.9,8.4,2,OK
3090,ASCENT,-3.2512,-0.0027,0.9728,-0.00948,0.03024,-0.00716,83401.1,1604.1,39.920103,32.854067,1604.1,8.4,2,OK
3100,ASCENT,-3.2328,-0.0886,0.9404,0.01529,0.01022,0.00577,83460.9,1605.9,39.920087,32.854101,1605.9,8.4,2,OK
3110,ASCENT,-3.1933,-0.0243,1.0179,-0.00894,-0.02255,0.00407,83420.8,1608.7,39.920069,32.854103,1608.6,8.4,2,OK
3120,ASCENT,-3.2799,-0.0182,1.0977,0.00352,0.00339,-0.0037,83299.0,1610.4,39.920126,32.854116,1610.4,8.4,2,OK
3130,ASCENT,-3.1986,-0.0296,1.0885,0.00876,-0.02203,-0.01514,83362.3,1612.8,39.920064,32.854168,1612.8,8.4,2,OK
3140,ASCENT,-3.263,-0.0191,1.0305,-0.01629,0.01597,0.00182,83309.7,1615.7,39.920075,32.854059,1615.7,8.4,2,OK
3150,ASCENT,-3.2447,-0.0634,0.9767,-0.00686,0.01547,-0.00082,83314.5,1617.8,39.920107,32.854098,1617.6,8.4,2,OK
3160,ASCENT,-3.2213,-0.0377,0.9566,0.01236,0.00311,0.00367,83376.6,1620.1,39.920121,32.85405,1620.0,8.4,2,OK
3170,ASCENT,-3.1713,-0.0696,0.9252,-0.00053,-0.01655,0.00529,83391.9,1621.7,39.920123,32.854085,1621.8,8.4,2,OK
3180,ASCENT,-3.249,-0.108,0.9489,0.00101,-0.01078,0.00424,83344.3,1623.7,39.9201,32.854073,1623.7,8.4,2,OK
3190,ASCENT,-3.1737,0.1234,0.9865,-0.00576,0.00212,0.00382,83306.4,1625.9,39.920083,32.854135,1626.0,8.4,2,OK
3200,ASCENT,-3.203,-0.0409,0.9624,0.01786,0.00887,-0.00678,83242.8,1628.3,39.920086,32.854127,1628.3,8.4,2,OK
3210,ASCENT,-3.1825,0.0114,0.9679,0.01694,-0.0105,0.00428,83295.7,1630.1,39.920076,32.854074,1630.0,8.4,2,OK
3220,ASCENT,-3.2423,-0.1077,0.9749,-0.01488,0.01086,-0.01308,83150.6,1632.8,39.920143,32.854126,1632.7,8.4,2,OK
3230,ASCENT,-3.1367,-0.0085,0.9625,0.00091,0.00955,0.00809,83149.2,1634.5,39.920053,32.854063,1634.5,8.4,2,OK
3240,ASCENT,-3.1565,-0.0594,1.0094,-0.00704,0.01431,0.00909,83231.3,1636.8,39.92006,32.8541,1636.8,8.4,2,OK
3250,ASCENT,-3.1385,0.0345,1.0136,-0.01853,-0.00967,0.00565,82984.9,1638.8,39.920133,32.854105,1638.7,8.4,2,OK
3260,ASCENT,-3.1808,0.0179,1.0811,0.0036,0.00462,0.00791,83129.9,1640.3,39.92008,32.854111,1640.3,8.4,2,OK
3270,ASCENT,-3.1344,0.0089,1.0222,-0.00103,0.01642,0.00311,83128.0,1643.3,39.92011,32.854068,1643.1,8.4,2,OK
3280,ASCENT,-3.0956,0.04,1.0643,-0.00295,0.00468,0.00506,82968.5,1646.0,39.920088,32.85413,1646.2,8.4,2,OK
3290,ASCENT,-3.1418,0.0434,1.0165,0.01181,0.0189,0.00743,83029.3,1647.4,39.920115,32.854096,1647.4,8.4,2,OK
3300,ASCENT,-3.0557,-0.0217,1.0995,-0.00423,-0.00666,-0.00551,82869.6,1650.4,39.920073,32.854196,1650.5,8.4,2,OK
3310,ASCENT,-3.1162,0.0422,1.0194,-0.0054,0.00787,-0.00698,82900.4,1651.1,39.920058,32.854069,1651.0,8.4,2,OK
3320,ASCENT,-3.1675,-0.0523,0.9697,0.0152,-0.00614,0.00881,82964.6,1653.8,39.920077,32.854098,1653.7,8.4,2,OK
3330,ASCENT,-3.1129,0.0495,0.9775,0.00145,-0.00084,-0.00868,82913.9,1655.9,39.920075,32.854043,1655.9,8.4,2,OK
3340,ASCENT,-3.1294,0.0442,1.0397,0.01853,-0.00787,-0.02561,82951.2,1657.8,39.920104,32.85411,1657.9,8.4,2,OK
3350,ASCENT,-3.0483,-0.0548,1.005,-0.00623,-0.00621,-0.00649,82837.5,1659.8,39.92006,32.854093,1659.7,8.4,2,OK
3360,ASCENT,-3.0671,-0.0372,1.018,0.00716,-0.00094,0.01079,82919.7,1662.3,39.920087,32.854036,1662.3,8.4,2,OK
3370,ASCENT,-3.0466,-0.0175,1.0275,0.00426,-0.00561,0.01109,82829.4,1663.9,39.920144,32.854131,1663.9,8.4,2,OK
3380,ASCENT,-3.0613,-0.0454,0.9821,0.00247,0.01129,-0.00322,82853.3,1665.9,39.920091,32.854095,1665.9,8.4,2,OK
3390,ASCENT,-3.1748,-0.0002,1.0449,0.00813,-0.00048,-0.00271,82810.3,1668.5,39.920098,32.854093,1668.5,8.4,2,OK
3400,ASCENT,-3.1179,-0.0875,1.0125,0.00505,-0.01429,0.01785,82802.5,1670.4,39.920123,32.854065,1670.3,8.4,2,OK
3410,ASCENT,-2.9073,0.0803,1.0183,-0.00989,0.0106,-0.01498,82782.7,1673.6,39.920029,32.854088,1673.7,8.4,2,OK
3420,ASCENT,-3.0081,-0.0654,1.0015,-0.00348,0.01227,-0.0085,82754.7,1675.0,39.920058,32.854054,1675.0,8.4,2,OK
3430,ASCENT,-3.0087,-0.1556,0.9951,0.01141,-0.00881,0.0035,82707.6,1677.4,39.920089,32.854101,1677.5,8.4,2,OK
3440,ASCENT,-2.9827,-0.0665,0.9697,-0.00568,-0.00066,0.00067,82707.7,1678.9,39.920099,32.854106,1678.7,8.4,2,OK
3450,ASCENT,-3.0326,-0.0689,0.9663,0.0147,-0.00586,0.00758,82664.7,1680.8,39.920093,32.854145,1680.6,8.4,2,OK
3460,ASCENT,-3.1164,-0.0406,0.9632,-0.02015,-0.01018,0.012,82675.5,1683.4,39.920073,32.854046,1683.3,8.4,2,OK
3470,ASCENT,-2.9695,0.0315,1.0012,-0.00321,-0.00201,0.02037,82633.2,1684.4,39.920133,32.854048,1684.3,8.4,2,OK
3480,ASCENT,-3.018,0.0297,1.0254,-0.0087,0.00087,-0.00899,82731.4,1687.2,39.920103,32.854058,1687.2,8.4,2,OK
3490,ASCENT,-3.0607,-0.0223,1.0289,0.00523,-0.01099,-0.00541,82571.2,1689.6,39.920092,32.854116,1689.6,8.4,2,OK
3500,ASCENT,-2.915,0.0589,0.9266,-0.01102,-0.00834,-0.00855,82612.2,1691.5,39.920134,32.854111,1691.5,8.4,2,OK
3510,ASCENT,-2.9851,0.0091,1.062,0.00785,-0.00962,-0.00513,82521.6,1693.6,39.920113,32.854113,1693.5,8.4,2,OK
3520,ASCENT,-2.9774,-0.0026,1.0486,-0.00337,0.00828,0.00187,82468.6,1695.0,39.92013,32.854142,1695.0,8.4,2,OK
3530,ASCENT,-2.9237,-0.0456,1.0268,-0.00386,-0.00668,0.00257,82553.3,1696.9,39.920074,32.854113,1696.8,8.4,2,OK
3540,ASCENT,-3.0084,0.0944,1.0177,-0.00025,0.00844,0.0113,82493.5,1699.4,39.920051,32.854139,1699.6,8.4,2,OK
3550,ASCENT,-3.0708,-0.0453,1.0313,0.00255,-0.00488,-0.0065,82456.0,1701.9,39.92007,32.854088,1701.9,8.4,2,OK
3560,ASCENT,-3.0293,-0.137,0.9689,0.00148,0.00562,0.01127,82484.9,1703.6,39.920105,32.85404,1703.8,8.4,2,OK
3570,ASCENT,-2.9317,0.0137,1.0413,-0.0156,-0.00066,-0.00564,82456.1,1705.6,39.920129,32.854088,1705.7,8.4,2,OK
3580,ASCENT,-2.9914,-0.015,1.0214,0.00235,-0.01591,-0.01652,82373.1,1708.2,39.920108,32.854127,1708.1,8.4,2,OK
3590,ASCENT,-2.8572,-0.021,0.9744,-0.01191,0.00883,-0.00777,82373.0,1710.6,39.920072,32.854085,1710.3,8.4,2,OK
3600,ASCENT,-2.9436,-0.0944,1.041,0.01252,-0.00053,0.01014,82407.9,1711.4,39.920079,32.854042,1711.3,8.4,2,OK
3610,ASCENT,-2.9705,-0.0905,1.0686,0.00904,-0.01049,-3e-05,82372.5,1714.7,39.920104,32.854138,1714.6,8.4,2,OK
3620,ASCENT,-2.9243,-0.0195,1.0017,-0.01048,0.00802,-0.00976,82316.1,1716.1,39.92011,32.854026,1716.2,8.4,2,OK
3630,ASCENT,-2.8566,-0.0025,0.9861,0.01239,0.00039,0.00415,82352.6,1718.2,39.920082,32.854065,1718.1,8.4,2,OK
3640,ASCENT,-2.9229,0.0652,0.9632,-0.01436,0.0203,0.00305,82222.6,1720.5,39.9201,32.854118,1720.5,8.4,2,OK
3650,ASCENT,-2.7905,-0.0512,1.0803,0.01042,-0.00136,0.00037,82313.5,1721.9,39.92009,32.854091,1722.0,8.4,2,OK
3660,ASCENT,-2.9121,0.0397,1.0292,0.00803,-0.002,-0.00708,82257.0,1724.6,39.920062,32.854088,1724.6,8.4,2,OK
3670,ASCENT,-2.8206,0.0686,1.004,-0.00937,0.00012,0.00013,82200.9,1725.6,39.920091,32.854115,1725.6,8.4,2,OK
3680,ASCENT,-2.8655,-0.1435,1.0539,-0.01682,0.00113,0.01585,82207.5,1728.0,39.920065,32.854157,1728.0,8.4,2,OK
3690,ASCENT,-2.8156,-0.0438,1.0247,-0.00624,-0.02117,-0.00053,82267.7,1729.6,39.920105,32.854068,1729.5,8.4,2,OK
3700,ASCENT,-2.9326,0.1115,0.9953,-0.00432,-0.00956,0.0206,82272.2,1732.3,39.920138,32.854039,1732.2,8.4,2,OK
3710,ASCENT,-2.876,0.1498,1.0114,0.00617,-2e-05,0.0011,82151.4,1733.9,39.920114,32.854112,1734.0,8.4,2,OK
3720,ASCENT,-2.8196,-0.0586,0.989,0.00252,-0.00478,-0.00936,82043.1,1735.8,39.920094,32.854048,1735.7,8.4,2,OK
3730,ASCENT,-2.9276,0.037,0.9781,0.00537,-0.00714,-0.00783,82149.6,1739.0,39.920116,32.854133,1738.8,8.4,2,OK
3740,ASCENT,-2.8357,0.0193,0.9862,0.00367,-0.00312,0.00868,82058.0,1739.6,39.920155,32.854078,1739.6,8.4,2,OK
3750,ASCENT,-2.8329,-0.0093,0.965,0.00789,0.00822,0.01055,82226.8,1742.5,39.920128,32.854111,1742.4,8.4,2,OK
3760,ASCENT,-2.7729,0.0739,0.9372,0.00487,-0.01241,-0.01487,82070.7,1744.5,39.920124,32.854117,1744.6,8.4,2,OK
3770,ASCENT,-2.8439,-0.1002,0.9623,0.00872,0.01108,-0.00619,81991.3,1746.7,39.92005,32.854104,1746.7,8.4,2,OK
3780,ASCENT,-2.7344,0.0191,1.0454,0.00298,0.00379,-0.00945,82050.5,1748.0,39.920148,32.854117,1747.9,8.4,2,OK
3790,ASCENT,-2.7064,0.073,0.9978,0.0062,0.00397,-0.00766,82033.4,1750.0,39.920132,32.854153,1750.2,8.4,2,OK
3800,ASCENT,-2.8379,0.0356,0.9483,0.00492,-0.00177,-0.00026,82001.9,1752.9,39.920136,32.854032,1752.9,8.4,2,OK
3810,ASCENT,-2.8932,-0.0421,1.0813,0.02023,-0.00814,0.00527,81963.2,1754.6,39.920111,32.854111,1754.8,8.4,2,OK
3820,ASCENT,-2.8645,0.0446,1.0565,0.00188,0.002,0.00121,81919.8,1755.3,39.920082,32.854058,1755.4,8.4,2,OK
3830,ASCENT,-2.8076,0.0148,0.9586,-5e-05,0.00868,-0.01936,81882.3,1758.3,39.920096,32.854082,1758.3,8.4,2,OK
3840,ASCENT,-2.8169,0.0997,1.0907,5e-05,0.01782,0.0075,81880.5,1760.4,39.920083,32.854103,1760.5,8.4,2,OK
3850,ASCENT,-2.8112,0.0496,0.9666,-0.00669,0.00379,0.01528,81801.2,1762.8,39.920093,32.854067,1762.8,8.4,2,OK
3860,ASCENT,-2.8611,-0.0415,1.031,0.00437,0.01176,-0.01763,81828.3,1764.8,39.92012,32.854053,1764.8,8.4,2,OK
3870,ASCENT,-2.7269,0.0015,1.0252,0.00777,0.01287,-0.00535,81892.1,1766.7,39.920056,32.854122,1766.8,8.4,2,OK
3880,ASCENT,-2.8399,-0.06,0.9979,0.00716,-0.00627,-0.00685,81854.5,1768.2,39.920162,32.854047,1768.2,8.4,2,OK
3890,ASCENT,-2.7232,-0.0338,0.9961,0.00323,0.00484,-6e-05,81820.7,1769.5,39.920099,32.854141,1769.4,8.4,2,OK
3900,ASCENT,-2.7706,0.008,0.9564,0.01758,-0.0103,-0.00725,81671.7,1772.4,39.920134,32.854122,1772.5,8.4,2,OK
3910,ASCENT,-2.7717,-0.0071,1.0242,0.00807,0.01477,0.00372,81729.9,1774.5,39.920087,32.854117,1774.5,8.4,2,OK
3920,ASCENT,-2.8115,0.0317,0.9507,0.00671,-0.00533,0.00017,81765.4,1776.7,39.920121,32.854167,1776.6,8.4,2,OK
3930,ASCENT,-2.7893,-0.1178,0.9727,0.00784,0.00352,-0.00601,81741.5,1778.2,39.920079,32.854083,1778.0,8.4,2,OK
3940,ASCENT,-2.7852,-0.0473,0.9387,0.00171,0.00426,0.00402,81608.6,1779.9,39.920083,32.854086,1779.9,8.4,2,OK
3950,ASCENT,-2.6716,-0.0494,1.032,-0.00806,0.00849,-0.0016,81688.8,1781.1,39.920106,32.854092,1781.1,8.4,2,OK
3960,ASCENT,-2.7072,0.0083,0.9422,-0.00894,-0.0221,0.00565,81653.1,1783.2,39.92011,32.854121,1783.1,8.4,2,OK
3970,ASCENT,-2.6491,0.0493,0.9497,0.00719,-0.00158,0.00561,81618.2,1785.4,39.920104,32.854109,1785.4,8.4,2,OK
3980,ASCENT,-2.7946,0.1244,0.9337,-0.00773,0.00509,0.01341,81601.1,1787.1,39.920105,32.85413,1787.1,8.4,2,OK
3990,ASCENT,-2.6913,-0.0042,0.9762,-0.00846,0.01026,0.00387,81662.9,1789.8,39.920072,32.854081,1789.8,8.4,2,OK
4000,ASCENT,-2.6781,-0.0497,1.0085,0.00935,0.00393,0.00461,81558.9,1791.7,39.920081,32.85411,1791.7,8.4,2,OK
4010,ASCENT,-2.6451,0.0189,0.9369,-0.00216,0.00101,0.00229,81594.9,1793.7,39.920081,32.854076,1793.8,8.4,2,OK
4020,ASCENT,-2.7267,-0.0052,1.0236,0.02535,0.0019,0.00663,81505.2,1794.5,39.920133,32.854114,1794.1,8.4,2,OK
4030,ASCENT,-2.6063,0.0759,1.0468,-9e-05,-0.0235,0.00446,81528.3,1797.9,39.920116,32.854086,1797.7,8.4,2,OK
4040,ASCENT,-2.6097,-0.0995,0.9576,-0.01593,0.00044,0.00393,81529.6,1798.5,39.920116,32.854081,1798.5,8.4,2,OK
4050,ASCENT,-2.7088,0.0084,1.0121,-0.00264,0.00286,0.01002,81487.2,1801.1,39.920095,32.854077,1801.2,8.4,2,OK
4060,ASCENT,-2.6679,-0.0153,0.9745,-0.01646,0.00383,0.00232,81425.5,1803.5,39.920151,32.854087,1803.4,8.4,2,OK
4070,ASCENT,-2.7689,0.0685,0.9551,0.01811,-0.00352,-0.00269,81465.7,1805.7,39.920159,32.854109,1805.7,8.4,2,OK
4080,ASCENT,-2.7697,0.0572,1.001,-0.00995,0.00227,0.01013,81421.9,1807.1,39.920079,32.85413,1806.8,8.4,2,OK
4090,ASCENT,-2.5439,-0.0121,0.9768,0.01036,0.00472,0.00152,81395.2,1809.2,39.920186,32.854105,1809.2,8.4,2,OK
4100,ASCENT,-2.6947,-0.0668,1.0015,0.01371,0.00042,-0.00336,81397.8,1809.8,39.920118,32.854037,1809.9,8.4,2,OK
4110,ASCENT,-2.606,0.0326,1.0434,-0.01819,-0.01501,-0.00736,81375.4,1812.5,39.920109,32.854139,1812.6,8.4,2,OK
4120,ASCENT,-2.6458,-0.0095,0.8295,0.02411,0.00566,-0.00596,81319.5,1815.5,39.920104,32.854083,1815.7,8.4,2,OK
4130,ASCENT,-2.6454,0.0292,1.0555,0.02538,0.00317,0.00117,81383.3,1816.5,39.920084,32.85409,1816.3,8.4,2,OK
4140,ASCENT,-2.6739,0.0884,0.9543,-0.00728,0.01375,0.01127,81276.6,1818.3,39.92013,32.854065,1818.3,8.4,2,OK
4150,ASCENT,-2.633,0.0205,0.9302,0.00701,0.01118,-0.00311,81231.6,1820.0,39.920096,32.85408,1819.9,8.4,2,OK
4160,ASCENT,-2.6151,0.0441,0.9793,0.00273,-0.00269,0.00438,81241.6,1822.3,39.920064,32.854105,1822.3,8.4,2,OK
4170,ASCENT,-2.6082,0.1264,0.973,-0.01109,0.00209,0.00202,81233.0,1823.6,39.920047,32.854133,1823.5,8.4,2,OK
4180,ASCENT,-2.7002,-0.014,1.0239,0.01439,0.00733,0.00962,81251.3,1826.6,39.920099,32.854135,1826.7,8.4,2,OK
4190,ASCENT,-2.6968,-0.0138,0.9989,0.01137,0.01315,0.01199,81152.0,1828.3,39.920113,32.854079,1828.1,8.4,2,OK
4200,ASCENT,-2.5531,0.1008,1.1223,0.00178,0.00022,-0.01279,81159.9,1830.2,39.920083,32.854145,1830.3,8.4,2,OK
4210,ASCENT,-2.6328,-0.0031,1.0776,0.00368,0.01975,0.00897,81207.6,1831.4,39.920146,32.85417,1831.5,8.4,2,OK
4220,ASCENT,-2.6208,0.0836,1.0227,0.00051,-0.00328,-0.00162,81233.2,1833.4,39.920094,32.854102,1833.3,8.4,2,OK
4230,ASCENT,-2.5369,0.0101,0.9923,0.00528,0.00314,0.00058,81151.1,1835.3,39.920092,32.854091,1835.5,8.4,2,OK
4240,ASCENT,-2.6608,-0.0479,1.0447,0.00591,0.00172,0.00529,81097.6,1836.8,39.920099,32.854044,1836.7,8.4,2,OK
4250,ASCENT,-2.5577,0.0305,0.9258,0.00663,-0.02779,0.01225,81133.2,1838.1,39.920076,32.854137,1838.4,8.4,2,OK
4260,ASCENT,-2.5565,0.0213,1.0064,-0.00912,0.00781,-0.01448,81051.9,1841.5,39.920062,32.854156,1841.5,8.4,2,OK
4270,ASCENT,-2.5256,-0.0043,1.0763,0.00438,0.00176,-0.002,81118.9,1842.7,39.9201,32.854086,1842.6,8.4,2,OK
4280,ASCENT,-2.6521,0.0749,1.0352,-0.02479,0.00568,-0.00161,81044.0,1844.3,39.920087,32.854025,1844.4,8.4,2,OK
4290,ASCENT,-2.5931,-0.0736,1.0806,0.00203,-0.01383,0.00225,81059.6,1846.4,39.920116,32.853995,1846.5,8.4,2,OK
4300,ASCENT,-2.644,0.0205,1.0352,0.00763,0.00047,-0.00868,81049.1,1847.8,39.920059,32.854137,1847.8,8.4,2,OK
4310,ASCENT,-2.6537,0.0306,1.0249,0.00089,-0.00644,0.00855,80996.5,1849.0,39.920144,32.854151,1849.0,8.4,2,OK
4320,ASCENT,-2.5956,0.0271,1.0378,0.02133,-0.00062,-0.01344,80999.5,1851.3,39.920098,32.854131,1851.2,8.4,2,OK
4330,ASCENT,-2.5671,-0.0201,1.0994,-0.00096,0.00645,-0.00537,80930.5,1853.3,39.92013,32.854082,1853.2,8.4,2,OK
4340,ASCENT,-2.5298,0.0176,1.0359,-0.01153,-0.00963,-0.01084,80963.5,1855.0,39.920108,32.854103,1854.7,8.4,2,OK
4350,ASCENT,-2.5949,-0.0725,0.8898,0.00362,-0.01101,-0.01073,80944.1,1856.8,39.920119,32.854164,1856.7,8.4,2,OK
4360,ASCENT,-2.6102,-0.026,1.0508,0.00991,-0.00843,0.00998,80870.6,1859.3,39.920081,32.85408,1859.5,8.4,2,OK
4370,ASCENT,-2.5325,0.1222,0.9639,-0.00274,-0.00214,0.00146,80890.4,1860.8,39.920139,32.854054,1860.7,8.4,2,OK
4380,ASCENT,-2.5586,0.05,0.9867,-0.00286,-0.01452,0.00782,80914.4,1863.3,39.920094,32.854095,1863.3,8.4,2,OK
4390,ASCENT,-2.6058,-0.0011,0.8957,-0.00136,0.01448,0.01675,80929.8,1865.0,39.920099,32.854133,1865.0,8.4,2,OK
4400,ASCENT,-2.5618,0.0643,0.9599,-0.0118,-0.00204,0.01763,80730.4,1867.7,39.92009,32.854064,1867.8,8.4,2,OK
4410,ASCENT,-2.5553,-0.0239,1.0273,0.0067,-0.02667,-0.00067,80861.5,1869.6,39.92005,32.854089,1869.5,8.4,2,OK
4420,ASCENT,-2.5069,0.0017,0.9457,0.00036,0.00846,-0.01941,80827.4,1870.2,39.920061,32.854108,1870.2,8.4,2,OK
4430,ASCENT,-2.5262,0.0427,0.9889,-0.00456,-0.00139,0.00848,80721.2,1872.4,39.920104,32.854152,1872.3,8.4,2,OK
4440,ASCENT,-2.52,-0.0816,0.9612,0.01026,-0.00621,-0.00626,80790.2,1874.6,39.920106,32.854127,1874.6,8.4,2,OK
4450,ASCENT,-2.5391,-0.0347,0.9842,0.00021,0.00759,0.00024,80720.8,1875.7,39.920124,32.854077,1875.7,8.4,2,OK
4460,ASCENT,-2.4584,0.0904,0.9881,-0.00171,-0.01317,-0.01037,80761.0,1877.4,39.920099,32.854083,1877.5,8.4,2,OK
4470,ASCENT,-2.4345,-0.0248,1.012,-0.00268,0.00718,0.01007,80697.0,1879.1,39.920125,32.854059,1879.1,8.4,2,OK
4480,ASCENT,-2.5422,0.0238,0.9675,0.00052,-0.01147,0.00429,80664.0,1881.8,39.920095,32.854113,1881.6,8.4,2,OK
4490,ASCENT,-2.3336,-0.006,1.0822,0.00975,-0.02156,0.00563,80681.0,1884.3,39.920069,32.85411,1884.2,8.4,2,OK
4500,ASCENT,-2.5322,-0.0429,1.0743,0.00103,-0.00559,-0.01145,80569.3,1883.9,39.920103,32.854134,1883.8,8.4,2,OK
4510,ASCENT,-2.516,-0.054,1.1048,-0.01762,-0.00346,0.01265,80642.2,1885.9,39.920133,32.854103,1886.0,8.4,2,OK
4520,ASCENT,-2.3785,-0.0267,1.0488,-0.01372,-0.00253,0.00103,80609.9,1888.2,39.920169,32.854096,1888.2,8.4,2,OK
4530,ASCENT,-2.4597,0.0082,0.9108,-0.0162,-0.01836,0.00379,80640.7,1889.6,39.920101,32.854091,1889.5,8.4,2,OK
4540,ASCENT,-2.5076,0.0594,0.9882,0.00641,9e-05,0.00383,80663.6,1891.6,39.920084,32.854155,1891.6,8.4,2,OK
4550,ASCENT,-2.4265,-0.0421,1.0923,-0.00259,0.00035,-0.00523,80627.7,1893.7,39.920073,32.854067,1893.9,8.4,2,OK
4560,ASCENT,-2.353,0.0063,1.0071,-0.01774,0.00685,0.00323,80504.8,1895.6,39.920076,32.854126,1895.5,8.4,2,OK
4570,ASCENT,-2.3511,-0.0753,1.021,-0.0007,-0.01399,0.00385,80602.2,1897.4,39.920093,32.854141,1897.3,8.4,2,OK
4580,ASCENT,-2.4146,-0.0479,0.9309,-0.00181,0.00837,-0.00435,80432.2,1899.1,39.920083,32.854162,1899.1,8.4,2,OK
4590,ASCENT,-2.4622,-0.0507,0.9928,0.01891,-0.00095,-0.00036,80337.2,1901.3,39.920106,32.854098,1901.4,8.4,2,OK
4600,ASCENT,-2.499,-0.0131,1.0098,-0.00203,0.01538,0.00341,80498.1,1902.9,39.920129,32.854128,1903.0,8.4,2,OK
4610,ASCENT,-2.4298,-0.0046,1.0861,0.01622,-8e-05,-0.00454,80475.4,1905.3,39.920109,32.854089,1905.3,8.4,2,OK
4620,ASCENT,-2.4673,0.0132,1.0452,0.01289,0.0097,-0.00276,80421.6,1906.7,39.920067,32.854124,1906.7,8.4,2,OK
4630,ASCENT,-2.3571,0.0124,0.9498,-0.01739,-0.00873,-0.00048,80372.8,1907.0,39.920093,32.854092,1906.9,8.4,2,OK
4640,ASCENT,-2.3397,-0.028,0.9986,-0.00768,-0.00769,0.01011,80327.6,1909.7,39.920099,32.854104,1909.5,8.4,2,OK
4650,ASCENT,-2.3784,0.1115,1.0724,0.028,0.00758,0.00163,80336.8,1912.1,39.920103,32.854077,1912.1,8.4,2,OK
4660,ASCENT,-2.4521,-0.0069,0.9272,-0.01147,-0.00883,0.00414,80400.4,1913.5,39.92012,32.854138,1913.6,8.4,2,OK
4670,ASCENT,-2.3587,0.0188,0.8827,-0.0029,-0.00306,0.01153,80257.1,1915.9,39.920138,32.854059,1915.8,8.4,2,OK
4680,ASCENT,-2.4256,0.0325,1.0527,-0.00433,-0.0004,-0.0003,80170.3,1917.8,39.920074,32.8541,1917.7,8.4,2,OK
4690,ASCENT,-2.4119,0.0032,0.9882,-0.00453,-0.00166,-7e-05,80317.6,1917.8,39.920088,32.854144,1917.9,8.4,2,OK
4700,ASCENT,-2.4522,-0.0621,1.0626,0.01487,-0.01148,-0.00458,80306.3,1920.4,39.920053,32.854044,1920.4,8.4,2,OK
4710,ASCENT,-2.42,0.0208,0.9817,0.00845,0.00285,-0.00647,80278.7,1922.2,39.920146,32.854128,1922.3,8.4,2,OK
4720,ASCENT,-2.4198,-0.0072,1.0633,0.00883,-0.00306,0.00642,80278.1,1924.1,39.920064,32.854095,1924.1,8.4,2,OK
4730,ASCENT,-2.4211,-0.0541,1.0032,0.01684,0.00583,0.00082,80280.0,1925.7,39.920084,32.854095,1925.6,8.4,2,OK
4740,ASCENT,-2.3661,-0.0058,0.9874,-0.00534,-0.00654,0.00339,80184.7,1927.3,39.920064,32.854103,1927.3,8.4,2,OK
4750,ASCENT,-2.3718,0.0351,0.9879,-0.00567,-0.01044,-0.00593,80150.7,1929.2,39.920103,32.854066,1929.0,8.4,2,OK
4760,ASCENT,-2.4015,-0.0547,1.0687,-0.00403,-0.00216,0.01072,80271.0,1930.0,39.920166,32.854005,1930.0,8.4,2,OK
4770,ASCENT,-2.3871,0.0406,0.9544,-0.00172,0.00515,-0.01184,80255.0,1931.9,39.920083,32.854095,1931.9,8.4,2,OK
4780,ASCENT,-2.2813,-0.0759,0.98,-0.00268,-0.01722,0.00819,80212.8,1933.9,39.920149,32.854091,1933.9,8.4,2,OK
4790,ASCENT,-2.3349,-0.0544,0.9767,-0.00325,0.0095,-0.00785,80054.6,1937.0,39.920144,32.854064,1937.0,8.4,2,OK
4800,ASCENT,-2.3794,0.075,0.9797,0.00184,-0.00782,-0.00992,80081.8,1937.3,39.920107,32.854033,1937.3,8.4,2,OK
4810,ASCENT,-2.3022,-0.0699,0.8841,0.0111,-0.00214,0.01831,80132.3,1938.7,39.920097,32.854088,1938.6,8.4,2,OK
4820,ASCENT,-2.3207,0.0504,0.9498,-0.01368,0.01473,-0.00778,80095.5,1942.1,39.920109,32.854089,1942.2,8.4,2,OK
4830,ASCENT,-2.3691,-0.0072,1.03,-0.00064,0.00489,-0.00454,80138.9,1942.5,39.920142,32.854131,1942.5,8.4,2,OK
4840,ASCENT,-2.2777,-0.0317,0.9976,0.01768,-0.01398,0.00518,80036.5,1945.8,39.920093,32.854059,1945.9,8.4,2,OK
4850,ASCENT,-2.3477,0.0778,0.9984,-0.01154,0.01536,-0.00366,79929.8,1946.0,39.920083,32.854049,1945.9,8.4,2,OK
4860,ASCENT,-2.3579,-0.0362,1.096,-0.00348,0.00384,-0.01566,79977.0,1949.0,39.920128,32.854096,1949.1,8.4,2,OK
4870,ASCENT,-2.358,-0.038,0.9805,0.0035,-0.00462,0.0005,79996.2,1949.4,39.920101,32.854081,1949.4,8.4,2,OK
4880,ASCENT,-2.3624,-0.0503,1.0529,0.00273,0.01172,-0.01979,79946.8,1950.4,39.920063,32.854092,1950.4,8.4,2,OK
4890,ASCENT,-2.3847,0.0007,0.974,0.01383,-0.00104,0.01774,79986.9,1953.0,39.920098,32.854088,1953.1,8.4,2,OK
4900,ASCENT,-2.4571,0.0636,1.0944,-0.00018,-0.01293,-0.0042,79882.5,1955.1,39.920144,32.854179,1955.1,8.4,2,OK
4910,ASCENT,-2.385,0.0038,1.0241,-0.00586,0.00147,-0.01442,79910.7,1957.3,39.920131,32.854093,1957.3,8.4,2,OK
4920,ASCENT,-2.2786,-0.0243,1.006,-0.01706,-0.00231,0.00795,79887.7,1958.3,39.920104,32.854096,1958.2,8.4,2,OK
4930,ASCENT,-2.2631,-0.0187,1.0471,-0.00092,-0.0085,0.00092,79830.4,1959.6,39.920061,32.854063,1959.7,8.4,2,OK
4940,ASCENT,-2.2858,0.038,1.0019,0.00053,0.02328,0.0063,79899.5,1961.6,39.920158,32.854043,1961.5,8.4,2,OK
4950,ASCENT,-2.3263,-0.0652,0.9288,-0.002,0.01046,-0.0003,79780.9,1963.1,39.920094,32.854073,1963.1,8.4,2,OK
4960,ASCENT,-2.2611,0.0095,0.9781,-0.00726,-0.00548,-0.00193,79790.0,1965.3,39.920045,32.85408,1965.3,8.4,2,OK
4970,ASCENT,-2.2381,0.038,1.0383,0.0171,0.01851,0.00951,79804.5,1967.4,39.920099,32.854088,1967.5,8.4,2,OK
4980,ASCENT,-2.3039,0.0861,1.0228,0.01458,0.003,0.01444,79917.9,1968.1,39.920129,32.854107,1968.2,8.4,2,OK
4990,ASCENT,-2.3051,-0.0934,1.0266,0.01969,-0.01583,0.0161,79758.9,1970.1,39.920067,32.854062,1970.1,8.4,2,OK
5000,ASCENT,-2.2501,-0.0607,1.0168,-0.00277,0.00034,0.00696,79749.1,1972.6,39.920072,32.854103,1972.6,8.4,2,OK
5010,ASCENT,-2.328,-0.0104,1.0353,-0.01605,-0.0158,-0.00334,79675.1,1973.7,39.920084,32.854086,1973.7,8.399,2,OK
5020,ASCENT,-2.3129,0.0244,1.0047,0.00124,0.01215,-0.006,79733.3,1975.8,39.92014,32.854145,1975.8,8.399,2,OK
5030,ASCENT,-2.2509,0.084,0.9797,-0.0046,-0.01213,0.00557,79769.5,1976.7,39.920065,32.854104,1976.8,8.399,2,OK
5040,ASCENT,-2.1717,0.007,1.0363,0.00274,0.00997,0.00519,79724.1,1979.7,39.920153,32.854132,1979.5,8.399,2,OK
5050,ASCENT,-2.2977,0.0013,0.9656,0.00626,-0.00253,0.01579,79728.2,1980.7,39.920042,32.854097,1980.7,8.399,2,OK
5060,ASCENT,-2.2174,0.0024,0.886,0.00589,-0.00334,-0.00912,79726.2,1982.3,39.920128,32.854095,1982.4,8.399,2,OK
5070,ASCENT,-2.2662,-0.0318,0.9979,-0.01046,-0.01685,0.00832,79664.8,1983.5,39.920133,32.854054,1983.5,8.399,2,OK
5080,ASCENT,-2.2393,-0.0665,1.0516,-0.00186,-0.00137,0.00418,79660.9,1985.7,39.920115,32.854065,1985.8,8.399,2,OK
5090,ASCENT,-2.2455,-0.0058,0.9428,-0.0036,-0.01409,0.00607,79533.0,1987.2,39.920109,32.854098,1987.3,8.399,2,OK
5100,ASCENT,-2.2913,-0.0269,1.0074,-0.00191,-0.00423,-0.00351,79560.3,1990.1,39.920085,32.854216,1990.1,8.399,2,OK
5110,ASCENT,-2.2056,0.0454,0.978,0.01609,0.00566,0.00973,79560.1,1990.7,39.920116,32.854142,1990.7,8.399,2,OK
5120,ASCENT,-2.2017,0.0126,0.9374,-0.0009,0.00221,-0.00416,79567.0,1992.3,39.920121,32.854123,1992.3,8.399,2,OK
5130,ASCENT,-2.1512,-0.0041,0.9756,0.01544,0.01386,0.00444,79580.5,1993.8,39.920102,32.854093,1993.8,8.399,2,OK
5140,ASCENT,-2.2246,0.0301,1.0355,-0.00906,-0.00573,-0.00529,79584.0,1994.9,39.920074,32.854075,1995.0,8.399,2,OK
5150,ASCENT,-2.2432,0.0416,1.0369,0.00538,0.00074,-0.00524,79581.3,1996.7,39.920121,32.854076,1996.7,8.399,2,OK
5160,ASCENT,-2.2867,-0.0208,0.926,-0.01564,-0.00371,-0.00085,79533.1,1998.3,39.920098,32.85412,1998.3,8.399,2,OK
5170,ASCENT,-2.2211,0.0269,1.0459,-0.00338,0.01063,-0.01123,79503.3,2000.1,39.920132,32.854159,2000.1,8.399,2,OK
5180,ASCENT,-2.2379,-0.0471,0.8829,-0.01122,0.00467,-0.01312,79513.3,2002.3,39.920086,32.854066,2002.3,8.399,2,OK
5190,ASCENT,-2.225,-0.0153,0.964,0.01391,-0.01041,0.00073,79508.3,2004.3,39.920089,32.85412,2004.3,8.399,2,OK
5200,ASCENT,-2.1857,0.0236,1.0336,-0.01461,0.0046,-0.01017,79543.6,2005.1,39.920093,32.854074,2005.2,8.399,2,OK
5210,ASCENT,-2.2355,0.0021,1.0272,-0.00396,0.0154,-0.00606,79508.1,2007.5,39.920077,32.854093,2007.5,8.399,2,OK
5220,ASCENT,-2.1962,-0.0123,1.0035,0.00164,-0.00599,-0.00555,79400.9,2008.6,39.920088,32.854111,2008.4,8.399,2,OK
5230,ASCENT,-2.2203,0.0814,1.0088,-0.00483,-0.00016,-0.01215,79340.1,2010.2,39.920093,32.85401,2010.1,8.399,2,OK
5240,ASCENT,-2.1614,0.0694,0.9773,-0.01037,0.01147,0.00065,79352.6,2013.2,39.920153,32.854094,2013.3,8.399,2,OK
5250,ASCENT,-2.2507,-0.0517,1.0333,-0.00197,0.00052,0.00556,79419.1,2012.6,39.920091,32.854119,2012.7,8.399,2,OK
5260,ASCENT,-2.2014,0.0028,0.9483,0.00147,-0.00361,-0.01343,79310.5,2015.5,39.920089,32.854084,2015.6,8.399,2,OK
5270,ASCENT,-2.1889,0.0231,1.0324,0.00687,0.00606,-0.0138,79312.4,2016.4,39.92008,32.854063,2016.2,8.399,2,OK
5280,ASCENT,-2.2023,-0.0397,0.9783,0.01091,-0.00162,0.00696,79236.5,2018.5,39.920098,32.854057,2018.5,8.399,2,OK
5290,ASCENT,-2.1671,0.0007,1.0454,-0.00764,0.00018,0.00184,79216.5,2020.8,39.920075,32.854199,2020.8,8.399,2,OK
5300,ASCENT,-2.212,0.012,0.9544,-0.00471,0.00924,-0.0175,79263.2,2021.0,39.92008,32.85409,2020.9,8.399,2,OK
5310,ASCENT,-2.187,0.01,0.9277,0.00493,-0.00331,-0.00167,79222.7,2023.8,39.920136,32.854151,2023.9,8.399,2,OK
5320,ASCENT,-2.2856,0.0055,1.0586,-0.00862,-0.00424,0.00525,79237.3,2024.4,39.920129,32.854107,2024.5,8.399,2,OK
5330,ASCENT,-2.1726,-0.0553,0.9225,-0.00327,0.00338,0.0147,79194.6,2026.2,39.920099,32.854112,2026.2,8.399,2,OK
5340,ASCENT,-2.2096,0.0222,1.042,0.00149,0.00789,0.00194,79179.3,2028.3,39.920083,32.854143,2028.4,8.399,2,OK
5350,ASCENT,-2.1574,-0.0287,0.9937,0.00118,-0.03016,-0.00392,79218.3,2029.9,39.920126,32.854093,2029.9,8.399,2,OK
5360,ASCENT,-2.1734,-0.0924,1.0754,-0.00271,0.0022,-0.00513,79226.0,2030.5,39.920041,32.854081,2030.5,8.399,2,OK
5370,ASCENT,-2.1962,-0.0401,0.9613,0.0097,-0.01214,0.00301,79211.4,2033.1,39.920096,32.854128,2033.1,8.399,2,OK
5380,ASCENT,-2.2318,0.0188,1.0237,-0.00525,0.0149,-0.0046,79177.4,2034.8,39.920146,32.854089,2034.7,8.399,2,OK
5390,ASCENT,-2.0758,0.0226,1.0162,-0.01302,-0.00196,-0.00975,79111.7,2036.0,39.920084,32.854051,2036.2,8.399,2,OK
5400,ASCENT,-2.1615,0.0235,1.0342,0.00134,0.0067,0.00753,79105.1,2037.9,39.920141,32.854083,2037.9,8.399,2,OK
5410,ASCENT,-2.1775,-0.0177,0.927,-0.00651,0.00266,0.01266,78970.4,2039.7,39.920117,32.85408,2039.7,8.399,2,OK
5420,ASCENT,-2.1534,-0.0012,0.999,0.01086,0.0094,0.00667,79140.5,2040.1,39.920088,32.854125,2040.0,8.399,2,OK
5430,ASCENT,-2.0418,0.0573,0.9789,-0.00045,-0.01301,-0.00014,79049.2,2042.0,39.920125,32.854109,2041.9,8.399,2,OK
5440,ASCENT,-2.1378,0.0373,0.9417,0.01848,-0.00017,-0.00081,79112.4,2044.0,39.920086,32.854046,2043.9,8.399,2,OK
5450,ASCENT,-2.0927,0.0686,0.9866,-0.00166,0.00329,-0.00832,79053.2,2045.8,39.920055,32.854093,2045.8,8.399,2,OK
5460,ASCENT,-2.2233,-0.0241,0.9978,0.01796,0.00662,-0.0041,79004.4,2047.5,39.920123,32.854053,2047.4,8.399,2,OK
5470,ASCENT,-2.0667,0.0687,0.9058,-0.03002,-0.01529,-0.0002,79038.2,2048.9,39.920085,32.854061,2048.9,8.399,2,OK
5480,ASCENT,-2.1133,0.045,0.9565,-0.00542,0.01075,-0.00133,79037.3,2050.2,39.920158,32.854107,2050.3,8.399,2,OK
5490,ASCENT,-2.1519,-0.0642,0.9686,-0.00403,-0.0075,-0.00287,78969.5,2052.4,39.92005,32.854074,2052.2,8.399,2,OK
5500,ASCENT,-2.0934,-0.0394,0.9764,-0.01138,0.00742,0.00818,78929.5,2054.1,39.920132,32.854083,2054.2,8.399,2,OK
5510,ASCENT,-2.1266,-0.0151,0.9794,0.01756,-0.01162,-0.00564,78916.2,2054.8,39.920128,32.854152,2054.7,8.399,2,OK
5520,ASCENT,-2.1702,0.056,0.9301,-0.01307,0.00171,0.00549,78912.9,2055.8,39.920144,32.854092,2055.9,8.399,2,OK
5530,ASCENT,-2.1634,-0.0065,0.9515,0.01507,-0.00977,0.01078,78912.2,2058.2,39.920115,32.854079,2058.3,8.399,2,OK
5540,ASCENT,-2.0842,-0.0114,1.0311,-0.01298,-0.0117,-0.00689,78796.5,2060.1,39.9201,32.854111,2060.1,8.399,2,OK
5550,ASCENT,-2.0919,-0.0969,0.9523,-0.00578,0.00479,0.01417,78910.4,2061.5,39.920061,32.854109,2061.5,8.399,2,OK
5560,ASCENT,-2.127,0.0529,0.9445,0.02552,-0.01079,-0.00065,78880.7,2063.3,39.920095,32.854094,2063.3,8.399,2,OK
5570,ASCENT,-1.9894,0.0298,0.9822,-0.00455,-0.0155,-0.00161,78910.5,2064.5,39.920068,32.85408,2064.4,8.399,2,OK
5580,ASCENT,-2.1374,0.0485,0.9311,-0.01364,0.0086,-0.01261,78842.3,2066.4,39.92011,32.854117,2066.3,8.399,2,OK
5590,ASCENT,-2.0551,-0.1376,0.9481,0.00467,0.01393,0.00017,78829.0,2068.3,39.920143,32.854063,2068.3,8.399,2,OK
5600,ASCENT,-2.0973,-0.0217,1.1061,0.00282,0.00553,0.01192,78740.4,2068.8,39.920134,32.85411,2068.8,8.399,2,OK
5610,ASCENT,-2.2041,-0.0377,1.0497,0.00577,0.00395,-0.01497,78822.2,2071.2,39.920134,32.854174,2071.0,8.399,2,OK
5620,ASCENT,-2.1189,0.0006,1.0513,-0.01101,-0.01041,-0.01024,78714.1,2072.3,39.920099,32.854094,2072.2,8.399,2,OK
5630,ASCENT,-2.0817,-0.0098,0.9718,-7e-05,0.00712,-0.00411,78719.7,2074.3,39.92012,32.85408,2074.4,8.399,2,OK
5640,ASCENT,-1.9997,-0.0739,0.9307,-0.01383,0.00622,-4e-05,78725.7,2075.3,39.920084,32.854158,2075.2,8.399,2,OK
5650,ASCENT,-2.033,0.1019,1.0422,0.01082,-0.00521,-0.00743,78758.7,2077.5,39.920062,32.85406,2077.2,8.399,2,OK
5660,ASCENT,-2.0829,-0.0846,0.976,-0.00672,0.00118,0.00583,78713.8,2079.8,39.92013,32.854071,2079.6,8.399,2,OK
5670,ASCENT,-2.1467,-0.0391,1.0867,-0.00538,-0.01638,0.00898,78754.1,2079.9,39.92008,32.854081,2079.9,8.399,2,OK
5680,ASCENT,-2.0255,0.0264,1.01,-0.00143,-0.01445,0.00599,78663.8,2081.8,39.920134,32.85405,2082.0,8.399,2,OK
5690,ASCENT,-2.045,-0.0834,1.0167,0.00676,-0.00198,-0.02193,78772.0,2082.5,39.920071,32.85415,2082.4,8.399,2,OK
5700,ASCENT,-2.0267,0.0795,1.023,-0.00268,0.00659,0.01579,78740.9,2084.8,39.920084,32.854127,2084.8,8.399,2,OK
5710,ASCENT,-2.0444,-0.0427,1.0073,-0.00073,-0.00069,-0.0009,78646.3,2086.2,39.920083,32.854193,2086.1,8.399,2,OK
5720,ASCENT,-2.0774,-0.0661,1.0124,0.00334,0.01236,0.01216,78634.0,2087.7,39.92005,32.854103,2087.6,8.399,2,OK
5730,ASCENT,-2.1335,-0.0849,0.9386,-0.0085,0.01155,0.00588,78687.3,2090.0,39.920079,32.854153,2089.9,8.399,2,OK
5740,ASCENT,-2.071,0.0307,1.0457,0.00215,0.00132,0.00527,78621.4,2091.1,39.920105,32.85413,2090.9,8.399,2,OK
5750,ASCENT,-2.1126,0.082,1.0063,0.00756,-0.02068,-0.00522,78434.5,2092.7,39.920074,32.854139,2092.8,8.399,2,OK
5760,ASCENT,-1.9964,0.0277,1.0057,-0.00632,0.01263,0.01522,78544.0,2094.7,39.920074,32.854145,2094.8,8.399,2,OK
5770,ASCENT,-2.0693,-0.0543,1.0689,0.01631,0.00709,-0.01382,78656.5,2095.7,39.920077,32.854098,2095.8,8.399,2,OK
5780,ASCENT,-1.9107,-0.0495,0.9402,-0.00197,-0.00066,0.01036,78557.5,2097.4,39.920089,32.854143,2097.8,8.399,2,OK
5790,ASCENT,-2.0269,-0.0319,0.9732,-0.00016,0.01778,0.01247,78459.4,2098.5,39.920136,32.854098,2098.3,8.399,2,OK
5800,ASCENT,-1.9777,-0.0413,1.0367,-0.00516,-0.00832,0.00727,78532.0,2099.9,39.92007,32.854052,2100.0,8.399,2,OK
5810,ASCENT,-1.98,-0.0398,0.9238,0.01251,0.01321,0.0086,78449.3,2101.3,39.920094,32.854054,2101.2,8.399,2,OK
5820,ASCENT,-1.9909,0.0338,1.0754,0.00569,0.01059,0.00477,78410.9,2103.6,39.920097,32.854099,2103.6,8.399,2,OK
5830,ASCENT,-1.9888,-0.0089,1.0548,0.0035,-0.01019,-0.00194,78462.3,2103.8,39.920095,32.85408,2104.0,8.399,2,OK
5840,ASCENT,-1.9823,0.0538,0.9432,-0.01362,-0.00412,-0.00687,78429.4,2105.8,39.920097,32.854117,2105.7,8.399,2,OK
5850,ASCENT,-2.0228,0.0918,0.9193,0.00418,0.00546,-0.00125,78518.9,2107.1,39.920071,32.854123,2107.1,8.399,2,OK
5860,ASCENT,-1.9267,-0.028,0.9684,0.00164,-0.01293,-0.01033,78434.7,2109.2,39.920054,32.854117,2109.1,8.399,2,OK
5870,ASCENT,-2.0268,0.0037,1.0634,1e-05,-0.00152,0.00592,78337.2,2110.2,39.920111,32.854061,2110.1,8.399,2,OK
5880,ASCENT,-1.9802,-0.031,1.0888,0.00906,-0.00421,0.00576,78353.3,2111.5,39.920103,32.854116,2111.5,8.399,2,OK
5890,ASCENT,-1.9997,-0.0149,1.0115,0.00411,0.00198,-0.01179,78392.2,2113.2,39.92014,32.854105,2113.2,8.399,2,OK
5900,ASCENT,-2.0577,0.0093,0.9916,-0.00527,0.01312,-0.00202,78386.3,2115.3,39.92008,32.854107,2115.3,8.399,2,OK
5910,ASCENT,-1.9855,0.0064,1.0129,0.01337,-0.0118,-0.00342,78367.1,2117.0,39.920112,32.854197,2117.1,8.399,2,OK
5920,ASCENT,-2.0107,-0.0158,1.0203,0.00403,-0.00214,-0.00374,78364.7,2118.1,39.920123,32.854065,2118.2,8.399,2,OK
5930,ASCENT,-1.9692,0.0782,1.0089,0.00607,-0.00874,-0.00073,78288.2,2119.5,39.920088,32.854139,2119.4,8.399,2,OK
5940,ASCENT,-1.9741,0.0259,1.0313,-0.00507,8e-05,-0.01294,78345.7,2121.2,39.920078,32.854079,2121.2,8.399,2,OK
5950,ASCENT,-2.1088,0.0264,0.9928,-0.01855,0.00675,-0.00565,78273.9,2122.9,39.920106,32.854073,2123.0,8.399,2,OK
5960,ASCENT,-1.8721,0.0816,0.9957,0.01167,-0.00096,-0.01554,78326.8,2124.9,39.920099,32.854057,2124.8,8.399,2,OK
5970,ASCENT,-1.9344,0.0143,0.9286,0.00238,-0.00334,0.00838,78218.0,2125.0,39.920036,32.854023,2125.2,8.399,2,OK
5980,ASCENT,-1.9743,-0.015,0.9742,0.00238,-0.00013,-0.00569,78256.1,2126.9,39.920074,32.854116,2126.9,8.399,2,OK
5990,ASCENT,-1.9071,0.0459,0.9764,0.00028,0.01923,-0.0196,78299.8,2128.6,39.920079,32.854093,2128.6,8.399,2,OK
6000,ASCENT,-1.8953,0.0663,0.9629,-0.00226,-0.01159,0.00484,78178.9,2129.9,39.920113,32.85406,2130.0,8.399,2,OK
6010,ASCENT,-1.9129,0.0315,1.0371,0.0011,-0.01663,0.01009,78237.6,2131.5,39.920119,32.854073,2131.4,8.399,2,OK
6020,ASCENT,-1.9834,-0.009,1.0211,0.00288,-0.00374,0.00232,78181.0,2133.6,39.920114,32.854102,2133.6,8.399,2,OK
6030,ASCENT,-1.9054,0.0107,0.9913,0.00309,0.00851,0.00749,78218.3,2134.0,39.920098,32.854065,2134.1,8.399,2,OK
6040,ASCENT,-1.9497,0.0383,1.0364,-0.01328,0.0201,0.01066,78103.6,2135.7,39.920114,32.85409,2135.7,8.399,2,OK
6050,ASCENT,-1.9885,0.0192,1.0073,-0.01343,-0.00252,0.00715,78101.3,2137.8,39.920069,32.854101,2137.9,8.399,2,OK
6060,ASCENT,-1.9831,0.0751,0.9183,0.00203,0.02044,-0.01287,78115.1,2138.9,39.920103,32.854107,2139.0,8.399,2,OK
6070,ASCENT,-1.891,-0.0176,0.9091,0.00276,0.02054,0.00458,78091.5,2140.7,39.920093,32.854135,2140.9,8.399,2,OK
6080,ASCENT,-1.912,0.0104,0.9275,-0.01127,0.0005,-0.00292,78096.1,2141.1,39.920091,32.854059,2141.1,8.399,2,OK
6090,ASCENT,-1.9805,-0.0952,1.0001,0.00096,0.00404,-0.00539,78083.3,2142.8,39.920088,32.854155,2142.8,8.399,2,OK
6100,ASCENT,-1.8232,0.0278,1.0365,0.00289,0.00194,0.001,78085.8,2144.5,39.920155,32.854143,2144.5,8.399,2,OK
6110,ASCENT,-1.9878,0.0473,0.9614,-0.00484,0.02181,0.00096,78065.7,2147.1,39.920107,32.854089,2147.2,8.399,2,OK
6120,ASCENT,-1.9935,0.0457,0.9753,0.0101,0.01103,-0.0045,77980.7,2147.8,39.920076,32.854104,2147.8,8.399,2,OK
6130,ASCENT,-1.975,0.0227,0.9494,-0.01863,0.00419,-0.01803,78109.0,2149.2,39.920145,32.854037,2149.2,8.399,2,OK
6140,ASCENT,-1.9963,0.0614,0.9642,0.00705,-0.02244,-0.00753,78016.8,2150.2,39.920095,32.854095,2150.2,8.399,2,OK
6150,ASCENT,-1.907,-0.0143,1.0413,-0.00556,-0.00059,0.01162,78089.0,2151.5,39.920064,32.854088,2151.4,8.399,2,OK
6160,ASCENT,-1.9566,-0.0186,0.9835,-0.00133,-0.03529,0.00057,78036.6,2153.5,39.920135,32.854093,2153.6,8.399,2,OK
6170,ASCENT,-1.8905,-0.0593,1.07,0.00181,0.01496,-0.00749,77938.0,2155.5,39.920106,32.854108,2155.6,8.399,2,OK
6180,ASCENT,-1.9633,0.0865,0.9082,0.00499,-0.00331,-0.00131,77933.7,2156.7,39.920093,32.854096,2156.8,8.399,2,OK
6190,ASCENT,-1.9855,0.0069,0.9218,0.00636,0.00684,-0.00368,77951.9,2158.0,39.920116,32.854121,2157.7,8.399,2,OK
6200,ASCENT,-1.8953,0.0018,1.004,0.01508,0.01127,-0.00119,77786.0,2159.2,39.920091,32.854052,2159.2,8.399,2,OK
6210,ASCENT,-1.8839,-0.0014,1.0116,-0.0131,-0.00562,-0.00373,77867.2,2161.0,39.920092,32.854094,2161.0,8.399,2,OK
6220,ASCENT,-1.8841,-0.0166,0.9318,-0.01388,-0.01214,9e-05,77870.5,2162.7,39.920087,32.854092,2162.8,8.399,2,OK
6230,ASCENT,-1.9403,-0.0286,1.0045,-0.0074,0.01236,-0.00585,77956.8,2164.3,39.920102,32.854047,2164.5,8.399,2,OK
6240,ASCENT,-1.9273,0.0351,0.9668,0.00318,-0.01186,0.00666,77886.8,2165.0,39.920096,32.854091,2164.9,8.399,2,OK
6250,ASCENT,-1.8341,0.0276,1.0004,-0.01527,-0.01302,-0.00781,77929.2,2165.4,39.92011,32.854099,2165.2,8.399,2,OK
6260,ASCENT,-1.9062,-0.035,0.976,0.00055,0.01215,-0.00346,77915.8,2167.5,39.920101,32.854138,2167.4,8.399,2,OK
6270,ASCENT,-1.8899,0.0066,0.9999,-0.00443,0.0096,-0.00203,77747.1,2168.6,39.920053,32.854122,2168.5,8.399,2,OK
6280,ASCENT,-1.8942,0.0219,0.8645,-0.00324,0.00425,0.0164,77749.1,2171.6,39.920091,32.854045,2171.8,8.399,2,OK
6290,ASCENT,-1.8811,0.069,1.0579,0.00457,-0.00349,0.00767,77793.9,2172.6,39.920091,32.85414,2172.8,8.399,2,OK
6300,ASCENT,-1.9093,0.0243,1.0942,0.00422,0.00531,0.01759,77785.2,2173.4,39.920066,32.854094,2173.3,8.399,2,OK
6310,ASCENT,-1.8726,-0.005,0.9432,0.00204,0.007,-0.01782,77692.1,2175.3,39.920097,32.854059,2175.4,8.399,2,OK
6320,ASCENT,-1.9737,-0.0207,1.0263,-0.01991,-0.01036,-0.00575,77826.8,2176.8,39.92013,32.854095,2176.6,8.399,2,OK
6330,ASCENT,-1.8152,0.0231,0.9737,0.01934,-0.01417,-0.01148,77726.8,2178.3,39.920068,32.854154,2178.3,8.399,2,OK
6340,ASCENT,-1.9436,-0.0012,1.0447,-0.00521,-0.00513,0.01446,77640.8,2180.0,39.920115,32.854096,2179.9,8.399,2,OK
6350,ASCENT,-1.9513,-0.0399,0.9964,-0.01016,0.01573,0.00493,77712.9,2181.6,39.920085,32.854162,2181.5,8.399,2,OK
6360,ASCENT,-1.8454,0.0355,1.0634,0.0089,0.013,-0.0011,77812.7,2181.6,39.920059,32.85405,2181.7,8.399,2,OK
6370,ASCENT,-1.8695,-0.0998,0.9063,0.0078,-0.01547,-0.01278,77746.6,2183.7,39.920096,32.85412,2183.8,8.399,2,OK
6380,ASCENT,-1.9313,0.0306,1.0156,-0.01168,0.0069,-1e-05,77665.2,2184.6,39.920081,32.854131,2184.5,8.399,2,OK
6390,ASCENT,-1.8906,0.0527,1.0676,0.01349,-0.01174,-0.02521,77722.4,2186.3,39.920143,32.854069,2186.5,8.399,2,OK
6400,ASCENT,-1.8901,0.0576,1.0477,-0.01351,0.00863,0.00509,77549.3,2186.9,39.920128,32.854094,2186.8,8.399,2,OK
6410,ASCENT,-1.8511,-0.0776,1.0502,-0.00335,-0.00295,0.00359,77655.2,2188.5,39.920064,32.854098,2188.4,8.399,2,OK
6420,ASCENT,-1.7847,0.0104,0.9701,0.00461,0.00194,-0.02154,77643.9,2190.6,39.920135,32.854077,2190.4,8.399,2,OK
6430,ASCENT,-1.9194,-0.1359,1.0713,7e-05,0.00896,-0.01642,77683.9,2191.1,39.920103,32.854104,2191.0,8.399,2,OK
6440,ASCENT,-1.9195,0.1364,0.9682,-0.02534,-0.01684,0.01555,77579.9,2192.8,39.920118,32.854152,2192.8,8.399,2,OK
6450,ASCENT,-1.8562,-0.0287,1.0092,0.02132,0.00439,0.01151,77611.2,2194.2,39.920081,32.854114,2194.3,8.399,2,OK
6460,ASCENT,-1.7371,0.0588,1.0882,-0.01437,0.0137,-0.00991,77599.5,2195.8,39.920133,32.854059,2195.7,8.399,2,OK
6470,ASCENT,-1.8644,0.1718,0.9632,-0.01297,-0.00325,-0.0094,77580.6,2197.7,39.920088,32.85417,2197.6,8.399,2,OK
6480,ASCENT,-1.8208,0.0639,1.0525,-0.00665,0.00918,0.00905,77461.1,2199.6,39.920076,32.854129,2199.3,8.399,2,OK
6490,ASCENT,-1.7974,-0.0215,0.9739,-0.00493,-0.00683,-0.00738,77517.0,2200.1,39.920151,32.854086,2200.1,8.399,2,OK
6500,ASCENT,-1.8775,-0.0786,1.0092,0.01076,-0.01787,-0.00549,77504.5,2201.0,39.920129,32.854084,2201.0,8.399,2,OK
6510,ASCENT,-1.8228,0.0079,1.021,0.00515,-0.01367,0.00175,77531.6,2203.0,39.920122,32.854117,2203.0,8.399,2,OK
6520,ASCENT,-1.887,-0.1598,0.9589,0.00398,-0.01971,-0.00647,77439.5,2204.6,39.920111,32.85408,2204.6,8.399,2,OK
6530,ASCENT,-1.7934,-0.0407,1.0318,-0.01021,-0.00178,-0.00386,77427.2,2205.7,39.92005,32.854118,2205.8,8.399,2,OK
6540,ASCENT,-1.8203,0.0298,0.9528,0.00081,0.00248,0.00096,77410.2,2207.1,39.920111,32.854117,2207.1,8.399,2,OK
6550,ASCENT,-1.7525,0.064,1.0554,0.01233,-0.00293,0.01661,77407.1,2208.8,39.92009,32.85414,2208.9,8.399,2,OK
6560,ASCENT,-1.8411,-0.0254,1.0117,-0.00062,0.01191,-0.00365,77354.3,2210.4,39.920088,32.854137,2210.6,8.399,2,OK
6570,ASCENT,-1.8763,-0.0312,1.0438,-0.00544,-0.01965,-0.01301,77331.2,2211.3,39.920092,32.854051,2211.5,8.399,2,OK
6580,ASCENT,-1.8824,-0.048,1.0902,-0.00467,-0.00286,-0.00943,77248.0,2213.2,39.920088,32.854098,2213.1,8.399,2,OK
6590,ASCENT,-1.7671,0.1047,1.0644,0.0015,-0.00504,-0.00409,77408.4,2214.0,39.920075,32.854092,2213.9,8.399,2,OK
6600,ASCENT,-1.8658,-0.021,1.006,0.01974,-0.0221,0.00469,77425.5,2215.4,39.920119,32.854094,2215.4,8.399,2,OK
6610,ASCENT,-1.792,0.0388,0.9756,-0.00233,-0.00159,0.01297,77432.5,2218.4,39.920085,32.854122,2218.5,8.399,2,OK
6620,ASCENT,-1.8835,0.0403,0.9639,0.00573,0.00042,0.01416,77476.0,2217.4,39.920059,32.854029,2217.4,8.399,2,OK
6630,ASCENT,-1.8201,-0.0098,1.0216,-0.00317,0.01104,-0.0018,77260.8,2219.0,39.920095,32.854055,2218.9,8.399,2,OK
6640,ASCENT,-1.9048,0.0079,0.9482,0.00764,-3e-05,-0.00686,77247.9,2221.0,39.920056,32.854061,2221.0,8.399,2,OK
6650,ASCENT,-1.7613,0.0287,0.9528,0.00385,-0.00066,-0.00629,77312.5,2222.2,39.920096,32.854086,2222.1,8.399,2,OK
6660,ASCENT,-1.8516,-0.0121,1.0092,-0.00531,-0.00571,0.00636,77345.7,2222.4,39.920049,32.85405,2222.3,8.399,2,OK
6670,ASCENT,-1.7254,0.0178,1.0078,-0.00549,-0.00817,0.00155,77336.2,2224.7,39.920048,32.854103,2224.6,8.399,2,OK
6680,ASCENT,-1.7918,0.0082,0.9669,-0.00471,-0.00155,-0.00768,77265.8,2226.3,39.920084,32.854156,2226.3,8.399,2,OK
6690,ASCENT,-1.7975,-0.0219,0.9376,0.00387,-0.00506,-0.00355,77414.6,2227.3,39.920082,32.854027,2227.1,8.399,2,OK
6700,ASCENT,-1.7357,0.0639,0.9905,-0.0026,0.00181,0.00877,77219.8,2229.2,39.920095,32.85417,2229.2,8.399,2,OK
6710,ASCENT,-1.7734,0.0054,1.0359,0.00264,-0.00694,0.00386,77225.2,2230.3,39.920172,32.854046,2230.4,8.399,2,OK
6720,ASCENT,-1.7916,-0.0482,0.9991,-0.00847,0.00884,-0.00535,77161.2,2232.0,39.920051,32.854092,2231.8,8.399,2,OK
6730,ASCENT,-1.8724,0.0206,0.924,0.0204,-0.01002,-0.00196,77250.2,2232.9,39.920112,32.854071,2232.9,8.399,2,OK
6740,ASCENT,-1.7563,0.1009,0.9995,-0.0116,-0.01298,-0.00874,77181.0,2233.9,39.920074,32.854124,2233.8,8.399,2,OK
6750,ASCENT,-1.8112,0.0107,0.9283,-0.01143,-0.01278,0.01307,77145.7,2236.0,39.920085,32.854071,2235.9,8.399,2,OK
6760,ASCENT,-1.8038,0.0625,1.0335,-0.00423,0.00598,-0.00349,77196.1,2237.9,39.920107,32.854104,2238.1,8.399,2,OK
6770,ASCENT,-1.6953,-0.0703,0.9174,0.00654,-0.01038,0.00169,77129.4,2238.9,39.920093,32.854054,2238.9,8.399,2,OK
6780,ASCENT,-1.7462,-0.0306,1.0065,-0.00419,0.0053,-0.00953,77168.6,2239.2,39.920069,32.854126,2239.2,8.399,2,OK
6790,ASCENT,-1.7774,0.0346,1.0925,0.01071,-0.01061,-0.02021,77076.2,2240.7,39.920149,32.8541,2240.8,8.399,2,OK
6800,ASCENT,-1.7897,0.0553,0.9471,0.01623,-0.00293,-0.00456,77156.1,2241.0,39.920103,32.854104,2241.0,8.399,2,OK
6810,ASCENT,-1.7971,0.0319,1.0474,-0.00079,-0.00504,0.00198,77123.2,2243.0,39.920058,32.854064,2242.8,8.399,2,OK
6820,ASCENT,-1.696,0.0321,1.0202,-0.00765,-0.00628,1e-05,77070.9,2244.7,39.920127,32.854136,2244.5,8.399,2,OK
6830,ASCENT,-1.7975,0.0571,0.9767,-0.00416,0.00589,-0.00682,77065.2,2246.3,39.920029,32.854104,2246.3,8.399,2,OK
6840,ASCENT,-1.7719,-0.0129,0.9394,0.00636,-0.00247,0.00923,77061.1,2246.7,39.920087,32.854134,2246.8,8.399,2,OK
6850,ASCENT,-1.693,0.0667,0.9459,0.00753,-0.01505,0.00573,77114.1,2249.1,39.920098,32.854102,2249.2,8.399,2,OK
6860,ASCENT,-1.8032,-0.0015,0.9958,0.01595,-0.00443,-0.00472,77045.6,2249.5,39.920118,32.854129,2249.5,8.399,2,OK
6870,ASCENT,-1.7293,0.0492,0.9915,-0.01327,0.00664,0.00781,77099.1,2252.4,39.920152,32.854122,2252.4,8.399,2,OK
6880,ASCENT,-1.7483,0.0105,1.0235,-0.00097,0.00935,-0.02723,77082.5,2253.1,39.92015,32.854126,2253.3,8.399,2,OK
6890,ASCENT,-1.7615,-0.0002,0.9742,-0.01112,0.00528,0.00011,76981.4,2254.1,39.920114,32.854127,2254.0,8.399,2,OK
6900,ASCENT,-1.7118,0.0273,1.0809,0.00738,0.00709,0.02252,76973.8,2254.4,39.920123,32.854088,2254.5,8.399,2,OK
6910,ASCENT,-1.7508,-0.0262,1.0135,-0.00775,0.00953,0.00653,76928.0,2257.5,39.920054,32.8541,2257.8,8.399,2,OK
6920,ASCENT,-1.783,0.0363,1.0684,-0.00167,-0.00091,0.00024,76934.0,2258.8,39.920054,32.854111,2258.6,8.399,2,OK
6930,ASCENT,-1.6939,0.0521,1.1205,-0.00588,0.00398,-0.00438,76956.1,2260.0,39.920146,32.854081,2260.1,8.399,2,OK
6940,ASCENT,-1.7528,0.013,0.9896,-0.00702,-0.00335,-0.01683,76884.8,2261.3,39.920094,32.854123,2261.4,8.399,2,OK
6950,ASCENT,-1.7537,0.0026,0.9589,-0.02049,0.0081,-0.00537,76926.1,2261.3,39.920133,32.854056,2261.5,8.399,2,OK
6960,ASCENT,-1.7427,0.002,0.9255,0.02826,-0.00495,-0.00494,77012.2,2263.9,39.92013,32.854058,2263.9,8.399,2,OK
6970,ASCENT,-1.6999,-0.0402,1.0222,-0.00261,0.01519,0.00723,76847.5,2265.1,39.920146,32.854072,2265.3,8.399,2,OK
6980,ASCENT,-1.7173,-0.1542,1.0551,0.00925,-0.0122,-0.00294,76917.1,2264.8,39.920049,32.85414,2264.9,8.399,2,OK
6990,ASCENT,-1.7148,0.0121,1.0311,-0.01641,-0.0183,-0.00122,76897.6,2267.3,39.920082,32.854166,2267.3,8.399,2,OK
7000,ASCENT,-1.729,0.0288,1.0368,-0.01825,-0.01787,-0.00076,76900.5,2268.6,39.920101,32.85412,2268.5,8.399,2,OK
7010,ASCENT,-1.8039,-0.094,0.9265,-0.00384,0.00895,0.00227,76825.4,2269.1,39.92006,32.85404,2269.1,8.399,2,OK
7020,ASCENT,-1.7127,-0.0006,0.9463,-0.0044,-0.01321,-0.00845,76840.7,2271.3,39.920183,32.854053,2271.3,8.399,2,OK
7030,ASCENT,-1.7521,0.0422,0.9904,-0.0043,-0.01401,-0.00652,76837.9,2272.4,39.920115,32.854092,2272.4,8.399,2,OK
7040,ASCENT,-1.7037,0.0373,0.9906,-0.01023,-0.00017,0.00349,76793.6,2273.7,39.920115,32.854117,2273.7,8.399,2,OK
7050,ASCENT,-1.7059,0.0107,0.9055,0.00081,0.00515,0.00637,76710.6,2275.2,39.920134,32.854114,2275.1,8.399,2,OK
7060,ASCENT,-1.7151,-0.0244,0.9103,-0.01042,-0.02064,-0.00897,76899.9,2277.2,39.920106,32.854078,2277.2,8.399,2,OK
7070,ASCENT,-1.8028,0.0717,0.9625,0.00013,0.00283,-0.00625,76815.1,2277.7,39.920153,32.854096,2277.7,8.399,2,OK
7080,ASCENT,-1.7502,0.0125,1.018,-0.00097,-0.01448,-0.00058,76710.7,2279.6,39.920093,32.854086,2279.5,8.399,2,OK
7090,ASCENT,-1.6985,-0.0489,1.0131,-0.00506,0.01838,0.01885,76713.1,2281.3,39.920115,32.854131,2281.4,8.399,2,OK
7100,ASCENT,-1.6548,0.0064,1.0322,-0.0026,0.00465,0.00235,76745.5,2281.6,39.920121,32.854093,2281.5,8.399,2,OK
7110,ASCENT,-1.7572,-0.0512,0.9951,-0.02133,-0.00384,0.01169,76727.2,2282.6,39.920128,32.854128,2282.7,8.399,2,OK
7120,ASCENT,-1.6281,0.123,0.9118,7e-05,-0.00275,0.00654,76718.9,2284.6,39.920094,32.854118,2284.6,8.399,2,OK
7130,ASCENT,-1.6609,0.0541,0.893,-0.00148,-0.00758,-0.0013,76710.0,2285.0,39.920072,32.854055,2285.1,8.399,2,OK
7140,ASCENT,-1.7108,0.0457,1.0151,0.00724,0.01373,0.00425,76672.4,2285.7,39.920119,32.854078,2285.9,8.399,2,OK
7150,ASCENT,-1.7046,-0.0092,1.0449,-0.01472,-0.00285,0.00829,76759.9,2288.0,39.920058,32.854041,2288.1,8.399,2,OK
7160,ASCENT,-1.7166,0.0372,0.9646,0.0019,0.00904,-0.01166,76662.2,2289.1,39.920111,32.8541,2289.0,8.399,2,OK
7170,ASCENT,-1.7319,-0.0796,1.0257,0.00321,0.006,0.00551,76624.8,2291.5,39.920056,32.854063,2291.4,8.399,2,OK
7180,ASCENT,-1.6983,0.0769,1.107,-0.00356,-0.01633,0.01053,76612.3,2290.8,39.920114,32.854096,2290.8,8.399,2,OK
7190,ASCENT,-1.7016,0.0009,0.9376,-0.0081,0.00392,0.00344,76527.4,2292.6,39.920111,32.854068,2292.7,8.399,2,OK
7200,ASCENT,-1.7485,0.1178,1.0068,0.00359,-0.01751,-0.01122,76712.3,2293.0,39.920141,32.854114,2293.0,8.399,2,OK
7210,ASCENT,-1.7082,0.0065,0.912,0.0138,-0.0007,-0.01757,76549.8,2295.1,39.920096,32.854107,2295.0,8.399,2,OK
7220,ASCENT,-1.6913,-0.0179,0.9717,-0.00903,-0.01026,-0.00211,76616.4,2295.9,39.920049,32.854106,2295.8,8.399,2,OK
7230,ASCENT,-1.6631,-0.0539,0.9638,-0.0087,-0.00715,0.00824,76702.0,2297.8,39.920111,32.854065,2297.8,8.399,2,OK
7240,ASCENT,-1.6514,-0.0671,1.0341,0.01233,0.01381,0.0053,76617.3,2299.3,39.920069,32.854035,2299.3,8.399,2,OK
7250,ASCENT,-1.6928,0.0124,1.0416,0.00195,-0.00442,0.00108,76555.7,2300.3,39.920171,32.854106,2300.3,8.399,2,OK
7260,ASCENT,-1.6366,0.0383,1.0517,0.01272,0.00283,-0.00115,76508.3,2302.3,39.920081,32.854098,2302.1,8.399,2,OK
7270,ASCENT,-1.7339,-0.0107,0.9828,-0.00067,-0.0006,-0.00447,76595.6,2302.7,39.920043,32.854093,2302.7,8.399,2,OK
7280,ASCENT,-1.7565,-0.0052,1.0166,-0.01183,-0.00487,0.00886,76525.6,2303.7,39.9201,32.854086,2304.0,8.399,2,OK
7290,ASCENT,-1.6594,0.0263,0.9706,-0.00055,-0.00895,-0.01144,76489.9,2306.1,39.920035,32.854162,2306.0,8.399,2,OK
7300,ASCENT,-1.598,-0.0082,0.9182,-0.00166,0.00363,0.00306,76506.6,2306.6,39.92005,32.854116,2306.6,8.399,2,OK
7310,ASCENT,-1.6778,-0.0026,1.0217,0.00027,-0.0126,-0.01636,76562.9,2308.2,39.920102,32.854129,2308.3,8.399,2,OK
7320,ASCENT,-1.717,0.0603,1.0374,-0.00463,-0.00202,-0.00119,76540.2,2309.3,39.920037,32.854101,2309.3,8.399,2,OK
7330,ASCENT,-1.6408,-0.0179,1.0505,0.00574,0.00381,-0.00165,76510.0,2311.5,39.92008,32.854051,2311.6,8.399,2,OK
7340,ASCENT,-1.744,-0.0135,1.022,-0.00608,0.00633,-0.00498,76431.4,2311.6,39.92013,32.85409,2311.7,8.399,2,OK
7350,ASCENT,-1.7076,0.0522,0.9566,-0.00589,-0.00415,0.01297,76510.4,2313.1,39.920113,32.854089,2313.1,8.399,2,OK
7360,ASCENT,-1.6278,-0.0131,1.0292,-0.00384,-0.01135,-0.00806,76467.4,2314.1,39.920134,32.854052,2314.0,8.399,2,OK
7370,ASCENT,-1.6272,-0.0215,1.0241,-0.00161,-0.00654,-0.0026,76372.3,2316.1,39.920077,32.854144,2316.1,8.399,2,OK
7380,ASCENT,-1.645,-0.0175,1.0581,0.01084,-0.01185,0.01305,76373.0,2316.6,39.920095,32.854129,2316.7,8.399,2,OK
7390,ASCENT,-1.6214,-0.0287,1.0205,-0.00083,-0.01376,0.00847,76478.5,2317.7,39.920062,32.854094,2317.6,8.399,2,OK
7400,ASCENT,-1.6858,0.0071,0.9085,-0.01721,-0.00536,-0.00634,76273.5,2319.1,39.920098,32.854136,2319.3,8.399,2,OK
7410,ASCENT,-1.6997,0.0072,1.0841,0.00044,-0.00123,0.01593,76395.4,2320.4,39.92008,32.854052,2320.3,8.399,2,OK
7420,ASCENT,-1.6261,-0.0489,0.9321,-0.01567,-0.00559,0.01954,76341.1,2322.6,39.920082,32.854042,2322.6,8.399,2,OK
7430,ASCENT,-1.6165,-0.0099,0.9649,0.00537,-0.00507,0.00459,76355.4,2323.1,39.920121,32.854045,2323.0,8.399,2,OK
7440,ASCENT,-1.7263,-0.0188,1.0071,0.01029,0.00302,-0.00536,76376.7,2324.2,39.920132,32.854095,2324.0,8.399,2,OK
7450,ASCENT,-1.6687,0.0897,0.9682,-0.0111,0.01028,-0.01114,76290.3,2324.8,39.920103,32.854122,2324.9,8.399,2,OK
7460,ASCENT,-1.6505,-0.0336,0.9664,-0.00806,-0.00632,-0.00959,76347.9,2326.3,39.920146,32.854039,2326.2,8.399,2,OK
7470,ASCENT,-1.6104,-0.0363,1.0478,-0.00019,-0.00816,0.0027,76293.2,2327.7,39.920086,32.854133,2327.7,8.399,2,OK
7480,ASCENT,-1.5801,-0.0254,1.0232,0.02603,0.0031,0.00698,76288.6,2329.1,39.920093,32.85411,2329.2,8.399,2,OK
7490,ASCENT,-1.6297,-0.0164,1.083,-0.00541,0.00967,0.00277,76276.1,2330.4,39.920079,32.854066,2330.6,8.399,2,OK
7500,ASCENT,-1.5871,-0.0206,1.0022,-0.01157,-0.00185,0.00588,76254.1,2331.2,39.920095,32.854174,2331.0,8.399,2,OK
7510,ASCENT,-1.6542,-0.0139,1.0362,0.00186,0.01093,0.01269,76231.5,2333.0,39.920113,32.854118,2332.9,8.399,2,OK
7520,ASCENT,-1.7409,0.0149,1.0523,0.00152,0.01349,0.00371,76270.1,2333.3,39.920118,32.854081,2333.2,8.399,2,OK
7530,ASCENT,-1.688,-0.0204,0.8938,0.00135,0.01429,-0.0089,76215.5,2335.0,39.920082,32.854109,2334.9,8.399,2,OK
7540,ASCENT,-1.6104,-0.0501,1.0365,-0.01041,-0.01294,-0.00952,76237.9,2336.5,39.920121,32.854089,2336.4,8.399,2,OK
7550,ASCENT,-1.6621,-0.0775,1.0504,-0.00716,0.00815,-0.02331,76204.1,2337.2,39.920147,32.854059,2337.3,8.399,2,OK
7560,ASCENT,-1.6688,0.007,0.9772,0.01276,0.00523,-0.00157,76230.2,2338.7,39.920121,32.85408,2338.9,8.399,2,OK
7570,ASCENT,-1.5971,-0.0511,1.003,-0.01768,0.00495,0.01287,76155.8,2340.2,39.920079,32.854111,2340.2,8.399,2,OK
7580,ASCENT,-1.5991,-0.0566,0.9818,-0.00099,0.00864,0.00973,76199.5,2341.8,39.920097,32.854091,2341.6,8.399,2,OK
7590,ASCENT,-1.6435,0.0339,0.9538,0.01547,0.0029,-0.00581,76221.0,2342.2,39.920125,32.854048,2342.4,8.399,2,OK
7600,ASCENT,-1.6333,0.0527,0.9271,-0.00232,0.03126,0.00017,76104.9,2343.1,39.920148,32.85413,2343.2,8.399,2,OK
7610,ASCENT,-1.5613,0.0081,1.0691,0.00319,-0.00626,0.00064,76027.8,2343.8,39.920122,32.854087,2343.8,8.399,2,OK
7620,ASCENT,-1.5524,0.0964,1.0151,0.0024,-0.01285,0.00956,76103.2,2344.7,39.920101,32.854072,2344.7,8.399,2,OK
7630,ASCENT,-1.5653,-0.0235,1.0352,-0.0025,-0.01966,0.00101,76169.3,2347.3,39.920098,32.854087,2347.5,8.399,2,OK
7640,ASCENT,-1.5828,0.0345,0.9769,-0.01208,-0.00605,0.0125,76145.6,2348.0,39.920141,32.854099,2348.1,8.399,2,OK
7650,ASCENT,-1.6112,0.092,0.952,-0.01018,0.00994,0.01129,75991.6,2349.2,39.920082,32.854119,2349.2,8.399,2,OK
7660,ASCENT,-1.6415,0.0171,1.0079,0.00524,0.00459,-0.00928,76126.6,2350.8,39.920131,32.854115,2350.7,8.399,2,OK
7670,ASCENT,-1.6354,-0.0061,0.9435,-0.02099,-0.03119,-0.00132,76165.6,2353.0,39.920074,32.854105,2352.9,8.399,2,OK
7680,ASCENT,-1.6718,-0.0092,1.0331,-0.00337,0.00036,-0.01094,75989.5,2352.3,39.920117,32.854088,2352.1,8.399,2,OK
7690,ASCENT,-1.6726,-0.029,1.0544,-0.00955,0.00076,0.00553,76071.2,2354.3,39.920064,32.854119,2354.3,8.399,2,OK
7700,ASCENT,-1.5625,0.0174,1.0344,0.01496,-0.00034,0.00164,76017.4,2355.9,39.920064,32.854117,2355.9,8.399,2,OK
7710,ASCENT,-1.5818,-0.0815,0.8731,-0.004,0.01841,-0.00328,76068.8,2356.6,39.920054,32.854103,2356.6,8.399,2,OK
7720,ASCENT,-1.6669,-0.0464,1.0563,0.00027,-0.00556,-0.00518,75995.7,2357.5,39.920066,32.854091,2357.5,8.399,2,OK
7730,ASCENT,-1.5957,-0.0279,1.1079,0.0212,-0.01054,-0.00914,76061.0,2358.4,39.920089,32.854108,2358.6,8.399,2,OK
7740,ASCENT,-1.5664,-0.0294,0.9575,0.0134,-0.00587,-0.00478,75950.8,2359.6,39.920088,32.854015,2359.6,8.399,2,OK
7750,ASCENT,-1.5606,-0.0354,0.9882,0.01486,-0.00822,-0.0072,75911.7,2360.7,39.920108,32.854107,2360.8,8.399,2,OK
7760,ASCENT,-1.4785,-0.013,1.0348,0.00119,0.00651,-0.01139,75984.9,2362.6,39.920104,32.854076,2362.7,8.399,2,OK
7770,ASCENT,-1.6522,-0.1439,0.9065,-0.00525,-0.01313,-0.00216,75870.6,2364.0,39.92009,32.854082,2364.2,8.399,2,OK
7780,ASCENT,-1.6539,0.0778,0.9541,-0.00267,-0.00235,-0.00538,75918.4,2363.9,39.920137,32.854087,2363.9,8.399,2,OK
7790,ASCENT,-1.4825,0.0547,0.987,0.00013,-0.00774,-0.00204,75901.2,2366.4,39.9201,32.854125,2366.3,8.399,2,OK
7800,ASCENT,-1.5881,-0.1004,1.0186,0.01745,0.00568,0.01126,75923.7,2366.5,39.920133,32.854069,2366.6,8.399,2,OK
7810,ASCENT,-1.5763,-0.0493,1.0316,0.00341,-0.00413,0.00038,75939.0,2368.4,39.92012,32.854073,2368.3,8.399,2,OK
7820,ASCENT,-1.6758,-0.0255,1.0991,-0.01945,0.02274,-0.00233,75837.2,2369.6,39.920127,32.854101,2369.6,8.399,2,OK
7830,ASCENT,-1.5831,-0.0118,1.0566,-0.00641,0.01595,0.00045,75901.8,2370.6,39.920102,32.854008,2370.6,8.399,2,OK
7840,ASCENT,-1.5038,0.0426,0.9496,-0.00658,0.01943,-0.00692,75937.3,2370.6,39.92014,32.854158,2370.7,8.399,2,OK
7850,ASCENT,-1.5809,0.0014,0.9932,-0.00181,-0.00964,-0.01002,75968.5,2373.9,39.9201,32.85411,2373.8,8.399,2,OK
7860,ASCENT,-1.4939,0.0232,1.0264,0.01643,0.02036,-0.00233,75868.0,2374.4,39.920083,32.85411,2374.5,8.399,2,OK
7870,ASCENT,-1.6243,-0.0228,1.0157,0.00418,0.0098,-0.00858,75930.5,2375.0,39.920096,32.854101,2375.0,8.399,2,OK
7880,ASCENT,-1.52,0.0013,1.0962,0.00856,-0.00457,0.01424,75912.4,2376.1,39.92014,32.854068,2376.2,8.399,2,OK
7890,ASCENT,-1.4463,0.0716,0.9379,-0.0012,2e-05,-0.01059,75878.8,2377.7,39.920106,32.854081,2377.7,8.399,2,OK
7900,ASCENT,-1.5645,0.0136,0.9719,0.00166,0.01124,0.01298,75826.4,2379.6,39.920121,32.854049,2379.6,8.399,2,OK
7910,ASCENT,-1.5769,0.0152,1.0204,-0.00517,-0.00961,0.02103,75826.3,2380.4,39.920089,32.854089,2380.6,8.399,2,OK
7920,ASCENT,-1.7263,0.0091,1.0543,0.00465,0.00747,-0.00424,75812.1,2380.4,39.920139,32.854077,2380.3,8.399,2,OK
7930,ASCENT,-1.5934,-0.0187,0.9213,-0.00539,0.0023,0.00223,75879.1,2382.7,39.920141,32.854132,2382.7,8.399,2,OK
7940,ASCENT,-1.5681,0.0411,0.9939,0.00787,0.01261,0.0088,75734.6,2383.3,39.920077,32.854076,2383.3,8.399,2,OK
7950,ASCENT,-1.6381,0.0122,1.0217,-0.00307,-0.00723,0.00053,75723.0,2384.6,39.920093,32.854116,2384.5,8.399,2,OK
7960,ASCENT,-1.6426,-0.0659,1.0832,-0.01379,-0.00283,0.02132,75736.2,2385.8,39.920096,32.854115,2386.0,8.399,2,OK
7970,ASCENT,-1.6021,0.0051,0.9768,-0.00909,0.01074,-0.00508,75663.5,2386.9,39.920104,32.854058,2386.9,8.399,2,OK
7980,ASCENT,-1.516,0.1599,1.0582,-0.01533,-0.00244,-0.01348,75735.7,2388.0,39.920092,32.854138,2387.9,8.399,2,OK
7990,ASCENT,-1.52,-0.0374,1.0315,0.01421,-0.00216,-0.00316,75738.6,2388.6,39.920092,32.85409,2388.6,8.399,2,OK
8000,ASCENT,-1.5877,0.0216,0.9698,-0.01151,0.01203,-0.00441,75708.9,2389.9,39.920084,32.854086,2389.9,8.399,2,OK
8010,ASCENT,-1.5794,-0.0577,1.0153,-0.01428,0.0076,0.00764,75715.6,2391.8,39.920117,32.854177,2391.8,8.399,2,OK
8020,ASCENT,-1.6331,0.0884,0.9636,-0.00324,0.01224,-0.01287,75798.2,2391.4,39.920108,32.854116,2391.4,8.399,2,OK
8030,ASCENT,-1.6305,0.0052,0.9848,-0.00364,-0.00303,-0.00551,75588.0,2393.1,39.920104,32.854089,2393.0,8.399,2,OK
8040,ASCENT,-1.568,-0.1079,0.9383,0.00063,-0.00808,-0.00389,75694.9,2395.3,39.92013,32.854112,2395.3,8.399,2,OK
8050,ASCENT,-1.5676,0.0611,1.0132,0.00226,0.01158,-0.00134,75572.4,2396.2,39.920057,32.85402,2396.3,8.399,2,OK
8060,ASCENT,-1.5053,-0.0282,1.0721,0.01694,0.00794,0.00331,75634.2,2397.6,39.920089,32.854095,2397.5,8.399,2,OK
8070,ASCENT,-1.6045,0.0272,0.9185,0.01902,-0.01572,-0.01198,75701.7,2397.7,39.920106,32.854091,2397.6,8.399,2,OK
8080,ASCENT,-1.4904,0.0676,0.8679,-0.01245,0.00465,-0.0037,75570.5,2398.9,39.920126,32.854116,2399.0,8.399,2,OK
8090,ASCENT,-1.5367,-0.0065,0.9216,-0.00322,0.02375,-0.01801,75625.8,2399.7,39.920148,32.854107,2399.8,8.399,2,OK
8100,ASCENT,-1.5695,-0.033,0.9196,0.0089,0.00039,-0.00215,75555.4,2400.6,39.920132,32.854093,2400.6,8.399,2,OK
8110,ASCENT,-1.5439,0.005,1.016,-0.00904,-0.00342,0.00537,75579.4,2402.4,39.920151,32.854067,2402.5,8.399,2,OK
8120,ASCENT,-1.5082,-0.0256,0.9014,-0.00615,0.00526,-0.01078,75509.3,2403.7,39.920094,32.85406,2403.7,8.399,2,OK
8130,ASCENT,-1.5989,-0.0468,1.0541,-0.0036,-0.02202,-0.00623,75534.5,2405.2,39.92014,32.85407,2405.3,8.399,2,OK
8140,ASCENT,-1.5154,-0.0472,0.9597,0.00976,-0.0043,0.00141,75531.6,2405.2,39.920076,32.854108,2405.2,8.399,2,OK
8150,ASCENT,-1.5609,0.0091,1.0539,-0.00115,-0.00326,0.00462,75468.5,2407.0,39.920071,32.854137,2407.0,8.399,2,OK
8160,ASCENT,-1.5173,-0.0438,1.0499,-0.01965,-0.00838,0.0012,75568.6,2408.9,39.920077,32.854154,2408.8,8.399,2,OK
8170,ASCENT,-1.509,0.0348,1.0347,-0.0184,0.00335,-0.00412,75528.2,2409.8,39.920134,32.854118,2409.8,8.399,2,OK
8180,ASCENT,-1.4922,-0.1147,1.0691,-0.01256,0.00882,0.00706,75420.1,2410.0,39.920085,32.854173,2409.9,8.399,2,OK
8190,ASCENT,-1.5803,-0.0122,1.0706,0.00579,-0.00919,-0.01224,75510.2,2412.0,39.920058,32.854037,2411.9,8.399,2,OK
8200,ASCENT,-1.6312,-0.046,1.0846,-0.00267,-0.00168,0.00509,75518.9,2412.4,39.920108,32.854104,2412.7,8.399,2,OK
8210,ASCENT,-1.5815,-0.0397,0.9312,-0.01108,0.00344,0.00998,75531.2,2413.9,39.92011,32.854106,2413.8,8.399,2,OK
8220,ASCENT,-1.4747,-0.0059,0.9989,0.00076,0.00484,-0.00098,75496.9,2414.4,39.920099,32.854165,2414.5,8.399,2,OK
8230,ASCENT,-1.488,0.0654,1.0094,-0.00099,0.00058,-0.00885,75488.5,2416.2,39.920135,32.8541,2416.2,8.399,2,OK
8240,ASCENT,-1.5626,0.0541,1.0188,-0.00486,0.00109,0.0038,75523.8,2416.7,39.920116,32.854069,2416.9,8.399,2,OK
8250,ASCENT,-1.5761,0.0743,1.0504,0.01319,0.01217,0.00557,75473.8,2418.2,39.92012,32.854074,2418.3,8.399,2,OK
8260,ASCENT,-1.5303,0.0238,0.9341,0.01148,-0.00451,0.00018,75500.2,2418.9,39.920123,32.854092,2418.8,8.399,2,OK
8270,ASCENT,-1.49,0.0054,1.0379,-0.00042,0.0045,-0.00987,75411.8,2421.5,39.920105,32.85412,2421.5,8.399,2,OK
8280,ASCENT,-1.5172,0.0219,1.0876,0.00793,0.00639,-0.01737,75485.1,2421.0,39.920212,32.854142,2421.1,8.399,2,OK
8290,ASCENT,-1.5579,-0.0551,0.9363,0.00976,-0.00057,0.00101,75349.0,2422.4,39.920082,32.854078,2422.3,8.399,2,OK
8300,ASCENT,-1.5682,0.033,0.9851,0.01856,-0.00981,0.00427,75449.6,2423.6,39.920108,32.854085,2423.6,8.399,2,OK
8310,ASCENT,-1.5172,0.0621,0.9477,-0.00301,-0.00225,-0.01157,75351.2,2423.7,39.92009,32.854049,2423.7,8.399,2,OK
8320,ASCENT,-1.4691,-0.0921,1.0073,0.00424,0.01936,-0.00825,75321.7,2424.3,39.920113,32.854101,2424.2,8.399,2,OK
8330,ASCENT,-1.5275,0.026,0.9686,-0.00758,0.00263,0.00043,75373.1,2426.9,39.920098,32.854064,2426.8,8.399,2,OK
8340,ASCENT,-1.4051,-0.021,0.9848,0.01074,-0.00308,-0.00235,75444.4,2428.3,39.920138,32.854095,2428.3,8.399,2,OK
8350,ASCENT,-1.4995,0.0468,0.9977,-0.01271,0.00062,-0.01893,75315.5,2428.7,39.920108,32.854166,2428.8,8.399,2,OK
8360,ASCENT,-1.4732,0.0928,0.9601,0.00669,-4e-05,0.0022,75303.6,2429.9,39.920144,32.854061,2430.0,8.399,2,OK
8370,ASCENT,-1.583,-0.0332,0.9816,-0.00086,-0.01458,0.02326,75348.1,2431.2,39.920085,32.854077,2431.4,8.399,2,OK
8380,ASCENT,-1.4886,-0.0203,0.9506,0.00035,-0.02568,-0.00315,75245.0,2432.2,39.920141,32.854079,2432.2,8.399,2,OK
8390,ASCENT,-1.5052,0.1236,1.0543,0.01716,0.00249,0.0157,75310.0,2433.7,39.920109,32.854036,2433.7,8.399,2,OK
8400,ASCENT,-1.581,-0.0558,1.0069,0.00183,-0.00904,0.00899,75314.7,2434.3,39.920068,32.854094,2434.4,8.399,2,OK
8410,ASCENT,-1.5382,-0.0495,0.93,-0.00138,0.00633,-0.00785,75271.4,2435.4,39.920128,32.854079,2435.3,8.399,2,OK
8420,ASCENT,-1.5538,-0.0068,1.0637,0.01332,-0.01646,0.00648,75249.2,2436.6,39.920109,32.854039,2436.7,8.399,2,OK
8430,ASCENT,-1.5387,-0.0852,0.9758,-0.01325,0.00777,0.01277,75246.9,2437.6,39.920112,32.854099,2437.5,8.399,2,OK
8440,ASCENT,-1.5089,0.0004,0.9237,0.00665,3e-05,0.02553,75268.3,2438.5,39.920176,32.854107,2438.5,8.399,2,OK
8450,ASCENT,-1.4163,0.0213,0.9905,-0.01424,0.01343,-0.00278,75304.6,2439.1,39.920086,32.854112,2439.2,8.399,2,OK
8460,ASCENT,-1.6011,-0.0051,0.9945,-0.0161,0.00192,-0.01364,75239.7,2440.6,39.920129,32.854071,2440.7,8.399,2,OK
8470,ASCENT,-1.5113,-0.0723,0.9631,0.01199,-0.0068,-0.00901,75187.5,2442.0,39.9201,32.854135,2442.0,8.399,2,OK
8480,ASCENT,-1.4782,0.0195,1.0446,0.00606,-0.00202,0.01032,75224.2,2442.8,39.920092,32.854116,2442.8,8.399,2,OK
8490,ASCENT,-1.3862,0.077,0.9289,-0.00322,0.00041,-0.00198,75259.3,2443.2,39.920158,32.854145,2443.3,8.399,2,OK
8500,ASCENT,-1.5278,0.1052,0.9772,0.01107,0.01174,-0.00848,75166.6,2444.9,39.920102,32.854139,2444.8,8.399,2,OK
8510,ASCENT,-1.4792,0.0159,1.0287,-0.00337,-0.01795,-0.00241,75102.1,2446.0,39.920098,32.854027,2446.0,8.399,2,OK
8520,ASCENT,-1.4781,-0.0043,1.0005,0.00058,-0.009,0.00268,75163.4,2447.3,39.920165,32.854095,2447.3,8.399,2,OK
8530,ASCENT,-1.5301,-0.0344,0.973,-0.00985,-0.01751,-0.00463,75171.6,2448.7,39.920142,32.854126,2448.8,8.399,2,OK
8540,ASCENT,-1.485,-0.0006,1.0001,-0.00648,0.00588,-0.00816,75172.5,2449.5,39.920095,32.85412,2449.4,8.399,2,OK
8550,ASCENT,-1.5019,0.0077,0.931,0.01305,-0.0035,-0.00791,75174.3,2450.5,39.920117,32.854101,2450.5,8.399,2,OK
8560,ASCENT,-1.4606,0.0547,0.9591,-0.00144,0.00754,-0.01787,75177.8,2450.5,39.920141,32.854056,2450.5,8.399,2,OK
8570,ASCENT,-1.4891,-0.0647,0.9849,-0.00145,-0.01126,0.0079,75100.9,2452.2,39.920108,32.854095,2452.3,8.399,2,OK
8580,ASCENT,-1.5446,0.0029,0.9305,0.00182,-0.00758,-0.01453,75080.5,2454.0,39.920131,32.854101,2454.0,8.399,2,OK
8590,ASCENT,-1.6061,-0.0064,0.9104,-0.00054,-0.01122,0.00235,75139.4,2454.5,39.920129,32.854116,2454.6,8.399,2,OK
8600,ASCENT,-1.3308,-0.0265,1.0376,0.00487,0.00675,-0.02084,75082.1,2456.4,39.920134,32.854029,2456.4,8.399,2,OK
8610,ASCENT,-1.442,0.0182,0.9971,-0.0018,0.00495,0.00989,75018.7,2456.7,39.920103,32.854192,2456.9,8.399,2,OK
8620,ASCENT,-1.4661,-0.0092,0.9866,0.00552,-0.01148,0.01189,75025.9,2457.6,39.92013,32.854046,2457.5,8.399,2,OK
8630,ASCENT,-1.3608,-0.1078,1.0227,0.00784,0.02277,0.01407,75018.2,2458.8,39.920144,32.854087,2458.7,8.399,2,OK
8640,ASCENT,-1.5292,-0.0117,0.9805,-0.01267,-0.01604,0.0021,75025.3,2459.8,39.920087,32.854114,2459.9,8.399,2,OK
8650,ASCENT,-1.4608,-0.0389,0.998,-0.01311,0.00168,0.00032,74983.8,2461.1,39.9201,32.854149,2461.3,8.399,2,OK
8660,ASCENT,-1.5228,-0.0242,0.9613,-0.01713,-0.00345,0.00723,75053.6,2462.0,39.920106,32.854114,2462.1,8.399,2,OK
8670,ASCENT,-1.4585,0.007,1.0051,-0.00218,-0.00435,0.00209,75016.4,2462.6,39.920079,32.854104,2462.7,8.399,2,OK
8680,ASCENT,-1.5617,0.0059,1.0386,-0.01398,0.01045,-0.00057,75022.8,2462.8,39.920089,32.85408,2462.7,8.399,2,OK
8690,ASCENT,-1.4842,0.0635,0.9633,-0.01128,0.00771,-0.01298,74974.9,2465.0,39.920086,32.854061,2464.9,8.399,2,OK
8700,ASCENT,-1.4469,-0.0046,0.9168,-6e-05,-0.00951,-0.01053,74967.1,2466.1,39.920067,32.854147,2466.2,8.399,2,OK
8710,ASCENT,-1.531,-0.0143,1.0307,0.00299,-0.01022,0.00491,75050.0,2466.4,39.920111,32.854071,2466.5,8.399,2,OK
8720,ASCENT,-1.4669,-0.0217,0.9246,-1e-05,0.00044,0.01799,74960.9,2467.1,39.920135,32.854092,2467.1,8.399,2,OK
8730,ASCENT,-1.5013,-0.0315,1.0058,-0.00788,-0.0048,-0.00452,74938.9,2469.0,39.920071,32.854103,2469.1,8.399,2,OK
8740,ASCENT,-1.4839,-0.1026,0.9799,-0.00933,-0.00752,-0.0041,75010.2,2470.6,39.920075,32.854082,2470.6,8.399,2,OK
8750,ASCENT,-1.4448,0.0267,1.0681,-2e-05,-0.00856,-0.0023,74924.7,2471.7,39.920126,32.854078,2471.6,8.399,2,OK
8760,ASCENT,-1.4945,0.0175,0.9964,-0.00549,0.00349,0.01888,74963.0,2472.0,39.920101,32.854101,2472.0,8.399,2,OK
8770,ASCENT,-1.4327,-0.0453,1.0049,-0.00228,0.0134,-0.01836,74882.7,2473.8,39.920106,32.854079,2473.7,8.399,2,OK
8780,ASCENT,-1.3554,0.0167,1.0864,-0.02113,0.00377,-0.00727,74899.1,2473.0,39.92015,32.854077,2473.1,8.399,2,OK
8790,ASCENT,-1.4475,-0.0859,1.0453,0.00061,0.00367,0.00133,74886.0,2476.3,39.920143,32.854105,2476.5,8.399,2,OK
8800,ASCENT,-1.4364,0.0069,1.0189,0.0122,-0.0067,-0.00823,74896.0,2476.2,39.920095,32.854066,2476.3,8.399,2,OK
8810,ASCENT,-1.373,0.0323,0.9587,0.00367,0.01928,0.00252,74923.0,2477.7,39.920108,32.854107,2477.8,8.399,2,OK
8820,ASCENT,-1.5106,-0.0093,1.0647,-0.00733,-0.01395,0.00796,74782.4,2477.5,39.920124,32.854106,2477.5,8.399,2,OK
8830,ASCENT,-1.511,-0.0137,1.0153,-0.00462,0.00185,0.00155,74894.2,2479.5,39.920091,32.854106,2479.5,8.399,2,OK
8840,ASCENT,-1.4082,0.0281,0.9841,-0.01092,0.00745,-0.01405,74886.4,2479.8,39.920083,32.854067,2479.9,8.399,2,OK
8850,ASCENT,-1.4031,-0.0117,0.9675,0.00168,-0.00528,-0.00433,74909.4,2481.6,39.920111,32.854163,2481.5,8.399,2,OK
8860,ASCENT,-1.4022,-0.0138,0.9549,-0.01502,-0.00434,-0.00395,74902.7,2482.4,39.920118,32.854043,2482.5,8.399,2,OK
8870,ASCENT,-1.4416,0.0101,0.9908,0.01184,-0.00704,-0.0103,74774.7,2483.3,39.920054,32.854088,2483.4,8.399,2,OK
8880,ASCENT,-1.4265,0.0218,0.9667,0.0018,0.0017,-0.01059,74881.6,2484.5,39.920094,32.85407,2484.5,8.399,2,OK
8890,ASCENT,-1.4955,-0.034,0.9717,-0.00567,0.01523,-0.01409,74898.9,2485.6,39.920118,32.854053,2485.5,8.399,2,OK
8900,ASCENT,-1.425,-0.0637,0.9593,-0.00181,0.01985,-0.00933,74746.2,2485.8,39.920117,32.854099,2485.7,8.399,2,OK
8910,ASCENT,-1.4712,0.1341,0.9953,-0.00665,-0.01343,0.00734,74770.1,2487.7,39.920133,32.854101,2487.8,8.399,2,OK
8920,ASCENT,-1.4392,-0.0074,0.9745,0.0044,-0.01083,0.0078,74723.9,2488.5,39.920094,32.854133,2488.4,8.399,2,OK
8930,ASCENT,-1.4326,-0.0337,1.0129,-0.0059,0.00161,-0.00448,74691.6,2489.2,39.920099,32.854132,2489.2,8.399,2,OK
8940,ASCENT,-1.3989,-0.0315,0.9264,-0.00267,0.00146,0.01715,74722.0,2490.6,39.920061,32.854093,2490.7,8.399,2,OK
8950,ASCENT,-1.3995,0.0358,1.0801,-0.01112,0.00794,-0.00272,74743.8,2491.3,39.920107,32.854116,2491.4,8.399,2,OK
8960,ASCENT,-1.4088,0.0046,1.0213,-0.00549,0.00181,0.00503,74767.2,2492.3,39.920123,32.854099,2492.0,8.399,2,OK
8970,ASCENT,-1.439,-0.0563,0.9718,-0.00737,-0.00682,0.0053,74778.2,2494.3,39.92013,32.854087,2494.3,8.399,2,OK
8980,ASCENT,-1.4559,0.0426,1.0033,-0.01195,-0.00296,-0.01441,74740.6,2494.4,39.920093,32.854108,2494.4,8.399,2,OK
8990,ASCENT,-1.4818,0.0204,0.9863,0.00551,0.00878,-0.00197,74778.6,2495.9,39.920137,32.854116,2496.1,8.399,2,OK
9000,ASCENT,-1.3143,0.0669,1.0421,0.01427,-0.01087,-0.00163,74700.3,2495.2,39.920078,32.854092,2495.5,8.399,2,OK
9010,ASCENT,-1.4912,0.0399,1.0088,0.00276,-0.01347,-0.01031,74704.9,2497.4,39.920081,32.854072,2497.4,8.399,2,OK
9020,ASCENT,-1.4218,-0.0349,0.9822,0.00588,-0.00782,0.01927,74776.5,2497.4,39.920102,32.854119,2497.5,8.399,2,OK
9030,ASCENT,-1.4533,0.0933,1.1059,0.00386,-0.00433,-0.00893,74583.7,2499.2,39.920089,32.854091,2499.1,8.399,2,OK
9040,ASCENT,-1.4265,-0.0163,1.0036,-0.00701,0.00126,-0.00051,74657.8,2499.7,39.920116,32.85412,2499.7,8.399,2,OK
9050,ASCENT,-1.4634,-0.0126,1.0081,-0.00275,0.01544,-0.00287,74637.4,2502.3,39.920073,32.854094,2502.3,8.399,2,OK
9060,ASCENT,-1.2831,0.0231,0.971,0.01026,-0.01676,-0.01143,74721.3,2502.1,39.92009,32.854115,2502.1,8.399,2,OK
9070,ASCENT,-1.4912,-0.01,0.959,0.00024,-0.00103,-0.01002,74615.5,2502.6,39.920104,32.854073,2502.6,8.399,2,OK
9080,ASCENT,-1.4293,0.0352,1.0121,-0.00828,0.01624,0.02068,74764.9,2504.3,39.920082,32.854056,2504.2,8.399,2,OK
9090,ASCENT,-1.2939,-0.043,1.0569,0.00997,-0.00485,-0.01876,74712.2,2504.6,39.920119,32.854102,2504.8,8.399,2,OK
9100,ASCENT,-1.4101,-0.0292,0.9256,-0.0149,-0.01723,0.01084,74714.5,2505.3,39.92008,32.854161,2505.3,8.399,2,OK
9110,ASCENT,-1.343,-0.0454,0.9546,-0.00121,0.00108,-0.00351,74578.8,2506.2,39.920119,32.854093,2506.2,8.399,2,OK
9120,ASCENT,-1.4365,-0.0571,1.0023,0.00245,-0.00732,-0.00352,74572.7,2508.1,39.920109,32.854116,2508.3,8.399,2,OK
9130,ASCENT,-1.5004,-0.0103,1.0735,-0.00505,0.00722,-0.00594,74623.4,2509.1,39.92013,32.854131,2509.1,8.399,2,OK
9140,ASCENT,-1.4218,-0.0708,0.9961,0.00159,-0.00543,-0.00453,74604.1,2509.6,39.920097,32.854115,2509.6,8.399,2,OK
9150,ASCENT,-1.4753,0.1513,1.067,-0.00675,0.0001,-0.00815,74542.0,2510.3,39.920136,32.85413,2510.2,8.399,2,OK
9160,ASCENT,-1.3637,0.0039,1.0195,0.00254,-0.00654,-0.00551,74484.3,2511.4,39.920097,32.854129,2511.3,8.399,2,OK
9170,ASCENT,-1.3608,-0.0136,1.0275,-0.0187,0.00658,-0.00748,74518.8,2513.3,39.920099,32.854081,2513.3,8.399,2,OK
9180,ASCENT,-1.41,0.0245,0.9191,0.00993,-0.00176,0.00162,74560.6,2514.3,39.920131,32.85409,2514.4,8.399,2,OK
9190,ASCENT,-1.3723,0.062,0.9778,-0.00641,-0.0005,-0.0076,74428.8,2514.3,39.920058,32.85417,2514.2,8.399,2,OK
9200,ASCENT,-1.3763,-0.0751,1.0946,0.01558,0.00274,-0.01149,74483.5,2515.3,39.920134,32.854157,2515.3,8.399,2,OK
9210,ASCENT,-1.3179,0.0025,0.9568,-0.00636,-0.00714,0.01417,74522.9,2517.7,39.920093,32.854079,2517.7,8.399,2,OK
9220,ASCENT,-1.399,-0.0203,0.9907,-0.00318,-0.00441,0.00762,74586.9,2516.9,39.920104,32.854121,2517.0,8.399,2,OK
9230,ASCENT,-1.4387,-0.0124,0.9708,0.00608,-0.02368,-0.00386,74490.6,2519.3,39.920078,32.854077,2519.0,8.399,2,OK
9240,ASCENT,-1.339,-0.0233,0.9184,0.0119,0.00617,-0.01297,74488.8,2519.3,39.920068,32.85403,2519.3,8.399,2,OK
9250,ASCENT,-1.3611,-0.0777,0.9865,-0.00087,-0.00212,-0.0066,74539.4,2519.1,39.920109,32.854048,2519.1,8.399,2,OK
9260,ASCENT,-1.4105,0.0268,0.9451,0.01132,-0.00179,-0.00147,74438.9,2521.9,39.920087,32.854111,2521.7,8.399,2,OK
9270,ASCENT,-1.4262,0.0273,0.9196,-0.00103,-0.01177,-0.00037,74386.4,2521.4,39.920132,32.854113,2521.4,8.399,2,OK
9280,ASCENT,-1.4415,-0.0172,0.9907,0.00059,-0.01389,-0.00361,74435.8,2523.6,39.920087,32.854111,2523.8,8.399,2,OK
9290,ASCENT,-1.3289,0.0542,0.9896,-0.00203,0.00546,0.00792,74489.4,2524.5,39.920085,32.854131,2524.6,8.399,2,OK
9300,ASCENT,-1.3782,-0.0448,1.015,-0.0133,0.00475,-0.01249,74438.7,2525.2,39.92008,32.854103,2525.2,8.399,2,OK
9310,ASCENT,-1.3554,0.1143,0.9414,-0.00984,0.01148,-0.00409,74470.5,2525.6,39.920089,32.854123,2525.7,8.399,2,OK
9320,ASCENT,-1.2629,-0.041,1.113,0.01798,0.01289,-0.00794,74377.5,2526.9,39.920079,32.854152,2526.9,8.399,2,OK
9330,ASCENT,-1.3428,0.0026,0.9852,-0.00586,-0.00638,0.00226,74399.1,2528.3,39.92011,32.854069,2528.4,8.399,2,OK
9340,ASCENT,-1.4046,-0.0121,0.9968,-0.01144,0.00919,-0.00472,74371.0,2529.3,39.920135,32.854079,2529.4,8.399,2,OK
9350,ASCENT,-1.3939,0.0083,0.9865,0.00257,0.01905,-0.01514,74352.7,2529.3,39.920122,32.854043,2529.4,8.399,2,OK
9360,ASCENT,-1.2774,0.0181,1.0269,-0.0046,-0.01145,-0.00569,74392.4,2531.0,39.920042,32.854092,2531.0,8.399,2,OK
9370,ASCENT,-1.2957,-0.0455,1.0343,-0.00869,0.00867,0.01397,74402.6,2531.2,39.920135,32.854136,2531.0,8.399,2,OK
9380,ASCENT,-1.4399,0.0206,0.9849,0.00801,0.00148,0.00146,74313.2,2532.7,39.9201,32.854102,2532.8,8.399,2,OK
9390,ASCENT,-1.3705,-0.0188,1.0238,0.00126,0.00497,-0.01264,74392.9,2534.7,39.920092,32.854067,2534.8,8.399,2,OK
9400,ASCENT,-1.2606,0.086,1.079,-0.00735,0.00019,0.00805,74403.6,2535.1,39.920087,32.854103,2535.2,8.399,2,OK
9410,ASCENT,-1.344,0.0102,0.9605,-0.00261,0.00145,-0.00103,74390.3,2536.5,39.920108,32.854073,2536.4,8.399,2,OK
9420,ASCENT,-1.422,0.018,0.9498,-0.00785,-0.00547,-0.00709,74330.7,2537.3,39.920086,32.854104,2537.4,8.399,2,OK
9430,ASCENT,-1.3253,0.0585,0.9975,-0.00693,-0.01228,-0.01667,74351.8,2537.2,39.920074,32.854046,2537.1,8.399,2,OK
9440,ASCENT,-1.3865,0.0516,1.1002,-0.01625,-0.00856,0.00698,74356.8,2538.3,39.920106,32.854155,2538.4,8.399,2,OK
9450,ASCENT,-1.3888,-0.0153,1.0735,0.00745,-0.00345,0.01305,74213.1,2539.1,39.920127,32.854055,2539.1,8.399,2,OK
9460,ASCENT,-1.3478,0.029,0.9604,0.00294,-0.01506,0.01562,74279.0,2539.7,39.920064,32.854074,2539.7,8.399,2,OK
9470,ASCENT,-1.3088,-0.0232,1.0609,0.00909,-0.01139,-0.00681,74305.4,2541.5,39.920072,32.854126,2541.4,8.399,2,OK
9480,ASCENT,-1.3384,-0.0265,1.0079,-0.00204,-0.01145,-0.01394,74293.4,2542.5,39.920103,32.85411,2542.4,8.399,2,OK
9490,ASCENT,-1.2369,-0.0145,0.8569,0.01069,0.00787,-0.00544,74212.7,2542.4,39.920112,32.854097,2542.5,8.399,2,OK
9500,ASCENT,-1.3144,0.0414,0.9382,-0.00364,0.0108,0.01881,74231.2,2544.0,39.920047,32.85413,2543.9,8.399,2,OK
9510,ASCENT,-1.3986,0.0374,1.0115,0.00771,-0.00225,0.00838,74283.0,2545.4,39.9201,32.854059,2545.4,8.399,2,OK
9520,ASCENT,-1.4543,-0.0049,0.9833,-0.00312,0.0193,0.0022,74238.7,2546.4,39.920049,32.854124,2546.3,8.399,2,OK
9530,ASCENT,-1.4121,0.0532,1.0792,0.01728,-0.02046,-0.01194,74267.6,2545.9,39.920081,32.854083,2545.9,8.399,2,OK
9540,ASCENT,-1.4326,0.0,0.9987,-0.00792,-0.02148,0.00953,74170.1,2547.4,39.920054,32.854049,2547.3,8.399,2,OK
9550,ASCENT,-1.4177,-0.0124,0.9147,0.00161,0.00174,-0.01031,74257.4,2548.7,39.920103,32.854149,2548.5,8.399,2,OK
9560,ASCENT,-1.2825,0.027,0.9041,0.00796,0.01064,-0.00659,74220.2,2550.9,39.920041,32.854113,2550.8,8.399,2,OK
9570,ASCENT,-1.3277,0.0751,0.9586,-0.00152,0.00517,-0.00364,74203.7,2550.3,39.920071,32.854022,2550.3,8.399,2,OK
9580,ASCENT,-1.4037,-0.0825,0.9888,-0.00258,-0.01316,-0.00656,74190.8,2551.6,39.920122,32.854134,2551.6,8.399,2,OK
9590,ASCENT,-1.3908,-0.0389,1.0034,0.0243,-0.00488,-3e-05,74247.0,2551.7,39.920124,32.854128,2551.8,8.399,2,OK
9600,ASCENT,-1.3671,0.0316,1.0227,-0.00582,0.00898,0.00408,74189.8,2552.3,39.920106,32.854113,2552.4,8.399,2,OK
9610,ASCENT,-1.3302,0.0573,1.0457,0.00206,0.00433,0.00256,74276.2,2554.1,39.92008,32.854141,2554.1,8.399,2,OK
9620,ASCENT,-1.3593,0.0288,0.9488,0.01471,0.0109,0.01586,74157.7,2555.1,39.920119,32.85408,2555.1,8.399,2,OK
9630,ASCENT,-1.4218,-0.0221,1.0181,0.01273,-0.00849,-0.00337,74109.5,2555.6,39.920084,32.854093,2555.7,8.399,2,OK
9640,ASCENT,-1.4006,0.0472,1.0611,0.00327,-0.00156,0.00358,74169.8,2556.8,39.920105,32.854088,2556.6,8.399,2,OK
9650,ASCENT,-1.3654,0.024,1.0511,0.00205,0.00164,-0.00138,74098.5,2558.6,39.920091,32.854057,2558.7,8.399,2,OK
9660,ASCENT,-1.3691,0.0031,0.8878,0.00458,-0.02114,0.00854,74117.5,2559.4,39.920135,32.854099,2559.6,8.399,2,OK
9670,ASCENT,-1.4628,0.0853,0.9742,0.00329,0.00971,-0.00086,74091.5,2560.9,39.920127,32.854127,2560.8,8.399,2,OK
9680,ASCENT,-1.2926,0.0168,1.0327,0.00287,-0.00064,0.00361,74079.4,2560.2,39.920093,32.854084,2560.4,8.399,2,OK
9690,ASCENT,-1.3909,-0.0217,1.0448,-0.0197,-0.00237,-0.00573,74119.1,2561.4,39.920098,32.854096,2561.5,8.399,2,OK
9700,ASCENT,-1.3394,0.0917,0.9742,-0.01909,-0.01434,-0.00467,74064.5,2562.2,39.920109,32.85408,2562.1,8.399,2,OK
9710,ASCENT,-1.272,0.0121,0.9262,-0.00589,0.01135,-0.00779,74085.7,2562.7,39.920101,32.854072,2562.9,8.399,2,OK
9720,ASCENT,-1.3337,0.0219,1.0831,-0.00762,0.01101,0.0055,74071.0,2564.5,39.920095,32.854133,2564.6,8.399,2,OK
9730,ASCENT,-1.3284,-0.1231,0.9802,-0.01101,0.00814,-0.0131,74044.2,2564.7,39.920132,32.854079,2564.7,8.399,2,OK
9740,ASCENT,-1.2922,-0.0017,0.9883,-0.0002,0.00286,-0.00738,74059.6,2566.4,39.920075,32.854084,2566.6,8.399,2,OK
9750,ASCENT,-1.2839,-0.0345,1.0092,-0.00174,-0.00489,-0.00364,74041.7,2566.3,39.92013,32.854047,2566.3,8.399,2,OK
9760,ASCENT,-1.3445,0.0461,0.9988,-0.0104,-0.0187,-0.00152,74041.8,2566.9,39.92013,32.854165,2566.9,8.399,2,OK
9770,ASCENT,-1.3143,-0.0963,0.9475,0.01383,0.00537,-0.00976,74140.8,2568.6,39.920141,32.854082,2568.5,8.399,2,OK
9780,ASCENT,-1.3415,0.0369,1.0229,-0.00179,0.00037,0.00249,74074.8,2569.9,39.92008,32.854098,2569.9,8.399,2,OK
9790,ASCENT,-1.3377,-0.0857,0.9971,0.00288,-0.00963,-0.01425,74084.2,2569.5,39.920074,32.854082,2569.7,8.399,2,OK
9800,ASCENT,-1.3141,0.0507,0.9643,0.00302,0.01929,-0.00762,74030.4,2570.9,39.920117,32.854124,2570.8,8.399,2,OK
9810,ASCENT,-1.3195,-0.012,0.9486,0.01863,0.00154,0.01078,74005.5,2572.0,39.92006,32.854024,2572.1,8.399,2,OK
9820,ASCENT,-1.3189,-0.0452,1.0869,-0.00621,0.00671,0.0019,74085.6,2572.8,39.920088,32.854144,2572.8,8.399,2,OK
9830,ASCENT,-1.2596,-0.0049,1.0624,0.01202,-0.03888,0.0044,73983.1,2573.9,39.920116,32.854109,2574.0,8.399,2,OK
9840,ASCENT,-1.2523,0.0271,1.0578,0.01022,-0.00113,0.0099,74072.5,2574.7,39.92013,32.854078,2574.9,8.399,2,OK
9850,ASCENT,-1.2943,0.094,0.9602,-0.00266,-0.00714,-0.00306,73930.9,2575.3,39.920107,32.854114,2575.2,8.399,2,OK
9860,ASCENT,-1.3097,0.0364,1.0786,0.00997,0.0268,0.03101,73850.5,2575.5,39.9201,32.854118,2575.5,8.399,2,OK
9870,ASCENT,-1.3377,-0.0272,1.0421,-0.00487,-0.00289,0.0057,74008.1,2577.2,39.920075,32.85406,2577.2,8.399,2,OK
9880,ASCENT,-1.3665,0.0962,1.0743,-0.02382,0.01076,-0.00858,73896.0,2578.6,39.920098,32.854072,2578.6,8.399,2,OK
9890,ASCENT,-1.3276,-0.0193,0.9187,-0.00287,-0.00536,0.01538,73831.6,2579.1,39.920065,32.854064,2579.2,8.399,2,OK
9900,ASCENT,-1.3363,0.0358,1.0228,0.00373,-0.00275,0.00398,73952.8,2579.9,39.920064,32.854122,2580.0,8.399,2,OK
9910,ASCENT,-1.2902,0.0445,0.9426,0.0082,-0.01634,0.00283,73897.4,2580.5,39.920105,32.854075,2580.6,8.399,2,OK
9920,ASCENT,-1.3501,0.0102,1.0708,0.014,0.0058,-0.00303,73922.1,2580.9,39.920129,32.854112,2580.6,8.399,2,OK
9930,ASCENT,-1.2717,0.0494,0.9657,0.01271,-0.01267,-0.00057,73862.4,2582.4,39.920108,32.854146,2582.5,8.399,2,OK
9940,ASCENT,-1.4021,0.0083,0.975,0.01905,0.00106,0.00542,73898.4,2583.8,39.92017,32.854067,2583.7,8.399,2,OK
9950,ASCENT,-1.2382,-0.0273,1.0692,0.00362,0.0141,-0.0006,73902.6,2584.5,39.920083,32.854095,2584.4,8.399,2,OK
9960,ASCENT,-1.2773,0.0333,1.0776,0.00892,0.01389,0.01451,73899.0,2585.0,39.920121,32.85406,2584.9,8.399,2,OK
9970,ASCENT,-1.3198,-0.0718,0.9952,0.01182,0.02013,0.00456,73903.9,2585.6,39.9201,32.854092,2585.5,8.399,2,OK
9980,ASCENT,-1.3223,0.0255,1.0337,0.00424,-0.00306,-0.01037,73828.6,2586.5,39.920031,32.854065,2586.7,8.399,2,OK
9990,ASCENT,-1.3313,-0.0977,1.0638,-0.00121,-0.01772,-0.00414,73868.5,2588.3,39.920062,32.854183,2588.2,8.399,2,OK
10000,ASCENT,-1.3633,-0.0227,1.0645,-0.00386,-0.0101,0.00479,73859.7,2588.7,39.920107,32.854096,2588.7,8.399,2,OK
10010,ASCENT,-1.257,0.0089,1.0128,-0.00658,0.00765,0.00441,73884.8,2589.1,39.920101,32.854066,2589.1,8.399,2,OK
10020,ASCENT,-1.2615,-0.0055,1.0,0.00363,0.00484,0.00301,73881.6,2590.2,39.920082,32.854187,2590.3,8.399,2,OK
10030,ASCENT,-1.2993,-0.0175,0.948,0.00542,-0.01755,-0.01449,73812.7,2591.3,39.920081,32.854083,2591.2,8.399,2,OK
10040,ASCENT,-1.348,0.0173,0.9647,-0.01989,0.00367,0.00079,73764.0,2591.6,39.9201,32.854117,2591.6,8.399,2,OK
10050,ASCENT,-1.2714,0.0369,1.0022,0.01296,-0.00898,0.00023,73823.4,2593.4,39.92009,32.85404,2593.2,8.399,2,OK
10060,ASCENT,-1.2903,0.0174,0.9834,-0.00941,-0.01413,-0.02105,73851.2,2592.8,39.920073,32.854119,2592.9,8.399,2,OK
10070,ASCENT,-1.3197,-0.0209,1.0938,0.0145,-0.02152,-0.00437,73815.4,2594.5,39.920053,32.854039,2594.6,8.399,2,OK
10080,ASCENT,-1.3782,0.0195,1.012,-0.00979,-0.01744,0.01424,73767.7,2595.5,39.920086,32.854151,2595.6,8.399,2,OK
10090,ASCENT,-1.3321,0.0201,0.9952,-0.00584,0.00399,-0.01321,73792.0,2596.4,39.920095,32.854116,2596.4,8.399,2,OK
10100,ASCENT,-1.2748,-0.0254,0.9908,-0.00552,0.01525,0.00316,73722.0,2597.0,39.92012,32.854079,2596.9,8.399,2,OK
10110,ASCENT,-1.2816,-0.0079,0.983,0.0016,-0.0181,-0.02831,73774.9,2597.3,39.920013,32.85407,2597.1,8.399,2,OK
10120,ASCENT,-1.2022,-0.0054,1.001,-0.00215,0.00927,0.00472,73746.1,2598.8,39.920091,32.854132,2598.8,8.399,2,OK
10130,ASCENT,-1.3515,0.0236,1.0254,-0.0065,0.00033,-0.00487,73792.3,2599.4,39.920114,32.85406,2599.3,8.399,2,OK
10140,ASCENT,-1.281,0.0795,0.9687,-0.00722,-0.00228,-0.00332,73786.6,2601.0,39.920101,32.854124,2601.1,8.399,2,OK
10150,ASCENT,-1.2771,0.0243,0.9661,-0.00289,-0.00707,-0.01473,73747.0,2601.5,39.920064,32.854092,2601.5,8.399,2,OK
10160,ASCENT,-1.3504,0.0259,0.9883,-0.00326,-0.00123,0.00253,73641.9,2602.8,39.920124,32.854012,2602.9,8.399,2,OK
10170,ASCENT,-1.1736,0.0645,0.9781,-0.0036,-0.00837,0.00787,73673.2,2602.6,39.920114,32.854068,2602.6,8.399,2,OK
10180,ASCENT,-1.3266,0.0767,0.982,-0.00175,0.00454,-0.01034,73719.2,2603.9,39.920052,32.854163,2604.0,8.399,2,OK
10190,ASCENT,-1.3497,-0.0713,0.9765,0.01622,-0.00824,-0.00112,73682.5,2605.2,39.920107,32.854138,2605.1,8.399,2,OK
10200,ASCENT,-1.3656,0.0194,0.9863,-0.01431,-0.02353,0.02868,73697.8,2605.6,39.920108,32.85405,2605.5,8.399,2,OK
10210,ASCENT,-1.2588,-0.0614,0.9842,0.02049,-0.00188,-0.0119,73696.4,2606.2,39.920065,32.854114,2606.3,8.399,2,OK
10220,ASCENT,-1.3307,-0.083,1.0155,-0.00897,0.0194,0.00792,73586.9,2606.1,39.920073,32.854155,2606.2,8.399,2,OK
10230,ASCENT,-1.2894,-0.0624,0.9901,-0.00235,0.01618,-0.00126,73588.5,2608.5,39.920172,32.854087,2608.6,8.399,2,OK
10240,ASCENT,-1.3138,0.0435,0.9649,0.00045,-0.00115,0.01393,73656.7,2609.0,39.920116,32.854028,2608.9,8.399,2,OK
10250,ASCENT,-1.2323,0.0729,0.9755,-0.0014,0.00408,-0.00449,73597.1,2610.3,39.920109,32.854126,2610.3,8.399,2,OK
10260,ASCENT,-1.291,-0.025,1.0575,0.00399,0.01008,0.00759,73700.6,2611.4,39.92008,32.854117,2611.3,8.399,2,OK
10270,ASCENT,-1.3569,0.0272,0.945,-0.01523,0.02112,0.00325,73660.4,2610.7,39.920159,32.854122,2610.4,8.399,2,OK
10280,ASCENT,-1.3778,-0.0567,1.0142,-0.02071,-0.0009,0.01147,73560.1,2611.5,39.920096,32.854088,2611.4,8.399,2,OK
10290,ASCENT,-1.2585,-0.0533,1.0068,-0.00965,0.00179,0.01468,73561.4,2612.7,39.920111,32.854094,2612.7,8.399,2,OK
10300,ASCENT,-1.249,-0.0031,1.06,0.00834,0.00131,-0.01006,73621.7,2614.2,39.920084,32.854091,2614.1,8.399,2,OK
10310,ASCENT,-1.2485,-0.0022,0.8935,-0.01413,-0.00743,-0.00893,73647.4,2614.6,39.920097,32.85415,2614.5,8.399,2,OK
10320,ASCENT,-1.2843,0.0053,0.9172,-0.009,0.01096,-0.02075,73624.3,2615.9,39.92008,32.854071,2616.1,8.399,2,OK
10330,ASCENT,-1.2868,-0.0323,0.9663,-0.00079,0.0181,-0.00096,73523.4,2615.5,39.920103,32.854073,2615.5,8.399,2,OK
10340,ASCENT,-1.2455,0.0023,1.0859,0.00171,0.01945,0.00561,73573.8,2617.6,39.920109,32.854143,2617.7,8.399,2,OK
10350,ASCENT,-1.2955,0.0568,0.9703,-0.00744,-0.00904,0.0083,73617.5,2617.2,39.920115,32.854081,2617.4,8.399,2,OK
10360,ASCENT,-1.1952,-0.1037,1.0486,-0.00428,-0.00965,-0.01569,73523.0,2619.7,39.920066,32.854109,2619.5,8.399,2,OK
10370,ASCENT,-1.2276,-0.0194,0.9778,-0.00062,-0.00762,-0.0058,73525.3,2619.0,39.920128,32.854127,2618.9,8.399,2,OK
10380,ASCENT,-1.2843,-0.0514,1.0044,-0.00109,-0.00458,0.01155,73596.4,2620.3,39.920116,32.854131,2620.5,8.399,2,OK
10390,ASCENT,-1.1593,-0.0335,1.0355,0.0192,-0.00967,0.00558,73572.3,2620.6,39.920094,32.854117,2620.5,8.399,2,OK
10400,ASCENT,-1.2644,0.0975,1.0171,0.001,0.00198,0.02222,73510.8,2621.7,39.92015,32.854089,2621.5,8.399,2,OK
10410,ASCENT,-1.3361,-0.0182,1.059,0.00629,0.00584,-0.00893,73601.3,2623.0,39.920111,32.854115,2622.9,8.399,2,OK
10420,ASCENT,-1.1839,-0.0297,0.979,-0.0036,0.00648,0.00279,73542.8,2623.8,39.920077,32.854082,2623.7,8.399,2,OK
10430,ASCENT,-1.1823,0.0418,0.9319,0.0022,-0.0079,0.01631,73536.1,2623.3,39.920076,32.8541,2623.4,8.399,2,OK
10440,ASCENT,-1.2742,-0.0331,1.0501,0.00332,-0.00529,-0.00279,73454.8,2625.4,39.920075,32.854121,2625.4,8.399,2,OK
10450,ASCENT,-1.2028,-0.01,0.9851,-0.00885,0.00714,0.00111,73471.6,2626.2,39.920157,32.854033,2626.0,8.399,2,OK
10460,ASCENT,-1.2457,0.0215,1.015,-0.00966,0.00818,0.00661,73582.8,2627.2,39.920109,32.854057,2627.4,8.399,2,OK
10470,ASCENT,-1.2517,-0.0216,1.0122,0.00513,-0.00816,-0.00174,73477.3,2626.9,39.920097,32.854165,2626.9,8.399,2,OK
10480,ASCENT,-1.198,-0.0066,0.9526,0.01938,0.00052,-0.01738,73540.2,2628.3,39.920104,32.854068,2628.2,8.399,2,OK
10490,ASCENT,-1.1908,-0.084,1.007,-0.00449,-0.0102,-0.01064,73484.9,2629.5,39.920113,32.854109,2629.5,8.399,2,OK
10500,ASCENT,-1.2763,0.0707,0.9896,0.00839,0.01882,0.01782,73528.9,2629.3,39.920102,32.854137,2629.4,8.399,2,OK
10510,ASCENT,-1.2377,-0.001,0.9214,0.00684,0.00209,-0.00922,73465.5,2630.3,39.920085,32.8541,2630.1,8.399,2,OK
10520,ASCENT,-1.2635,-0.123,1.0279,0.00211,0.00864,0.00861,73437.8,2631.4,39.920089,32.854115,2631.5,8.399,2,OK
10530,ASCENT,-1.1896,0.019,1.0826,0.01679,-0.00798,0.02192,73431.8,2632.0,39.920042,32.854111,2631.9,8.399,2,OK
10540,ASCENT,-1.3207,0.0276,0.9488,0.01549,-0.01803,0.00208,73413.5,2632.5,39.920086,32.854068,2632.4,8.399,2,OK
10550,ASCENT,-1.2559,0.0148,0.9261,-0.00433,0.00711,0.00343,73475.3,2633.2,39.920086,32.854073,2633.2,8.399,2,OK
10560,ASCENT,-1.287,-0.0535,1.055,0.00245,0.00959,0.00516,73338.9,2634.1,39.920075,32.854076,2634.0,8.399,2,OK
10570,ASCENT,-1.2115,-0.0382,1.0796,-0.00232,0.00474,0.01241,73407.2,2635.2,39.920083,32.854017,2635.2,8.399,2,OK
10580,ASCENT,-1.313,-0.0726,1.0242,-0.004,-0.00063,-0.0119,73416.2,2636.4,39.920107,32.854118,2636.3,8.399,2,OK
10590,ASCENT,-1.2105,-0.0268,1.0629,0.01139,-0.00565,-0.01489,73384.0,2636.1,39.920139,32.854074,2636.0,8.399,2,OK
10600,ASCENT,-1.2841,-0.064,0.9928,0.02479,-0.01174,0.0159,73371.7,2638.3,39.920089,32.854068,2638.2,8.399,2,OK
10610,ASCENT,-1.2556,0.1147,1.0033,-0.00626,-0.00267,-0.00358,73384.4,2638.3,39.920122,32.854108,2638.4,8.399,2,OK
10620,ASCENT,-1.2443,0.0502,0.9921,-0.00188,-0.00109,0.0003,73350.0,2639.1,39.920121,32.854129,2639.3,8.399,2,OK
10630,ASCENT,-1.2217,0.0414,0.9508,0.00332,-0.00621,-0.00758,73407.2,2639.7,39.920075,32.854098,2639.7,8.399,2,OK
10640,ASCENT,-1.2118,0.0522,1.0118,-0.00939,0.00371,0.02551,73340.5,2640.7,39.920094,32.854048,2640.8,8.399,2,OK
10650,ASCENT,-1.3058,0.0007,0.9424,0.01113,-0.00092,-0.0093,73443.8,2641.2,39.920063,32.854074,2641.3,8.399,2,OK
10660,ASCENT,-1.2921,0.0506,0.9694,-0.00458,0.00285,-0.01312,73434.2,2642.9,39.920094,32.854113,2643.0,8.399,2,OK
10670,ASCENT,-1.1739,-0.0158,0.9753,0.01783,0.01629,-0.00816,73304.6,2642.9,39.920095,32.854092,2643.0,8.399,2,OK
10680,ASCENT,-1.3817,-0.0514,1.0093,-0.0108,-0.01211,-0.00929,73307.2,2643.2,39.920084,32.854124,2643.1,8.399,2,OK
10690,ASCENT,-1.2773,-0.0077,0.9424,-0.00049,-0.00576,-0.01226,73414.5,2644.5,39.920077,32.854096,2644.4,8.399,2,OK
10700,ASCENT,-1.2886,-0.0203,0.9176,-0.00626,0.00502,-0.01358,73335.3,2645.1,39.920079,32.854112,2644.9,8.399,2,OK
10710,ASCENT,-1.2302,0.0562,0.9691,0.01373,0.01841,-0.00693,73365.9,2646.0,39.920098,32.854121,2646.1,8.399,2,OK
10720,ASCENT,-1.2267,-0.0609,0.9674,0.00929,0.00961,0.0075,73327.2,2647.1,39.920107,32.854114,2647.1,8.399,2,OK
10730,ASCENT,-1.2864,0.0553,0.8915,0.01565,0.00087,0.01013,73371.5,2647.9,39.920106,32.854052,2647.9,8.399,2,OK
10740,ASCENT,-1.2568,-0.0033,0.9457,-0.00392,0.00205,-0.01959,73192.6,2648.0,39.920083,32.854142,2647.9,8.399,2,OK
10750,ASCENT,-1.1028,0.0067,0.9315,-0.01573,0.00029,0.00399,73256.9,2649.7,39.920105,32.854106,2649.7,8.399,2,OK
10760,ASCENT,-1.2871,0.0097,1.0333,0.01028,0.00677,-0.01042,73232.7,2649.9,39.920103,32.854068,2650.0,8.399,2,OK
10770,ASCENT,-1.186,-0.0135,1.0871,-0.00165,-0.01355,0.01007,73346.6,2650.7,39.920107,32.854099,2650.9,8.399,2,OK
10780,ASCENT,-1.2721,-0.1098,0.9721,0.00905,0.00389,0.00607,73226.0,2651.2,39.920102,32.854132,2651.2,8.399,2,OK
10790,ASCENT,-1.302,-0.0277,0.988,-0.00444,0.00294,0.00555,73295.2,2653.2,39.920143,32.854071,2653.0,8.399,2,OK
10800,ASCENT,-1.1983,0.0606,1.0626,0.00335,-0.01544,0.00724,73269.3,2653.0,39.920127,32.854115,2652.9,8.399,2,OK
10810,ASCENT,-1.3213,0.0699,0.9664,-0.00882,-0.00454,0.00412,73275.9,2653.5,39.920129,32.854139,2653.4,8.399,2,OK
10820,ASCENT,-1.1663,-0.0079,0.9508,-0.01102,0.00012,0.00848,73212.0,2655.1,39.920099,32.854096,2655.0,8.399,2,OK
10830,ASCENT,-1.2207,0.0179,1.0303,-0.00838,0.00896,0.00255,73241.1,2655.0,39.920109,32.854138,2654.9,8.399,2,OK
10840,ASCENT,-1.2369,-0.0268,0.9129,0.00677,0.01981,-0.01618,73260.0,2655.5,39.920099,32.854129,2655.5,8.399,2,OK
10850,ASCENT,-1.2485,-0.0572,1.0596,0.01406,0.00441,-0.02256,73281.7,2656.4,39.920144,32.854148,2656.4,8.399,2,OK
10860,ASCENT,-1.2385,0.0783,1.0008,0.00073,0.004,0.00626,73155.7,2657.1,39.920137,32.854042,2657.3,8.399,2,OK
10870,ASCENT,-1.2649,-0.0,1.0213,0.00067,-0.00216,-0.00624,73172.6,2658.2,39.920166,32.854092,2658.2,8.399,2,OK
10880,ASCENT,-1.1461,0.0179,0.9288,-0.00819,0.00317,-0.00864,73281.2,2659.1,39.920105,32.854049,2659.0,8.399,2,OK
10890,ASCENT,-1.2517,0.0156,0.9998,-0.01152,0.01154,0.01263,73175.6,2659.8,39.920117,32.854093,2659.6,8.399,2,OK
10900,ASCENT,-1.1887,-0.0366,1.0124,0.00085,0.00115,0.00037,73218.0,2660.5,39.920133,32.854073,2660.5,8.399,2,OK
10910,ASCENT,-1.2608,0.0012,0.9922,-9e-05,0.00418,0.01411,73115.6,2661.0,39.920098,32.854166,2660.9,8.399,2,OK
10920,ASCENT,-1.1739,0.0205,0.9866,-0.00646,-0.00591,-0.00329,73142.8,2661.8,39.920091,32.854142,2661.7,8.399,2,OK
10930,ASCENT,-1.1707,-0.0194,1.0104,-0.00524,0.00506,-0.00962,73049.7,2662.5,39.920132,32.854094,2662.6,8.399,2,OK
10940,ASCENT,-1.2028,0.0194,0.9414,-0.00101,-0.0068,0.01425,73117.8,2663.6,39.920093,32.854105,2663.6,8.399,2,OK
10950,ASCENT,-1.226,-0.1076,1.028,-0.00362,0.01237,-0.00047,73204.4,2664.8,39.920128,32.854058,2664.8,8.399,2,OK
10960,ASCENT,-1.2151,-0.0694,0.9604,-0.01994,-0.00351,-0.02447,73267.9,2664.3,39.92009,32.85405,2664.3,8.399,2,OK
10970,ASCENT,-1.1847,0.0135,1.1299,0.00504,-0.00146,-0.00293,73095.2,2665.3,39.920079,32.854159,2665.2,8.399,2,OK
10980,ASCENT,-1.2855,-0.0127,1.0585,-0.00777,0.00632,-0.00668,73106.9,2666.6,39.920093,32.854129,2666.7,8.399,2,OK
10990,ASCENT,-1.25,0.0294,0.9673,0.01025,0.00115,-0.00164,73136.6,2667.1,39.920098,32.854142,2667.2,8.399,2,OK
11000,ASCENT,-1.1569,0.0345,1.0509,0.00916,0.00631,0.01957,73105.2,2667.5,39.920094,32.854087,2667.3,8.399,2,OK
11010,ASCENT,-1.2762,-0.0711,0.9607,-0.01136,0.00194,-0.00701,73114.8,2668.2,39.920122,32.854071,2668.1,8.399,2,OK
11020,ASCENT,-1.1972,-0.0536,1.0588,0.01973,-0.00993,-0.00739,73070.6,2669.5,39.92008,32.854109,2669.7,8.399,2,OK
11030,ASCENT,-1.1485,0.0173,1.0162,-0.00297,0.00718,-0.00173,73082.5,2670.3,39.920123,32.854051,2670.2,8.399,2,OK
11040,ASCENT,-1.2255,-0.0346,1.074,-0.00991,-0.01287,0.00248,73080.2,2671.6,39.920099,32.854145,2671.7,8.399,2,OK
11050,ASCENT,-1.251,-0.0681,1.0715,0.01302,0.00437,-0.01929,73045.3,2670.8,39.920095,32.854056,2670.8,8.399,2,OK
11060,ASCENT,-1.2011,-0.0509,0.9386,-0.01679,0.00075,0.00384,73080.0,2671.7,39.92014,32.854169,2671.8,8.399,2,OK
11070,ASCENT,-1.1835,-0.1004,0.9727,-0.00535,-0.00355,0.0032,73051.7,2672.3,39.920114,32.854108,2672.3,8.399,2,OK
11080,ASCENT,-1.185,0.0498,1.0469,0.00871,0.02677,0.01218,73013.7,2673.6,39.920093,32.854088,2673.7,8.399,2,OK
11090,ASCENT,-1.1593,-0.0817,0.9578,-0.01258,-0.00637,-0.00761,73021.6,2674.3,39.920085,32.8541,2674.4,8.399,2,OK
11100,ASCENT,-1.2108,-0.0092,1.0195,0.01326,-0.01889,-0.00234,73044.7,2675.2,39.920075,32.854054,2675.3,8.399,2,OK
11110,ASCENT,-1.3052,0.0229,0.9542,-0.00113,0.01216,-0.01615,73008.0,2675.0,39.920099,32.854083,2675.1,8.399,2,OK
11120,ASCENT,-1.2027,0.0136,0.9353,-0.01028,-0.01351,-0.00149,72960.3,2676.6,39.920102,32.854069,2676.5,8.399,2,OK
11130,ASCENT,-1.272,-0.0084,0.9778,-0.00406,0.01873,-0.01623,73108.9,2677.9,39.920121,32.854088,2678.0,8.399,2,OK
11140,ASCENT,-1.2505,-0.0285,1.0555,-0.00773,-0.0003,-0.01444,72961.7,2677.9,39.920068,32.854096,2678.0,8.399,2,OK
11150,ASCENT,-1.189,-0.0168,0.9718,0.00834,0.01236,-0.00841,72985.7,2678.3,39.92006,32.854084,2678.4,8.399,2,OK
11160,ASCENT,-1.1475,0.1057,0.9928,-0.0091,-0.00688,0.01338,73057.8,2679.6,39.920065,32.854123,2679.5,8.399,2,OK
11170,ASCENT,-1.2011,0.0026,1.0437,0.0147,-0.0119,0.01502,72981.5,2681.0,39.920055,32.854051,2681.0,8.399,2,OK
11180,ASCENT,-1.2114,-0.0343,1.0437,-0.00092,0.021,0.00628,72981.2,2681.2,39.920071,32.854069,2681.1,8.399,2,OK
11190,ASCENT,-1.2308,0.0068,0.9415,0.00302,-0.00219,0.00902,73017.5,2681.1,39.920144,32.85411,2681.2,8.399,2,OK
11200,ASCENT,-1.1159,0.035,0.9613,-0.01208,0.01267,-0.01008,73001.0,2682.6,39.920125,32.854082,2682.5,8.399,2,OK
11210,ASCENT,-1.2247,0.0969,0.9503,-0.00242,0.01253,-0.02167,72928.1,2683.5,39.920107,32.854076,2683.7,8.399,2,OK
11220,ASCENT,-1.2448,0.0045,1.0219,-1e-05,-0.01377,-0.0034,72933.7,2683.9,39.920118,32.854101,2683.9,8.399,2,OK
11230,ASCENT,-1.2956,0.0616,1.1143,0.0005,0.00458,0.00817,72976.4,2685.0,39.920125,32.854116,2685.1,8.399,2,OK
11240,ASCENT,-1.2244,-0.0595,0.9788,-0.00264,0.00105,0.00556,72941.4,2685.1,39.920075,32.854131,2685.1,8.399,2,OK
11250,ASCENT,-1.2165,-0.0266,0.9856,0.00656,0.00407,0.01547,73045.6,2686.3,39.920115,32.854119,2686.3,8.399,2,OK
11260,ASCENT,-1.2393,0.0763,1.0219,-0.0088,0.01127,0.01263,73003.6,2686.7,39.9201,32.854179,2686.8,8.399,2,OK
11270,ASCENT,-1.2023,-0.0126,1.0193,-0.01386,-0.02525,-0.00344,72891.8,2686.7,39.920016,32.85407,2686.7,8.399,2,OK
11280,ASCENT,-1.1857,0.0258,1.0554,-0.01019,0.00439,0.00995,72888.9,2687.6,39.920114,32.854048,2687.5,8.399,2,OK
11290,ASCENT,-1.1819,0.0516,0.9512,0.00524,-0.00799,-0.00604,72936.5,2687.6,39.920142,32.854064,2687.7,8.399,2,OK
11300,ASCENT,-1.2919,-0.0479,1.0209,0.01849,-0.01431,-0.00485,72852.2,2688.8,39.920103,32.8541,2688.6,8.399,2,OK
11310,ASCENT,-1.2632,0.0634,1.0088,-0.00529,0.00067,0.00563,72904.2,2690.1,39.920106,32.854054,2690.0,8.399,2,OK
11320,ASCENT,-1.1602,0.0739,0.9883,-0.0122,0.01439,0.0077,73011.1,2691.5,39.920065,32.854055,2691.2,8.399,2,OK
11330,ASCENT,-1.1687,-0.0613,1.0092,0.00783,0.00273,0.00664,72955.5,2691.2,39.920117,32.854058,2691.3,8.399,2,OK
11340,ASCENT,-1.1776,0.0829,1.062,-0.00476,0.01095,0.0012,72865.2,2691.4,39.920128,32.854093,2691.3,8.399,2,OK
11350,ASCENT,-1.168,-0.1071,1.0102,0.0058,-0.00436,-4e-05,72831.2,2692.8,39.920078,32.854142,2692.6,8.399,2,OK
11360,ASCENT,-1.218,0.0986,0.9435,-0.00187,-0.00769,6e-05,72889.1,2693.4,39.920097,32.854075,2693.5,8.399,2,OK
11370,ASCENT,-1.2235,-0.0061,1.0613,0.01288,0.00691,-1e-05,72858.8,2694.0,39.920042,32.854125,2694.0,8.399,2,OK
11380,ASCENT,-1.2039,-0.0689,0.8762,-0.00134,-0.00773,-0.00903,72843.4,2694.9,39.920061,32.854189,2694.9,8.399,2,OK
11390,ASCENT,-1.2309,-0.0088,0.996,0.01855,-0.00432,0.00426,72918.1,2695.9,39.920135,32.85409,2695.9,8.399,2,OK
11400,ASCENT,-1.2065,0.0448,1.0849,-0.00384,-0.00716,-0.00468,72883.2,2695.6,39.920108,32.854121,2695.6,8.399,2,OK
11410,ASCENT,-1.3049,0.0049,0.9947,-0.00258,0.01764,-0.01061,72791.2,2697.0,39.920085,32.85411,2697.0,8.399,2,OK
11420,ASCENT,-1.1787,0.0442,0.9951,0.00361,0.00227,0.00644,72863.0,2697.6,39.920091,32.854062,2697.5,8.399,2,OK
11430,ASCENT,-1.1065,0.0597,1.0593,-0.02203,-0.00235,0.01454,72816.4,2698.5,39.920048,32.854054,2698.6,8.399,2,OK
11440,ASCENT,-1.1975,-0.0652,0.979,0.00294,-0.00578,-0.01573,72859.0,2698.6,39.920111,32.854101,2698.7,8.399,2,OK
11450,ASCENT,-1.1905,0.0478,0.9721,-0.01489,0.01105,-0.00744,72938.4,2699.6,39.920122,32.854157,2699.5,8.399,2,OK
11460,ASCENT,-1.1912,0.101,1.0009,-0.00903,0.00888,-0.00561,72732.0,2700.7,39.920115,32.854077,2700.8,8.399,2,OK
11470,ASCENT,-1.2187,-0.0426,0.9475,-0.00267,0.00345,0.01613,72796.2,2700.9,39.920107,32.854027,2700.8,8.399,2,OK
11480,ASCENT,-1.2269,0.0429,1.007,-0.00694,0.00079,0.00514,72824.3,2701.4,39.920079,32.854103,2701.5,8.399,2,OK
11490,ASCENT,-1.1242,0.0015,0.9096,-0.01345,-0.00168,-0.00108,72861.6,2702.9,39.920081,32.854129,2702.9,8.399,2,OK
11500,ASCENT,-1.1496,-0.0247,0.9063,0.01296,-0.00025,-4e-05,72770.3,2701.9,39.920137,32.854085,2702.0,8.399,2,OK
11510,ASCENT,-1.1361,-0.0466,1.08,0.00498,-0.00116,0.02256,72824.4,2704.1,39.920109,32.854126,2704.2,8.399,2,OK
11520,ASCENT,-1.1688,-0.025,0.9222,-0.01805,0.01247,0.00462,72748.5,2703.0,39.920124,32.85409,2703.1,8.399,2,OK
11530,ASCENT,-1.2557,-0.0224,0.9273,-0.00806,-0.00641,0.00283,72796.9,2705.4,39.92012,32.854091,2705.5,8.399,2,OK
11540,ASCENT,-1.2093,-0.1166,1.0191,-0.00265,-0.01437,-0.01055,72809.7,2705.1,39.920133,32.854158,2704.9,8.399,2,OK
11550,ASCENT,-1.2583,0.0208,1.0114,-0.00057,-0.01121,0.00513,72698.9,2706.2,39.920115,32.854085,2706.2,8.399,2,OK
11560,ASCENT,-1.1413,-0.0442,1.0177,0.00511,0.01036,-0.00616,72666.6,2707.2,39.920097,32.85409,2707.3,8.399,2,OK
11570,ASCENT,-1.1548,-0.0176,1.1237,-0.00667,0.00073,0.00127,72720.4,2706.8,39.920111,32.854103,2706.6,8.399,2,OK
11580,ASCENT,-1.1335,0.0609,1.064,-0.00044,0.01592,3e-05,72783.1,2707.2,39.920088,32.854087,2707.1,8.399,2,OK
11590,ASCENT,-1.2099,-0.0216,1.0659,-0.00073,-0.00064,-0.01282,72755.9,2708.7,39.920065,32.854081,2708.7,8.399,2,OK
11600,ASCENT,-1.1092,-0.0346,0.9783,-0.00191,-0.00358,-0.00277,72774.5,2709.6,39.920111,32.854138,2709.7,8.399,2,OK
11610,ASCENT,-1.1637,-0.0556,0.9743,-0.00351,-0.01212,-0.01182,72835.9,2710.7,39.920085,32.854112,2710.7,8.399,2,OK
11620,ASCENT,-1.071,-0.012,1.0314,-0.0002,-0.01096,-0.00799,72778.9,2711.5,39.920094,32.854109,2711.6,8.399,2,OK
11630,ASCENT,-1.2036,0.0149,1.0058,0.01021,-0.02547,0.00176,72628.2,2711.4,39.920102,32.854095,2711.4,8.399,2,OK
11640,ASCENT,-1.2317,-0.0346,1.0116,-0.00069,-0.0104,-0.00374,72729.5,2712.6,39.920087,32.854008,2712.5,8.399,2,OK
11650,ASCENT,-1.2253,0.0408,1.0495,-0.01508,-0.00305,-0.01939,72645.9,2712.6,39.920135,32.854114,2712.7,8.399,2,OK
11660,ASCENT,-1.2303,0.0132,1.0206,-0.00375,-0.00189,-0.00031,72753.9,2714.5,39.920107,32.854104,2714.5,8.399,2,OK
11670,ASCENT,-1.1993,0.0516,1.0474,0.01646,0.00521,0.00359,72696.6,2715.8,39.920071,32.85409,2716.0,8.399,2,OK
11680,ASCENT,-1.2156,-0.0136,1.0536,-0.00717,-0.01469,-0.01389,72693.2,2715.1,39.920081,32.854059,2715.1,8.399,2,OK
11690,ASCENT,-1.2191,-0.0596,1.0169,0.02115,0.00218,-0.00054,72709.0,2715.9,39.920084,32.854181,2715.9,8.399,2,OK
11700,ASCENT,-1.1491,0.0762,1.0391,0.00165,0.00983,-0.00215,72704.9,2715.9,39.92011,32.854071,2716.0,8.399,2,OK
11710,ASCENT,-1.1798,0.0182,0.9203,0.00376,0.00653,-0.02352,72697.0,2716.9,39.920116,32.854128,2716.9,8.399,2,OK
11720,ASCENT,-1.2654,0.0351,0.9637,0.00804,-0.01503,-0.00869,72689.5,2717.5,39.920145,32.854092,2717.4,8.399,2,OK
11730,ASCENT,-1.2092,0.0378,0.988,-2e-05,0.00699,-0.00506,72616.7,2717.9,39.920088,32.854102,2717.8,8.399,2,OK
11740,ASCENT,-1.1599,-0.0414,0.9747,0.00047,0.01098,-0.01253,72640.9,2719.8,39.920111,32.854074,2719.9,8.399,2,OK
11750,ASCENT,-1.1932,-0.0134,1.0086,-0.0004,-0.00711,-0.00769,72661.6,2719.1,39.920118,32.854128,2719.1,8.399,2,OK
11760,ASCENT,-1.1813,-0.0108,0.948,-0.00567,0.00135,-0.01133,72710.1,2719.6,39.920057,32.854094,2719.5,8.399,2,OK
11770,ASCENT,-1.1821,0.0287,1.0421,0.01025,-0.0138,-0.00243,72670.4,2720.9,39.920147,32.854138,2721.0,8.399,2,OK
11780,ASCENT,-1.1668,0.0089,1.0034,-0.01727,-0.0053,-0.00115,72676.5,2721.7,39.920074,32.854173,2721.7,8.399,2,OK
11790,ASCENT,-1.2519,0.0525,1.0054,0.00227,-0.01443,-0.00097,72669.4,2722.6,39.920097,32.854155,2722.5,8.399,2,OK
11800,ASCENT,-1.0772,-0.0145,0.9596,0.00277,0.00197,0.0002,72622.4,2722.0,39.920086,32.854065,2722.1,8.399,2,OK
11810,ASCENT,-1.0726,-0.0133,1.0203,-0.0042,0.01319,-0.02036,72643.4,2723.0,39.920077,32.854092,2723.1,8.399,2,OK
11820,ASCENT,-1.2338,-0.0473,0.9267,-0.00973,0.01233,-0.00312,72549.8,2723.8,39.920117,32.854166,2723.7,8.399,2,OK
11830,ASCENT,-1.1503,0.02,1.0928,0.0052,0.00541,-0.00421,72543.9,2724.9,39.920103,32.854201,2724.6,8.399,2,OK
11840,ASCENT,-1.1543,-0.0102,0.9874,0.00222,-0.00488,0.02022,72614.4,2725.0,39.920082,32.854133,2725.1,8.399,2,OK
11850,ASCENT,-1.2186,0.0843,1.032,-0.00945,0.01008,-0.00686,72544.5,2725.2,39.920085,32.854114,2725.2,8.399,2,OK
11860,ASCENT,-1.168,0.0322,0.9988,0.00272,0.01752,-0.00158,72603.3,2725.9,39.920069,32.854093,2725.8,8.399,2,OK
11870,ASCENT,-1.1785,0.0553,1.0168,-0.00258,-0.02358,0.00368,72472.4,2725.8,39.920096,32.854109,2725.8,8.399,2,OK
11880,ASCENT,-1.1423,0.0693,1.0256,-0.00775,-0.0055,-0.01447,72510.2,2727.6,39.920091,32.854109,2727.4,8.399,2,OK
11890,ASCENT,-1.1901,-0.0247,0.9647,-0.01449,-0.00535,-0.00213,72562.6,2728.1,39.920111,32.854124,2728.0,8.399,2,OK
11900,ASCENT,-1.1006,-0.0477,1.0534,0.01729,0.00251,0.0106,72549.5,2728.3,39.920091,32.854112,2728.5,8.399,2,OK
11910,ASCENT,-1.2105,0.0823,1.0224,-0.00344,0.00268,-0.00987,72486.8,2729.7,39.92009,32.854077,2729.4,8.399,2,OK
11920,ASCENT,-1.2079,0.0001,1.0152,0.00334,0.00496,0.00872,72553.9,2730.3,39.920119,32.854015,2730.5,8.399,2,OK
11930,ASCENT,-1.1515,0.0605,1.0267,-0.01283,0.02226,-0.01442,72428.0,2730.8,39.920099,32.854085,2730.9,8.399,2,OK
11940,ASCENT,-1.1048,-0.0141,1.0248,0.00368,0.00722,0.00267,72483.5,2731.7,39.92011,32.854157,2731.5,8.399,2,OK
11950,ASCENT,-1.1273,0.0363,1.0215,-0.00735,-0.00388,-0.01336,72545.2,2732.7,39.920075,32.85411,2732.8,8.399,2,OK
11960,ASCENT,-1.2069,0.0198,1.0311,0.0095,0.01114,0.01745,72604.5,2733.2,39.920137,32.854152,2733.2,8.399,2,OK
11970,ASCENT,-1.0358,0.0614,1.0482,-0.02445,-0.0041,-0.00098,72564.9,2733.5,39.920071,32.854123,2733.6,8.399,2,OK
11980,ASCENT,-1.124,-0.0636,1.0369,-0.00022,-0.0162,-0.00931,72523.3,2734.2,39.920048,32.854122,2734.0,8.399,2,OK
11990,ASCENT,-1.1483,0.0495,1.0662,0.0008,0.00139,-0.00285,72584.9,2734.6,39.920086,32.854123,2734.5,8.399,2,OK
12000,ASCENT,-1.1478,-0.0055,1.0152,0.00266,-0.00889,-0.01353,72527.0,2734.9,39.920111,32.854069,2734.9,8.399,2,OK
12010,ASCENT,-1.2162,0.067,1.0578,0.01619,-0.00222,-0.00343,72479.4,2736.2,39.920037,32.854097,2736.2,8.399,2,OK
12020,ASCENT,-1.201,0.0488,0.9235,0.01238,-0.00214,0.01091,72477.1,2735.6,39.920114,32.854097,2735.5,8.399,2,OK
12030,ASCENT,-1.0802,0.0583,1.0298,-0.00321,0.0049,0.01433,72572.6,2737.0,39.92006,32.854044,2737.1,8.399,2,OK
12040,ASCENT,-1.0536,0.0794,0.9539,-0.01659,0.01495,-0.015,72505.4,2738.3,39.920098,32.854116,2738.3,8.399,2,OK
12050,ASCENT,-1.0839,0.0078,1.0653,-0.02023,0.00444,0.0074,72515.0,2737.7,39.920099,32.854081,2737.8,8.399,2,OK
12060,ASCENT,-1.1111,0.0143,0.973,0.0039,-0.0008,0.01055,72483.4,2739.0,39.920108,32.854083,2739.0,8.399,2,OK
12070,ASCENT,-1.1627,0.0047,0.9298,0.00943,-0.00581,-0.01043,72490.1,2740.2,39.920126,32.854116,2740.2,8.399,2,OK
12080,ASCENT,-1.1145,-0.0034,0.9901,-0.01394,-0.01722,-0.01688,72438.0,2739.8,39.920118,32.854099,2739.9,8.399,2,OK
12090,ASCENT,-1.1522,0.0711,1.015,-0.00182,0.00782,-0.00021,72430.8,2740.6,39.920138,32.8541,2740.8,8.399,2,OK
12100,ASCENT,-1.1512,0.0282,1.0073,8e-05,0.00325,0.0035,72443.3,2741.4,39.920142,32.854115,2741.7,8.399,2,OK
12110,ASCENT,-1.1037,0.07,1.0228,-0.00264,0.00452,-0.00235,72419.5,2741.4,39.920142,32.854116,2741.3,8.399,2,OK
12120,ASCENT,-1.1957,0.0276,1.0926,-0.00829,0.00611,0.0126,72390.2,2742.0,39.920092,32.854111,2741.9,8.399,2,OK
12130,ASCENT,-1.2209,0.0257,1.0334,-0.00305,-0.00799,0.00239,72481.3,2743.0,39.920075,32.854171,2743.1,8.399,2,OK
12140,ASCENT,-1.0601,0.0103,1.0923,-0.01647,-0.0144,-0.00635,72464.3,2744.2,39.920103,32.854136,2744.2,8.399,2,OK
12150,ASCENT,-1.0668,-0.0383,1.037,0.0011,0.01003,-0.00201,72429.8,2744.2,39.920108,32.854157,2744.2,8.399,2,OK
12160,ASCENT,-1.1224,0.0387,0.9251,-0.02493,0.01275,0.00439,72440.3,2744.8,39.920152,32.85415,2744.9,8.399,2,OK
12170,ASCENT,-1.1861,0.0317,1.0595,0.00675,-0.00154,-0.00564,72392.0,2745.0,39.920074,32.854162,2744.9,8.399,2,OK
12180,ASCENT,-1.2445,-0.0001,0.9533,2e-05,-0.00544,-0.00137,72403.3,2746.9,39.920114,32.854084,2746.8,8.399,2,OK
12190,ASCENT,-1.0219,0.0181,0.8622,-0.0079,0.02381,0.00595,72371.9,2747.4,39.920036,32.854061,2747.4,8.399,2,OK
12200,ASCENT,-1.147,0.047,1.0154,0.00195,-0.00369,-0.00881,72477.5,2746.9,39.92013,32.854136,2746.8,8.399,2,OK
12210,ASCENT,-1.0911,0.0068,0.9268,0.00867,0.01186,-0.00679,72440.5,2747.4,39.920083,32.854163,2747.4,8.399,2,OK
12220,ASCENT,-1.1431,0.0563,1.0544,0.00185,-0.00456,-9e-05,72446.3,2748.1,39.920127,32.854097,2748.0,8.399,2,OK
12230,ASCENT,-1.138,0.0775,0.984,-0.00231,-0.01317,0.00316,72339.1,2748.5,39.920081,32.854079,2748.4,8.399,2,OK
12240,ASCENT,-1.152,0.1177,1.0302,0.00719,-0.00063,0.00274,72372.4,2749.5,39.920084,32.854083,2749.5,8.399,2,OK
12250,ASCENT,-1.0689,0.0085,1.054,-0.01325,0.00928,-0.00426,72347.4,2751.2,39.920124,32.854094,2751.4,8.399,2,OK
12260,ASCENT,-1.0849,0.0202,0.9666,-0.02586,0.01074,-0.00489,72369.1,2751.3,39.920132,32.854128,2751.1,8.399,2,OK
12270,ASCENT,-1.1598,0.0295,0.9864,-0.00913,-0.00433,-0.018,72272.9,2751.0,39.920061,32.854104,2751.1,8.399,2,OK
12280,ASCENT,-1.167,-0.0159,0.9968,-0.01522,0.00701,-0.00567,72385.2,2752.0,39.920109,32.854128,2751.8,8.399,2,OK
12290,ASCENT,-1.0863,0.0924,1.015,-0.00252,-0.00958,-0.00476,72305.8,2752.2,39.920075,32.854114,2752.4,8.399,2,OK
12300,ASCENT,-1.157,0.0173,0.9948,-0.002,0.00651,0.0014,72291.3,2752.6,39.920108,32.854115,2752.6,8.399,2,OK
12310,ASCENT,-1.0778,-0.0994,0.9895,0.0019,0.01138,0.01653,72336.9,2754.1,39.920063,32.854029,2754.2,8.399,2,OK
12320,ASCENT,-1.1805,-0.0279,1.0537,0.00218,-0.00229,0.02658,72346.9,2753.5,39.920072,32.854094,2753.5,8.399,2,OK
12330,ASCENT,-1.1523,-0.014,1.0316,0.00281,0.00435,-0.0007,72373.0,2754.7,39.920128,32.85415,2754.7,8.399,2,OK
12340,ASCENT,-1.1595,0.0598,0.9855,-0.01046,-0.00204,-0.00685,72347.0,2756.2,39.920079,32.854063,2756.1,8.399,2,OK
12350,ASCENT,-1.1465,-0.0483,0.9528,-0.01409,0.01688,0.01321,72322.8,2755.8,39.920111,32.854105,2755.7,8.399,2,OK
12360,ASCENT,-1.1798,0.0928,0.9521,0.00278,0.00439,0.00601,72456.3,2755.2,39.920131,32.854093,2755.1,8.399,2,OK
12370,ASCENT,-1.1123,0.0229,1.0201,0.00726,0.00343,0.00291,72213.3,2757.7,39.920078,32.854101,2757.6,8.399,2,OK
12380,ASCENT,-1.0721,-0.0915,1.0029,0.0004,0.00556,0.00474,72228.3,2757.6,39.920088,32.854078,2757.6,8.399,2,OK
12390,ASCENT,-1.1158,-0.0192,1.0337,0.00112,0.00603,-0.00676,72252.4,2757.1,39.92012,32.854103,2757.1,8.399,2,OK
12400,ASCENT,-1.2332,-0.0104,0.9664,0.01255,0.00881,-0.00967,72270.3,2759.3,39.920084,32.85409,2759.2,8.399,2,OK
12410,ASCENT,-1.0961,0.0309,1.0274,-0.02046,-0.00867,0.00569,72291.0,2758.7,39.920063,32.854101,2758.9,8.399,2,OK
12420,ASCENT,-1.2269,0.0911,1.0238,-0.01364,0.00435,0.01596,72319.3,2759.8,39.920077,32.854113,2759.6,8.399,2,OK
12430,ASCENT,-1.1341,-0.065,1.0165,-0.00086,0.00061,0.00732,72329.9,2760.3,39.920073,32.854168,2760.4,8.399,2,OK
12440,ASCENT,-1.1478,0.0299,0.933,0.00437,-0.02117,-0.00177,72185.9,2761.8,39.920057,32.854108,2761.9,8.399,2,OK
12450,ASCENT,-1.228,0.0049,1.0068,0.00196,-0.0049,0.01815,72312.2,2761.9,39.920125,32.854095,2761.9,8.399,2,OK
12460,ASCENT,-1.0982,0.0863,1.0107,-0.00229,-0.00451,0.02172,72231.2,2761.9,39.920082,32.854101,2761.9,8.399,2,OK
12470,ASCENT,-1.1529,0.0514,1.003,-0.00361,-0.00502,-0.0092,72206.2,2761.9,39.920124,32.854085,2761.9,8.399,2,OK
12480,ASCENT,-1.0689,0.0139,1.0034,0.00244,0.00057,0.00793,72323.4,2763.3,39.920101,32.85404,2763.4,8.399,2,OK
12490,ASCENT,-1.129,-0.1057,1.0824,-0.00586,0.00966,-0.01603,72265.0,2763.3,39.920097,32.854119,2763.3,8.399,2,OK
12500,ASCENT,-1.1641,0.0701,0.9481,-0.01104,-0.00348,0.0034,72250.9,2764.3,39.920099,32.854096,2764.5,8.399,2,OK
12510,ASCENT,-1.0476,0.0252,1.0015,-0.00515,0.0002,-0.01063,72270.1,2765.3,39.920132,32.854087,2765.2,8.399,2,OK
12520,ASCENT,-1.0413,0.0226,0.9748,0.00658,-0.00106,0.00404,72233.1,2765.8,39.920115,32.85407,2765.7,8.399,2,OK
12530,ASCENT,-1.1295,0.012,1.0594,0.01412,-0.01315,-0.01163,72214.7,2765.9,39.920094,32.854081,2765.9,8.399,2,OK
12540,ASCENT,-1.1945,0.0011,0.971,0.00574,0.001,0.00857,72283.2,2766.5,39.92006,32.854133,2766.5,8.399,2,OK
12550,ASCENT,-1.0299,-0.1037,1.0353,0.00442,0.01516,0.01308,72314.4,2767.3,39.920125,32.854088,2767.2,8.399,2,OK
12560,ASCENT,-1.1666,-0.012,0.9903,-0.01317,0.01162,-0.00404,72210.7,2768.8,39.920134,32.854122,2768.9,8.399,2,OK
12570,ASCENT,-1.1147,0.1243,1.0398,-5e-05,0.00506,0.00042,72180.5,2767.2,39.920127,32.854073,2767.3,8.399,2,OK
12580,ASCENT,-1.1355,0.0341,1.0508,0.00203,-0.01645,-0.00378,72218.3,2767.9,39.920124,32.854133,2767.9,8.399,2,OK
12590,ASCENT,-1.2043,-0.0707,1.0808,0.01093,0.00662,-0.00182,72189.8,2768.9,39.92013,32.854114,2768.7,8.399,2,OK
12600,ASCENT,-1.2206,-0.0346,1.0409,0.00559,0.00232,0.02192,72143.2,2770.3,39.920114,32.85409,2770.4,8.399,2,OK
12610,ASCENT,-1.1054,0.0031,0.9488,-0.00222,0.00436,-4e-05,72156.8,2769.8,39.920087,32.854107,2769.8,8.399,2,OK
12620,ASCENT,-1.1464,0.0482,1.0712,0.01133,0.01497,0.01369,72107.8,2771.8,39.920117,32.854143,2771.9,8.399,2,OK
12630,ASCENT,-1.0905,0.0924,0.9615,-0.01811,0.00145,0.02264,72165.5,2771.6,39.920115,32.854096,2771.6,8.399,2,OK
12640,ASCENT,-1.1652,0.0371,1.0649,0.00335,0.00356,0.0075,72123.7,2771.8,39.920097,32.854055,2771.8,8.399,2,OK
12650,ASCENT,-1.1579,-0.0314,1.1028,-0.01002,-0.01279,0.00215,72183.9,2772.8,39.920154,32.854073,2772.7,8.399,2,OK
12660,ASCENT,-1.0749,-0.0295,1.0402,0.0019,-0.00585,0.00107,72090.9,2774.0,39.920078,32.854078,2774.0,8.399,2,OK
12670,ASCENT,-1.0734,0.0031,1.0312,-0.01682,0.01072,-0.00826,72157.7,2773.5,39.920098,32.854117,2773.5,8.399,2,OK
12680,ASCENT,-1.0444,0.0151,0.9648,0.02175,-0.01088,0.00113,72119.5,2774.1,39.920088,32.854073,2774.2,8.399,2,OK
12690,ASCENT,-1.0712,-0.019,0.9921,-0.01101,-0.0109,0.00655,72142.9,2775.1,39.920089,32.854093,2775.1,8.399,2,OK
12700,ASCENT,-1.1168,0.0034,0.9498,-0.00661,0.00133,0.00244,72156.1,2774.4,39.920107,32.854026,2774.4,8.399,2,OK
12710,ASCENT,-1.142,0.0208,1.0133,-0.02159,0.00286,-0.00195,72138.7,2775.3,39.920124,32.854077,2775.1,8.399,2,OK
12720,ASCENT,-1.1521,-0.0258,1.0284,0.00463,0.002,0.00816,72061.4,2776.1,39.920086,32.854079,2775.9,8.399,2,OK
12730,ASCENT,-1.0631,0.0263,1.0725,-0.0106,-0.00965,0.01124,72077.7,2777.0,39.920115,32.854085,2776.9,8.399,2,OK
12740,ASCENT,-1.1018,0.0759,0.9847,0.0144,0.00986,0.00145,72065.8,2776.7,39.920072,32.854101,2776.6,8.399,2,OK
12750,ASCENT,-1.1959,0.0122,0.8707,-0.01735,-0.00264,0.01356,72080.9,2779.0,39.920095,32.854071,2779.1,8.399,2,OK
12760,ASCENT,-1.0541,-0.0419,1.0691,-0.00401,-0.01815,-0.0036,72005.7,2778.4,39.920106,32.854118,2778.6,8.399,2,OK
12770,ASCENT,-1.0799,0.026,0.9468,0.00097,0.0009,-0.00559,72071.9,2779.7,39.920049,32.854092,2779.7,8.399,2,OK
12780,ASCENT,-1.0992,-0.0557,1.0773,-0.01967,-0.00054,0.01229,72120.1,2780.2,39.920118,32.854063,2780.3,8.399,2,OK
12790,ASCENT,-1.1724,-0.0246,1.0216,0.01778,0.00434,-0.00619,72040.7,2780.5,39.920125,32.854102,2780.5,8.399,2,OK
12800,ASCENT,-1.2275,0.0873,1.0366,-0.00642,-0.0024,-0.00045,72106.7,2781.5,39.92011,32.854146,2781.4,8.399,2,OK
12810,ASCENT,-1.0694,-0.0077,0.9565,-0.00807,-0.00917,0.00367,72094.3,2781.1,39.920113,32.854063,2781.0,8.399,2,OK
12820,ASCENT,-1.1527,0.0848,1.1012,0.00289,0.00986,0.00868,72151.0,2782.0,39.920071,32.854095,2781.9,8.399,2,OK
12830,ASCENT,-1.1465,-0.0087,1.1043,0.02995,0.01905,0.02358,72074.6,2782.4,39.920108,32.8541,2782.4,8.399,2,OK
12840,ASCENT,-1.1363,0.0182,0.9705,-0.00143,-0.00372,0.0111,72116.4,2782.7,39.920106,32.854097,2782.7,8.399,2,OK
12850,ASCENT,-1.0956,0.0496,0.9241,-0.00537,0.01385,0.00221,71981.0,2782.9,39.920082,32.854074,2783.0,8.399,2,OK
12860,ASCENT,-1.1645,0.0325,0.9958,0.00341,0.00163,-0.01711,72080.7,2783.9,39.920143,32.854076,2783.8,8.399,2,OK
12870,ASCENT,-1.097,0.0302,1.0198,-0.00742,-0.00143,0.01708,72030.2,2783.6,39.920066,32.854105,2783.7,8.399,2,OK
12880,ASCENT,-1.1169,0.0165,1.0358,-0.02876,-0.00077,-0.01078,72113.2,2784.4,39.92009,32.854167,2784.3,8.399,2,OK
12890,ASCENT,-1.0725,0.0154,0.9929,-0.00304,0.00179,0.00642,72024.6,2786.2,39.920089,32.854082,2786.3,8.399,2,OK
12900,ASCENT,-1.2051,-0.0415,0.9983,0.00515,-0.00175,0.01397,72033.9,2786.3,39.920131,32.854042,2786.3,8.399,2,OK
12910,ASCENT,-1.0796,-0.013,1.0239,0.01186,0.00762,-0.00061,72015.3,2786.7,39.920104,32.854128,2786.7,8.399,2,OK
12920,ASCENT,-1.0611,0.0617,1.0352,-0.00461,0.00512,0.00469,72095.4,2787.2,39.920055,32.854153,2787.4,8.399,2,OK
12930,ASCENT,-1.0791,0.0003,1.0317,0.00721,0.00627,0.00898,71964.8,2787.8,39.920122,32.854165,2787.8,8.399,2,OK
12940,ASCENT,-1.1541,-0.032,1.082,-0.00099,0.01171,0.01651,72017.8,2787.9,39.92012,32.85407,2787.9,8.399,2,OK
12950,ASCENT,-1.1328,0.0262,1.0111,0.01753,0.00554,0.0071,71992.2,2789.2,39.920072,32.854162,2789.2,8.399,2,OK
12960,ASCENT,-1.1454,-0.0548,0.9676,-0.00878,-0.00303,-0.02293,72041.2,2788.4,39.920109,32.854062,2788.5,8.399,2,OK
12970,ASCENT,-1.0707,-0.0162,1.128,-0.00759,0.00227,0.00781,71917.7,2789.0,39.920084,32.854127,2789.0,8.399,2,OK
12980,ASCENT,-1.0608,-0.0044,1.0161,0.0023,0.00796,-0.01145,71928.9,2789.9,39.920093,32.854152,2789.9,8.399,2,OK
12990,ASCENT,-1.1399,-0.0648,0.9277,0.00312,0.00026,-0.00532,71941.3,2790.6,39.920123,32.854075,2790.6,8.399,2,OK
13000,ASCENT,-1.071,-0.1311,0.9128,-0.00341,-0.00108,-0.00352,72019.6,2791.2,39.920079,32.854072,2791.2,8.399,2,OK
13010,ASCENT,-1.1288,-0.0753,0.9704,0.02005,-0.00538,-0.0048,71979.5,2791.0,39.920107,32.854069,2791.1,8.399,2,OK
13020,ASCENT,-1.0619,0.0122,1.0729,0.00116,9e-05,-0.00458,71986.3,2791.7,39.920122,32.854076,2791.7,8.399,2,OK
13030,ASCENT,-1.0862,-0.0462,1.0017,-0.00901,-0.00496,-0.01194,71913.7,2792.3,39.92012,32.854117,2792.3,8.399,2,OK
13040,ASCENT,-1.2055,-0.0381,1.031,0.00325,0.01263,-0.00568,72017.2,2792.7,39.920104,32.854091,2792.9,8.399,2,OK
13050,ASCENT,-1.1127,0.0663,1.0012,0.00676,0.0088,0.0055,71983.4,2793.9,39.920115,32.854074,2794.1,8.399,2,OK
13060,ASCENT,-1.0872,-0.0049,1.0068,0.00342,-0.00956,-0.00029,71890.6,2794.7,39.920077,32.85413,2794.7,8.399,2,OK
13070,ASCENT,-1.0512,-0.026,0.9826,0.0134,-0.01701,-0.01194,72021.8,2793.8,39.920083,32.854089,2793.6,8.399,2,OK
13080,ASCENT,-1.0585,-0.0054,0.9836,0.00147,-0.00992,0.00655,71920.8,2795.4,39.92012,32.854096,2795.5,8.399,2,OK
13090,ASCENT,-1.156,0.0652,0.9712,-0.00586,-0.00133,-0.00356,71984.6,2795.4,39.920049,32.854066,2795.5,8.399,2,OK
13100,ASCENT,-1.1538,0.0663,0.9496,0.00875,0.01723,-0.00886,71992.7,2796.0,39.920103,32.854039,2796.0,8.399,2,OK
13110,ASCENT,-1.164,0.0595,1.0167,0.00579,0.00162,0.00297,71940.6,2796.6,39.92008,32.85407,2796.6,8.399,2,OK
13120,ASCENT,-1.0786,0.0172,0.8909,-0.00769,-0.01344,-0.0073,71933.5,2797.1,39.92015,32.854117,2797.3,8.399,2,OK
13130,ASCENT,-1.0453,-0.0537,0.9994,-0.00628,-0.01001,0.00417,71848.1,2796.9,39.92007,32.854092,2796.8,8.399,2,OK
13140,ASCENT,-1.0691,-0.033,0.9712,0.00656,0.00889,0.00353,72006.8,2798.5,39.920087,32.854152,2798.5,8.399,2,OK
13150,ASCENT,-1.0633,-0.0483,0.9109,0.00879,0.02069,-0.00258,71990.1,2798.8,39.920106,32.854099,2798.8,8.399,2,OK
13160,ASCENT,-1.0545,0.0214,0.9203,0.00898,-0.01285,0.00619,71854.4,2799.3,39.920084,32.854175,2799.3,8.399,2,OK
13170,ASCENT,-1.0578,-0.096,0.9542,0.00321,-0.00813,0.00707,71777.6,2799.5,39.92011,32.85409,2799.6,8.399,2,OK
13180,ASCENT,-1.0596,-0.0395,0.982,0.01338,-0.00153,-0.01225,71950.9,2799.5,39.920095,32.854092,2799.6,8.399,2,OK
13190,ASCENT,-1.2087,0.0121,0.922,0.01016,0.00163,0.00389,71833.3,2800.6,39.920108,32.854132,2800.7,8.399,2,OK
13200,ASCENT,-1.0708,-0.0008,1.0641,0.0113,-0.00951,-0.00046,71938.8,2801.0,39.920055,32.854022,2801.0,8.399,2,OK
13210,ASCENT,-1.0881,0.0618,1.008,0.00652,-0.01176,0.00915,71859.1,2801.5,39.920104,32.854095,2801.6,8.399,2,OK
13220,ASCENT,-1.0843,-0.0469,0.9551,0.00801,0.00592,-0.00765,71846.6,2801.9,39.920057,32.854079,2801.9,8.399,2,OK
13230,ASCENT,-1.0877,-0.0491,1.0822,-0.01931,-0.00452,-0.01071,71859.0,2802.2,39.920116,32.854109,2802.1,8.399,2,OK
13240,ASCENT,-1.0948,0.1216,0.9494,-0.00094,0.00181,-0.00519,71762.8,2803.0,39.920115,32.854083,2803.0,8.399,2,OK
13250,ASCENT,-1.1574,0.0397,0.9193,0.0135,-0.00211,-0.00528,71852.9,2803.1,39.920068,32.854106,2803.0,8.399,2,OK
13260,ASCENT,-1.068,-0.0106,0.9265,0.02193,0.00662,-0.00692,71935.4,2804.6,39.920064,32.854074,2804.6,8.399,2,OK
13270,ASCENT,-1.0983,-0.0687,1.0584,0.004,-0.00076,-0.00668,71804.5,2804.6,39.920107,32.854101,2804.7,8.399,2,OK
13280,ASCENT,-1.1179,0.0218,0.9569,-0.00767,0.00537,-0.01103,71903.8,2804.2,39.920096,32.854134,2804.2,8.399,2,OK
13290,ASCENT,-1.0848,0.0653,0.9685,-0.00987,0.00761,0.01377,71855.3,2805.7,39.92012,32.854126,2805.7,8.399,2,OK
13300,ASCENT,-1.0873,-0.0343,0.92,0.00143,-0.00041,0.00762,71916.6,2806.2,39.920138,32.854073,2806.1,8.399,2,OK
13310,ASCENT,-1.0227,0.0242,1.0183,0.00555,0.01252,0.0143,71816.7,2806.5,39.920072,32.854119,2806.4,8.399,2,OK
13320,ASCENT,-1.1766,0.016,0.9537,-0.02062,-0.00531,-0.00514,71802.7,2807.1,39.920112,32.854055,2807.1,8.399,2,OK
13330,ASCENT,-0.9862,-0.1397,0.9562,-0.00656,-0.00365,-0.00663,71779.6,2806.6,39.920122,32.854142,2806.6,8.399,2,OK
13340,ASCENT,-1.1468,0.0115,1.0198,0.00309,-0.01054,0.01193,71917.1,2807.4,39.920111,32.854169,2807.5,8.399,2,OK
13350,ASCENT,-1.1262,0.0266,0.9705,0.00833,0.00039,0.00839,71879.0,2807.5,39.920114,32.854142,2807.6,8.399,2,OK
13360,ASCENT,-1.0979,-0.0145,0.9809,-0.01862,-0.01227,0.00406,71845.3,2808.8,39.920131,32.854114,2808.7,8.399,2,OK
13370,ASCENT,-1.0808,0.0236,0.9697,-0.00178,0.01414,0.01381,71823.5,2809.0,39.920061,32.85416,2809.1,8.399,2,OK
13380,ASCENT,-1.2026,-0.0064,0.9774,-0.00232,0.00619,-0.00774,71826.1,2809.1,39.920136,32.854128,2809.2,8.399,2,OK
13390,ASCENT,-1.0136,0.1011,1.0228,0.00832,-0.00038,-0.0021,71809.7,2809.5,39.920115,32.854115,2809.7,8.399,2,OK
13400,ASCENT,-1.1624,-0.0611,1.0136,0.00417,-0.01445,-0.00746,71839.1,2809.5,39.920132,32.854057,2809.6,8.399,2,OK
13410,ASCENT,-1.1205,-0.0536,1.0771,-0.00118,-0.01007,0.00148,71829.5,2810.1,39.920074,32.854071,2810.1,8.399,2,OK
13420,ASCENT,-0.9773,-0.0298,1.0584,-0.02164,0.00087,-0.00487,71732.8,2810.2,39.920085,32.854102,2810.3,8.399,2,OK
13430,ASCENT,-1.0394,-0.0353,1.0348,0.01033,-0.00148,-0.00929,71819.4,2811.8,39.920133,32.854076,2811.7,8.399,2,OK
13440,ASCENT,-1.1067,0.0627,1.1028,-0.00613,0.00867,-0.00109,71778.2,2812.2,39.920123,32.854088,2812.1,8.399,2,OK
13450,ASCENT,-1.0845,-0.0745,0.9724,0.02062,0.00399,0.00143,71898.0,2812.6,39.920041,32.854108,2812.6,8.399,2,OK
13460,ASCENT,-1.0781,0.0094,0.9343,0.00381,0.00716,-0.00542,71849.8,2813.9,39.920123,32.854129,2813.9,8.399,2,OK
13470,ASCENT,-1.0066,-0.0285,1.0287,0.00838,-0.00077,-0.00567,71725.3,2814.3,39.920075,32.854053,2814.2,8.399,2,OK
13480,ASCENT,-1.0207,0.0248,0.9404,0.02218,0.01375,0.00354,71763.5,2813.5,39.920081,32.854103,2813.5,8.399,2,OK
13490,ASCENT,-1.157,0.0119,0.9789,-0.01562,-0.00083,-0.00323,71816.0,2814.7,39.920121,32.854135,2814.9,8.399,2,OK
13500,ASCENT,-1.0289,-0.095,0.9566,0.00231,-0.00791,0.00606,71826.8,2815.3,39.920144,32.854041,2815.2,8.399,2,OK
13510,ASCENT,-1.033,0.0016,0.9033,-0.00772,-0.00112,-0.00716,71890.4,2815.0,39.920093,32.85411,2815.0,8.399,2,OK
13520,ASCENT,-1.1069,0.0222,0.9946,-0.00172,-0.00218,0.00509,71784.2,2816.0,39.920109,32.854103,2815.8,8.399,2,OK
13530,ASCENT,-1.0583,0.014,1.0586,0.0051,0.00322,0.00947,71774.9,2816.0,39.920083,32.854139,2815.8,8.399,2,OK
13540,ASCENT,-1.0814,-0.039,1.003,0.00434,-0.01048,0.00636,71716.9,2815.7,39.920058,32.854129,2815.7,8.399,2,OK
13550,ASCENT,-1.0082,0.0305,0.9957,0.01307,0.02082,-0.00431,71762.2,2817.5,39.920109,32.854109,2817.5,8.399,2,OK
13560,ASCENT,-1.0047,-0.0121,0.9608,0.0024,-0.00044,-0.00717,71740.5,2817.6,39.920125,32.854053,2817.5,8.399,2,OK
13570,ASCENT,-1.1131,-0.0295,0.9951,-0.0021,-0.01029,0.00773,71642.6,2818.6,39.920058,32.854135,2818.8,8.399,2,OK
13580,ASCENT,-1.0399,-0.0431,0.9911,0.00315,-0.00719,0.01001,71820.4,2818.8,39.920139,32.8541,2819.1,8.399,2,OK
13590,ASCENT,-1.0533,-0.0765,0.9533,0.01377,0.00487,-0.00613,71717.3,2818.8,39.920122,32.854069,2818.8,8.399,2,OK
13600,ASCENT,-1.1224,-0.0148,1.0427,0.00054,0.00408,-0.01185,71834.8,2819.7,39.920066,32.854112,2819.6,8.399,2,OK
13610,ASCENT,-1.0175,-0.0614,1.0373,-0.01362,-0.01331,9e-05,71741.2,2819.8,39.920088,32.854132,2819.7,8.399,2,OK
13620,ASCENT,-1.0684,0.0591,0.967,-0.01688,-0.02019,-0.00176,71663.9,2820.1,39.920077,32.854154,2820.2,8.399,2,OK
13630,ASCENT,-1.1009,-0.0313,0.9831,0.01091,0.01181,-0.00735,71713.9,2820.8,39.920073,32.85409,2820.7,8.399,2,OK
13640,ASCENT,-1.0007,-0.0324,1.0608,-0.01114,-0.00148,-0.00059,71729.5,2820.6,39.920081,32.854081,2820.6,8.399,2,OK
13650,ASCENT,-1.1808,-0.037,1.0986,-0.00506,0.02339,0.00938,71577.2,2821.1,39.920119,32.854101,2821.1,8.399,2,OK
13660,ASCENT,-1.1348,0.0353,0.982,-0.01519,0.00091,-0.01112,71665.6,2822.4,39.920092,32.854176,2822.4,8.399,2,OK
13670,ASCENT,-1.0479,0.0626,1.0262,-0.03377,-0.00259,-0.01273,71751.1,2822.9,39.92011,32.854058,2823.0,8.399,2,OK
13680,ASCENT,-0.9865,0.0254,1.0704,0.00608,0.01443,0.00178,71724.3,2822.7,39.920139,32.854136,2822.7,8.399,2,OK
13690,ASCENT,-1.0359,0.0018,0.9291,0.00373,0.02154,-0.00313,71808.4,2823.6,39.920123,32.854077,2823.6,8.399,2,OK
13700,ASCENT,-1.0044,-0.1385,0.9965,-0.01015,-0.037,-0.00726,71660.4,2823.6,39.920073,32.854101,2823.6,8.399,2,OK
13710,ASCENT,-1.0071,-0.0436,0.9894,0.01113,-0.00824,0.00596,71782.5,2824.1,39.920111,32.854075,2824.2,8.399,2,OK
13720,ASCENT,-1.0952,0.0268,0.9242,0.00255,-0.00637,-0.01516,71743.1,2824.3,39.920133,32.854133,2824.3,8.399,2,OK
13730,ASCENT,-1.07,-0.0453,1.0701,0.01077,-0.0108,0.00053,71667.3,2824.7,39.920086,32.854149,2824.7,8.399,2,OK
13740,ASCENT,-1.0633,0.0054,1.0736,-0.01148,-0.01519,0.00062,71689.2,2825.9,39.920118,32.854052,2825.8,8.399,2,OK
13750,ASCENT,-1.0813,0.0666,1.007,-0.01513,0.00376,0.01859,71726.6,2826.0,39.920087,32.854069,2826.0,8.399,2,OK
13760,ASCENT,-0.9606,0.0433,0.9228,0.01426,-0.01124,0.00349,71667.2,2826.4,39.920079,32.854095,2826.3,8.399,2,OK
13770,ASCENT,-1.0449,-0.0284,0.9349,-0.01545,-0.00082,-0.00258,71692.0,2827.1,39.920101,32.854118,2827.1,8.399,2,OK
13780,ASCENT,-1.0604,0.0099,0.9984,0.01093,0.00602,0.00299,71711.0,2827.3,39.920138,32.854116,2827.3,8.399,2,OK
13790,ASCENT,-1.0238,0.0076,1.0482,-0.00257,-0.00034,-0.00056,71594.6,2827.7,39.920115,32.854075,2827.6,8.399,2,OK
13800,ASCENT,-1.1221,0.0051,1.0682,0.0031,0.00394,0.01007,71658.3,2828.6,39.920117,32.854113,2828.6,8.399,2,OK
13810,ASCENT,-1.0612,0.0292,1.0549,-0.00309,-0.02092,0.01018,71733.5,2827.8,39.920131,32.854092,2827.8,8.399,2,OK
13820,ASCENT,-1.0216,0.1444,1.0291,-0.00936,-0.01675,-0.00288,71657.1,2828.7,39.920062,32.854123,2828.6,8.399,2,OK
13830,ASCENT,-1.0245,-0.0482,1.0436,0.00152,0.01468,0.00083,71586.8,2828.8,39.920097,32.854127,2828.9,8.399,2,OK
13840,ASCENT,-1.0102,-0.0391,0.9747,-0.01269,0.0201,0.00439,71719.2,2829.5,39.920065,32.854095,2829.7,8.399,2,OK
13850,ASCENT,-0.9482,0.0653,1.0001,-0.00488,-0.00115,-0.00987,71629.1,2829.9,39.920146,32.854121,2830.1,8.399,2,OK
13860,ASCENT,-1.131,0.0746,0.9266,-0.00245,-0.01198,-0.01394,71608.0,2831.3,39.920105,32.854097,2831.3,8.399,2,OK
13870,ASCENT,-1.0853,0.0709,0.939,0.00989,0.00475,-0.00625,71650.5,2830.8,39.920101,32.854117,2830.7,8.399,2,OK
13880,ASCENT,-1.1659,0.0183,0.9646,0.01169,-0.00108,-0.01186,71624.4,2830.6,39.920057,32.854163,2830.7,8.399,2,OK
13890,ASCENT,-0.983,-0.0435,0.9797,0.01766,-0.00828,-0.0021,71633.2,2831.3,39.920135,32.854046,2831.2,8.399,2,OK
13900,ASCENT,-1.032,0.0854,1.0466,-0.00068,0.00607,-0.02387,71647.5,2831.9,39.920098,32.854144,2832.0,8.399,2,OK
13910,ASCENT,-1.0271,0.0027,0.9582,0.00787,-0.00505,-0.00581,71565.2,2832.7,39.920076,32.854137,2832.7,8.399,2,OK
13920,ASCENT,-1.0252,-0.0702,1.0452,-0.0086,-0.01244,0.00639,71564.0,2833.2,39.920125,32.854172,2833.3,8.399,2,OK
13930,ASCENT,-1.0519,-0.0028,0.9371,-0.00769,-0.01428,0.00235,71567.0,2833.2,39.920122,32.854063,2833.1,8.399,2,OK
13940,ASCENT,-1.0208,0.0116,0.9901,0.00144,0.0056,0.00318,71542.1,2833.7,39.92011,32.854119,2833.8,8.399,2,OK
13950,ASCENT,-1.0211,-0.0216,0.9369,-0.00291,0.00221,-0.01826,71504.9,2833.8,39.920155,32.854107,2833.8,8.399,2,OK
13960,ASCENT,-1.0363,-0.0782,1.0623,-0.00066,-0.00119,-0.03103,71614.6,2833.8,39.920132,32.854126,2833.8,8.399,2,OK
13970,ASCENT,-1.0159,0.1091,0.9264,-0.00421,-0.00759,-0.00365,71583.3,2835.2,39.9201,32.854102,2835.0,8.399,2,OK
13980,ASCENT,-1.0851,-0.0116,0.9963,-0.01322,-0.00793,0.01711,71611.2,2836.0,39.920058,32.854111,2836.0,8.399,2,OK
13990,ASCENT,-1.094,-0.032,1.0683,0.00882,-0.00285,0.00352,71694.9,2835.8,39.920124,32.854129,2835.8,8.399,2,OK
14000,ASCENT,-0.996,-0.0415,1.0419,-0.02096,-0.00922,0.00363,71485.9,2835.1,39.920093,32.854117,2835.2,8.399,2,OK
14010,ASCENT,-1.0607,-0.0654,1.0354,0.00753,0.00265,0.00547,71574.3,2837.1,39.920137,32.854074,2837.1,8.399,2,OK
14020,ASCENT,-1.0248,-0.0161,1.0297,0.01247,0.00911,0.00813,71602.0,2837.2,39.920117,32.854124,2837.1,8.399,2,OK
14030,ASCENT,-1.0606,-0.0783,1.0115,0.00906,9e-05,0.02765,71585.6,2836.7,39.920135,32.854137,2836.8,8.399,2,OK
14040,ASCENT,-1.061,0.0641,1.0161,-0.01547,0.01522,0.00224,71554.4,2838.3,39.92005,32.854193,2838.3,8.399,2,OK
14050,ASCENT,-1.0062,-0.0101,1.0119,-0.01111,-0.00691,0.01782,71514.4,2837.9,39.920088,32.854138,2837.7,8.399,2,OK
14060,ASCENT,-0.94,0.0286,1.0653,-0.00126,0.00925,0.01789,71581.5,2837.8,39.92011,32.854104,2837.8,8.399,2,OK
14070,ASCENT,-1.047,0.0238,0.958,-0.00472,0.00261,-0.00706,71570.7,2839.2,39.920131,32.854078,2839.1,8.399,2,OK
14080,ASCENT,-1.0559,0.0349,0.9372,0.01385,-0.0041,0.017,71561.5,2838.5,39.920095,32.854031,2838.6,8.399,2,OK
14090,ASCENT,-1.0767,-0.0265,1.04,-0.0025,-0.00405,0.01275,71519.1,2839.0,39.920123,32.854057,2839.2,8.399,2,OK
14100,ASCENT,-1.018,-0.0076,0.9978,0.00713,-0.00986,-0.01203,71501.9,2840.7,39.92011,32.854093,2840.7,8.399,2,OK
14110,ASCENT,-1.0657,-0.0135,0.9665,-0.00499,0.01663,0.00711,71584.2,2840.2,39.920057,32.854148,2840.3,8.399,2,OK
14120,ASCENT,-1.0105,0.0646,0.9802,-0.00064,0.01369,-0.00856,71543.4,2840.2,39.920119,32.854075,2840.3,8.399,2,OK
14130,ASCENT,-1.0007,-0.0045,1.0008,0.0094,0.01958,0.00835,71466.2,2840.6,39.920092,32.854125,2840.6,8.399,2,OK
14140,ASCENT,-1.0386,-0.0567,0.9997,-0.01506,0.00022,-0.00996,71524.9,2841.3,39.920076,32.854083,2841.2,8.399,2,OK
14150,ASCENT,-1.1104,-0.0447,1.01,0.01195,0.01887,0.00677,71558.2,2842.1,39.920113,32.854102,2842.1,8.399,2,OK
14160,ASCENT,-1.0178,0.0725,0.9687,0.01247,-0.02561,0.0193,71542.5,2841.6,39.920112,32.854139,2841.6,8.399,2,OK
14170,ASCENT,-1.0757,-0.1025,0.9462,0.00649,-0.00246,0.01961,71535.8,2842.5,39.920094,32.854043,2842.5,8.399,2,OK
14180,ASCENT,-1.029,-0.0728,1.021,0.00843,-0.00274,-0.01684,71510.4,2843.3,39.920138,32.854101,2843.3,8.399,2,OK
14190,ASCENT,-1.0886,-0.0049,0.9885,0.0194,0.01043,0.00308,71466.2,2844.2,39.920167,32.854084,2844.4,8.399,2,OK
14200,ASCENT,-1.1461,-0.0142,1.0262,-0.01008,0.00502,-0.00941,71570.7,2843.8,39.92011,32.854087,2843.9,8.399,2,OK
14210,ASCENT,-1.1,0.0393,1.0268,-0.00027,-0.00788,0.01488,71521.5,2843.8,39.920097,32.85412,2843.7,8.399,2,OK
14220,ASCENT,-0.9888,0.0079,1.1411,-0.00992,0.00881,0.00333,71506.4,2844.5,39.920086,32.854115,2844.5,8.399,2,OK
14230,ASCENT,-1.0039,0.0288,0.9515,-0.00183,-0.01907,0.00559,71444.0,2845.3,39.920139,32.854075,2845.3,8.399,2,OK
14240,ASCENT,-0.9774,0.0146,1.0284,0.00605,0.00762,-0.00555,71484.8,2846.1,39.920093,32.854147,2846.0,8.399,2,OK
14250,ASCENT,-1.0929,0.1155,1.026,5e-05,-0.00349,0.0012,71411.0,2845.6,39.920107,32.854099,2845.6,8.399,2,OK
14260,ASCENT,-1.0745,0.0267,1.0248,-0.00198,0.00617,-0.01981,71497.4,2847.1,39.920159,32.854069,2847.0,8.399,2,OK
14270,ASCENT,-1.038,0.0093,0.9258,0.00283,-0.01283,-0.01377,71501.8,2846.2,39.920154,32.854134,2846.3,8.399,2,OK
14280,ASCENT,-1.0374,-0.0661,0.9833,0.00894,-0.00979,0.00763,71517.6,2847.0,39.920121,32.854154,2847.0,8.399,2,OK
14290,ASCENT,-1.0923,0.0883,1.0321,0.00531,0.01175,-0.01658,71470.7,2847.6,39.920084,32.854091,2847.7,8.399,2,OK
14300,ASCENT,-1.0615,-0.0534,0.9361,-0.00118,0.02681,0.0046,71417.3,2847.8,39.920067,32.854128,2847.8,8.399,2,OK
14310,ASCENT,-1.0477,-0.0236,0.9603,0.01132,0.00541,-0.00861,71540.6,2847.7,39.920136,32.854054,2847.7,8.399,2,OK
14320,ASCENT,-1.0579,0.0564,0.9581,-0.00224,0.01305,0.0112,71461.7,2848.6,39.920133,32.854098,2848.7,8.399,2,OK
14330,ASCENT,-0.9643,-0.0131,1.0736,-0.00443,-0.01005,0.01319,71380.8,2847.8,39.920095,32.854104,2847.7,8.399,2,OK
14340,ASCENT,-1.0405,0.1017,1.0565,-0.01456,-0.01465,0.0046,71406.6,2849.9,39.920104,32.854057,2849.8,8.399,2,OK
14350,ASCENT,-1.0782,-0.0663,1.0239,0.00598,0.00593,-0.00909,71489.2,2849.8,39.9201,32.854094,2849.7,8.399,2,OK
14360,ASCENT,-0.9724,-0.0128,0.945,0.0073,-0.00831,0.0069,71422.1,2851.1,39.920179,32.854117,2851.0,8.399,2,OK
14370,ASCENT,-0.9347,-0.0283,1.0216,-9e-05,0.00346,0.01774,71479.5,2849.4,39.920098,32.854082,2849.5,8.399,2,OK
14380,ASCENT,-1.171,-0.0069,0.9145,0.01931,0.00463,0.0002,71495.2,2851.5,39.920148,32.854059,2851.4,8.399,2,OK
14390,ASCENT,-1.0316,-0.0815,1.0495,0.00936,-0.00407,0.00519,71426.2,2850.3,39.920072,32.854073,2850.3,8.399,2,OK
14400,ASCENT,-1.09,0.0981,1.0165,-0.01759,0.01358,0.00167,71415.8,2850.9,39.920123,32.853996,2850.8,8.399,2,OK
14410,ASCENT,-1.0582,-0.0168,1.0906,0.00671,-0.00674,-0.01284,71516.6,2851.8,39.920115,32.854143,2852.1,8.399,2,OK
14420,ASCENT,-1.1064,0.0686,1.0753,-0.00067,0.00334,-0.00351,71441.8,2851.9,39.920057,32.854084,2851.8,8.399,2,OK
14430,ASCENT,-1.0909,0.0512,0.9367,-0.00098,-0.01347,-0.00147,71477.6,2852.5,39.920113,32.854144,2852.5,8.399,2,OK
14440,ASCENT,-1.0071,-0.0262,0.9853,-0.02009,0.0044,-0.01295,71348.0,2852.7,39.920081,32.854085,2852.8,8.399,2,OK
14450,ASCENT,-1.1042,-0.0108,0.9495,0.00211,0.0247,-0.00239,71338.5,2852.9,39.920077,32.854116,2852.9,8.399,2,OK
14460,ASCENT,-1.0289,0.0508,0.9618,0.00229,0.01567,-0.01004,71426.2,2853.3,39.920118,32.854142,2853.3,8.399,2,OK
14470,ASCENT,-0.9834,0.0252,0.9763,-0.01459,-0.00278,0.00112,71445.2,2853.5,39.920061,32.854094,2853.7,8.399,2,OK
14480,ASCENT,-1.0188,-0.0182,1.0229,-0.02448,-0.00326,-4e-05,71520.7,2853.7,39.920149,32.854136,2853.6,8.399,2,OK
14490,ASCENT,-1.0183,0.0017,0.9701,0.00141,0.00316,-0.01101,71357.7,2854.1,39.920123,32.854068,2854.1,8.399,2,OK
14500,ASCENT,-1.1057,-0.0144,1.0183,-0.01772,-0.00169,-0.00751,71392.5,2854.9,39.920098,32.854074,2855.1,8.399,2,OK
14510,ASCENT,-1.0687,-0.0125,0.9095,-0.00692,-0.00959,0.01679,71400.2,2856.1,39.920062,32.854126,2856.0,8.399,2,OK
14520,ASCENT,-1.0798,-0.0177,0.9649,0.0102,-0.00034,0.00125,71447.0,2854.2,39.920082,32.854139,2854.2,8.399,2,OK
14530,ASCENT,-1.132,0.0402,1.091,0.00224,0.01352,-0.00479,71365.0,2856.0,39.920086,32.854103,2855.9,8.399,2,OK
14540,ASCENT,-1.0634,-0.0228,1.0427,0.00285,0.01447,0.0052,71390.5,2855.7,39.920091,32.854117,2855.7,8.399,2,OK
14550,ASCENT,-1.0471,-0.0503,0.9211,0.01106,0.00527,0.01629,71447.0,2855.8,39.920125,32.854094,2855.8,8.399,2,OK
14560,ASCENT,-1.1145,-0.0627,0.9249,0.00149,0.00436,0.00357,71434.5,2856.9,39.920088,32.854103,2856.9,8.399,2,OK
14570,ASCENT,-0.9419,-0.1015,1.0536,0.01957,0.00738,0.01396,71457.4,2857.8,39.920124,32.854055,2857.8,8.399,2,OK
14580,ASCENT,-1.0516,0.0784,1.04,0.00316,-0.00858,-0.01077,71405.4,2856.5,39.920098,32.854071,2856.3,8.399,2,OK
14590,ASCENT,-1.0551,-0.0482,1.0235,-0.0033,-0.01189,-0.00058,71380.1,2858.2,39.920102,32.854089,2858.1,8.399,2,OK
14600,ASCENT,-1.1292,0.0232,1.0148,0.0034,-0.00735,-0.00325,71500.6,2857.8,39.920127,32.854106,2857.9,8.399,2,OK
14610,ASCENT,-1.1148,-0.0008,0.9889,-0.00099,-0.00461,0.01049,71350.6,2857.6,39.92005,32.854064,2857.6,8.399,2,OK
14620,ASCENT,-1.0612,0.0678,1.0126,-0.00453,0.00627,-0.01194,71426.0,2859.6,39.920068,32.854072,2859.6,8.399,2,OK
14630,ASCENT,-1.018,0.0763,1.1211,0.00603,-0.01349,0.02086,71385.0,2859.6,39.920117,32.854058,2859.4,8.399,2,OK
14640,ASCENT,-0.976,0.0855,1.0011,0.01184,0.01523,-0.0008,71370.0,2859.2,39.920035,32.85411,2859.3,8.399,2,OK
14650,ASCENT,-1.0274,-0.0998,0.9817,-0.00618,0.01358,0.00979,71398.4,2859.8,39.920069,32.854097,2859.9,8.399,2,OK
14660,ASCENT,-1.0943,0.0052,0.9312,-0.02549,0.00921,-0.01083,71247.8,2859.7,39.920128,32.854112,2859.7,8.399,2,OK
14670,ASCENT,-1.1471,-0.0225,0.9865,0.00246,0.01006,-0.0148,71389.6,2860.3,39.920075,32.854093,2860.3,8.399,2,OK
14680,ASCENT,-1.0101,-0.0155,1.0124,0.001,-0.00993,0.00582,71318.0,2861.3,39.92008,32.854073,2861.1,8.399,2,OK
14690,ASCENT,-1.066,-0.0563,0.9653,0.01438,-0.01249,-0.01539,71342.7,2861.3,39.920094,32.85412,2861.3,8.399,2,OK
14700,ASCENT,-1.1135,-0.035,1.0135,-0.01799,-0.00447,-0.00173,71365.1,2861.3,39.920091,32.854077,2861.4,8.399,2,OK
14710,ASCENT,-0.972,-0.0008,1.0116,-0.0042,0.00096,0.01531,71395.0,2862.2,39.920064,32.854059,2862.2,8.399,2,OK
14720,ASCENT,-1.0687,0.0697,1.0529,-0.00441,-0.0052,0.00949,71308.7,2861.8,39.920075,32.854082,2861.9,8.399,2,OK
14730,ASCENT,-1.011,-0.0105,0.989,-0.00287,-0.00444,-0.00571,71337.6,2862.9,39.920097,32.854077,2862.9,8.399,2,OK
14740,ASCENT,-1.0039,-0.1123,0.9861,-0.00586,0.00912,-0.02734,71386.2,2863.4,39.920083,32.854084,2863.5,8.399,2,OK
14750,ASCENT,-1.0736,0.1057,1.0079,0.00176,0.00621,0.00741,71313.0,2861.9,39.920088,32.854094,2862.0,8.399,2,OK
14760,ASCENT,-1.1091,0.0078,1.0816,-0.00286,0.0083,0.0071,71326.4,2863.5,39.920089,32.854063,2863.4,8.399,2,OK
14770,ASCENT,-1.0441,0.0333,0.9544,-0.00266,0.00821,-0.01024,71322.0,2863.7,39.920079,32.85409,2863.5,8.399,2,OK
14780,ASCENT,-1.1093,-0.0046,1.0581,-0.01032,-0.00748,-0.01829,71415.5,2864.5,39.920055,32.854071,2864.5,8.399,2,OK
14790,ASCENT,-1.0424,0.0204,1.0097,-0.01116,-0.00412,-0.01737,71290.4,2864.0,39.920125,32.854098,2864.0,8.399,2,OK
14800,ASCENT,-1.147,-0.0159,0.9883,-0.00864,-0.0024,-0.00327,71352.3,2864.9,39.920085,32.854098,2864.9,8.399,2,OK
14810,ASCENT,-0.9576,0.0585,0.9681,-0.02136,0.00151,0.00648,71322.7,2863.5,39.920116,32.854119,2863.4,8.399,2,OK
14820,ASCENT,-1.0395,-0.0063,1.0555,-0.00204,0.00284,0.0125,71254.2,2865.1,39.920118,32.85415,2865.2,8.399,2,OK
14830,ASCENT,-1.1569,-0.0292,1.0844,-0.01081,0.02242,-0.00382,71349.9,2865.1,39.920125,32.854123,2865.0,8.399,2,OK
14840,ASCENT,-1.0912,-0.0047,1.0527,-0.00578,-0.0022,-0.0088,71271.6,2866.3,39.920131,32.854138,2866.3,8.399,2,OK
14850,ASCENT,-1.0629,-0.0097,1.0023,-0.01582,-0.00076,0.0065,71349.6,2866.1,39.92009,32.854084,2866.0,8.399,2,OK
14860,ASCENT,-0.9407,-0.0292,0.9201,-0.0083,0.00759,-0.00427,71256.8,2865.9,39.920118,32.854097,2865.8,8.399,2,OK
14870,ASCENT,-0.9284,0.0735,0.9925,-0.00645,0.00544,0.0106,71252.8,2866.8,39.920082,32.854122,2866.9,8.399,2,OK
14880,ASCENT,-1.0319,0.0135,1.0315,0.00024,-0.00049,-0.00087,71254.0,2866.6,39.920115,32.854075,2866.7,8.399,2,OK
14890,ASCENT,-0.9972,0.0422,1.0205,0.00738,-0.01551,0.01702,71338.3,2868.4,39.920122,32.854121,2868.4,8.399,2,OK
14900,ASCENT,-0.9897,-0.053,1.0328,-0.00866,-0.00225,-0.00107,71166.2,2867.1,39.920072,32.854109,2867.1,8.399,2,OK
14910,ASCENT,-1.0072,-0.042,0.9894,0.00907,0.00381,0.01284,71338.8,2867.7,39.920155,32.854102,2867.7,8.399,2,OK
14920,ASCENT,-0.9927,-0.0247,1.0141,0.00391,0.00812,0.00519,71324.3,2868.1,39.92013,32.854081,2868.1,8.399,2,OK
14930,ASCENT,-1.008,-0.0128,0.989,-0.00384,0.00232,-0.00784,71234.7,2868.4,39.920116,32.854108,2868.4,8.399,2,OK
14940,ASCENT,-1.0479,-0.022,0.9648,0.00814,0.01037,0.01085,71291.8,2869.6,39.920133,32.854157,2869.5,8.399,2,OK
14950,ASCENT,-1.1114,-0.0754,0.9452,-0.01738,0.00272,-0.01085,71272.4,2868.3,39.9201,32.854034,2868.2,8.399,2,OK
14960,ASCENT,-1.0542,0.059,0.9844,-0.01322,-0.00235,0.00194,71302.3,2869.4,39.92016,32.85404,2869.3,8.399,2,OK
14970,ASCENT,-1.0622,0.0316,1.0957,0.00333,-0.01746,-0.007,71198.4,2870.8,39.920113,32.854012,2870.7,8.399,2,OK
14980,ASCENT,-1.0341,-0.0407,1.0347,-0.00283,-0.01522,0.0003,71256.4,2870.3,39.920103,32.854101,2870.2,8.399,2,OK
14990,ASCENT,-0.9989,0.0396,1.0319,0.00465,-0.0071,-0.00464,71332.6,2870.6,39.920051,32.854158,2870.7,8.399,2,OK
15000,ASCENT,-1.0474,-0.032,0.9263,-0.01742,0.02332,0.00063,71259.5,2870.7,39.920078,32.854089,2870.7,8.399,2,OK
15010,ASCENT,-1.0727,0.0095,1.0353,-0.00171,-0.00169,0.01482,71164.7,2870.4,39.920115,32.854078,2870.3,8.398,2,OK
15020,ASCENT,-1.0421,0.0968,0.9957,-0.01889,0.00271,-0.00641,71254.9,2871.6,39.920136,32.854085,2871.4,8.398,2,OK
15030,ASCENT,-1.0473,-0.0527,1.0778,0.00707,-0.00348,0.00471,71224.9,2870.5,39.920111,32.854106,2870.4,8.398,2,OK
15040,ASCENT,-1.0175,0.0431,1.0256,0.01714,0.00828,0.01741,71170.9,2871.4,39.920096,32.854092,2871.5,8.398,2,OK
15050,ASCENT,-1.0381,0.005,1.018,0.01079,0.01536,0.00033,71324.6,2871.7,39.920071,32.854163,2871.8,8.398,2,OK
15060,ASCENT,-0.9996,-0.0519,0.9662,-0.00315,0.00613,-0.0017,71289.5,2871.7,39.920114,32.854091,2871.8,8.398,2,OK
15070,ASCENT,-0.9671,0.0662,1.023,-0.00398,-0.00859,0.01159,71142.3,2873.1,39.920119,32.854121,2873.0,8.398,2,OK
15080,ASCENT,-1.113,-0.0088,1.0135,-0.0106,0.00239,-0.00254,71160.6,2872.5,39.920117,32.854116,2872.6,8.398,2,OK
15090,ASCENT,-1.0246,-0.0493,1.0131,-0.01629,-0.01058,-0.00365,71196.8,2873.7,39.920104,32.854109,2873.7,8.398,2,OK
15100,ASCENT,-1.1002,0.0717,1.0422,0.011,-0.01826,-0.00949,71355.7,2873.3,39.920092,32.854126,2873.3,8.398,2,OK
15110,ASCENT,-1.0339,-0.135,0.9692,-0.01867,0.00438,0.00419,71288.1,2874.2,39.920075,32.854069,2874.2,8.398,2,OK
15120,ASCENT,-1.1376,0.0466,1.0355,0.01063,-0.02747,0.01613,71296.5,2874.2,39.920068,32.854038,2874.4,8.398,2,OK
15130,ASCENT,-1.0478,0.0387,1.0112,-0.01054,0.00707,0.00723,71298.2,2873.4,39.920033,32.854136,2873.3,8.398,2,OK
15140,ASCENT,-1.0065,0.0226,1.0357,0.02185,-0.01341,-0.03188,71200.5,2874.4,39.92009,32.854067,2874.5,8.398,2,OK
15150,ASCENT,-1.0092,0.0159,1.0475,0.00054,-0.00346,0.00486,71266.7,2875.2,39.920054,32.854094,2875.1,8.398,2,OK
15160,ASCENT,-0.9952,-0.0364,0.9934,0.01426,0.01773,0.01001,71310.9,2875.3,39.920106,32.854083,2875.2,8.398,2,OK
15170,ASCENT,-1.0316,-0.0707,1.0107,0.00644,-0.00026,0.00245,71171.6,2874.8,39.920098,32.854118,2874.8,8.398,2,OK
15180,ASCENT,-1.0429,0.0272,0.9487,-0.00713,7e-05,0.00276,71234.0,2876.0,39.92009,32.854082,2876.2,8.398,2,OK
15190,ASCENT,-1.0954,-0.0176,0.9712,0.01478,-7e-05,0.0111,71175.0,2875.6,39.920102,32.854117,2875.6,8.398,2,OK
15200,ASCENT,-1.0012,-0.017,0.9765,0.00407,-0.00505,-0.02005,71156.4,2876.2,39.920113,32.854128,2876.0,8.398,2,OK
15210,ASCENT,-1.0127,0.0392,0.9919,-0.00774,-0.02311,0.00814,71297.0,2877.6,39.920095,32.854062,2877.7,8.398,2,OK
15220,ASCENT,-1.0062,0.0047,1.0533,-0.00523,-0.00923,-0.02499,71150.1,2876.7,39.920111,32.854088,2876.7,8.398,2,OK
15230,ASCENT,-1.01,0.0844,0.9792,-0.00371,0.00788,0.00203,71247.0,2876.5,39.920134,32.854142,2876.7,8.398,2,OK
15240,ASCENT,-0.9432,-0.0104,1.0006,0.00519,0.00044,-0.01888,71232.1,2877.2,39.920072,32.854106,2877.2,8.398,2,OK
15250,ASCENT,-0.9438,0.0092,1.0325,0.00537,0.01425,-0.02331,71221.8,2877.9,39.920094,32.85402,2877.9,8.398,2,OK
15260,ASCENT,-0.9453,-0.0397,1.0296,0.00696,-0.00216,0.00604,71248.3,2877.7,39.920127,32.854042,2877.6,8.398,2,OK
15270,ASCENT,-0.9824,-0.0785,0.9429,-0.00317,-0.00047,-0.0009,71284.3,2878.7,39.920087,32.85406,2878.7,8.398,2,OK
15280,ASCENT,-1.0489,-0.0418,0.9419,0.00011,-0.00116,0.00608,71170.7,2879.3,39.920046,32.854093,2879.3,8.398,2,OK
15290,ASCENT,-1.0364,0.0068,0.9612,-0.01747,0.00329,0.00245,71185.5,2878.2,39.920096,32.854078,2878.1,8.398,2,OK
15300,ASCENT,-1.0396,-0.043,1.0463,0.00207,-0.00237,0.00308,71209.9,2879.7,39.920107,32.854122,2879.7,8.398,2,OK
15310,ASCENT,-1.0525,0.0172,0.9857,0.01036,-0.00722,-0.01771,71105.9,2878.9,39.920109,32.854074,2879.0,8.398,2,OK
15320,ASCENT,-1.0741,0.0268,0.8994,0.00282,-0.02198,-0.00549,71331.1,2880.1,39.920094,32.854056,2880.0,8.398,2,OK
15330,ASCENT,-1.0612,-0.0213,0.9916,-0.00882,-0.0067,-0.00414,71142.9,2879.3,39.920117,32.854092,2879.1,8.398,2,OK
15340,ASCENT,-1.0066,-0.0182,1.0339,-0.00372,-0.00073,-0.00189,71246.1,2879.3,39.920118,32.854074,2879.3,8.398,2,OK
15350,ASCENT,-1.0244,0.1459,0.9709,-0.00989,-0.02214,0.01248,71217.3,2880.1,39.920129,32.854062,2880.0,8.398,2,OK
15360,ASCENT,-1.0305,-0.0522,1.0754,0.00685,0.00182,0.01589,71187.9,2881.2,39.920175,32.854091,2881.3,8.398,2,OK
15370,ASCENT,-0.9816,0.0231,1.0476,0.00477,-0.00775,0.00188,71213.2,2880.3,39.920123,32.854094,2880.5,8.398,2,OK
15380,ASCENT,-1.0191,-0.0294,0.9461,-0.00478,-0.00104,-0.0166,71217.7,2881.4,39.9201,32.854005,2881.4,8.398,2,OK
15390,ASCENT,-1.0568,-0.1217,1.0415,-0.00702,-0.00778,0.02032,71211.0,2881.5,39.920113,32.854106,2881.6,8.398,2,OK
15400,ASCENT,-1.1103,-0.0021,1.0491,0.00257,0.01925,0.011,71102.0,2882.3,39.920078,32.854075,2882.4,8.398,2,OK
15410,ASCENT,-1.0728,0.1377,1.0265,-0.01141,0.00959,-0.01774,71123.1,2881.3,39.920106,32.854072,2881.5,8.398,2,OK
15420,ASCENT,-1.0602,-0.0196,1.0448,-0.02453,0.00735,-0.00713,71255.3,2881.7,39.920086,32.854134,2881.7,8.398,2,OK
15430,ASCENT,-1.038,0.0764,0.9751,-0.01046,-0.00584,0.00981,71182.9,2882.9,39.920056,32.854126,2883.0,8.398,2,OK
15440,ASCENT,-0.9263,0.0343,1.053,0.00613,0.01801,0.005,71128.3,2882.4,39.920093,32.854082,2882.5,8.398,2,OK
15450,ASCENT,-1.0999,0.0032,1.022,0.01461,0.00892,0.01347,71152.4,2882.5,39.920079,32.854108,2882.5,8.398,2,OK
15460,ASCENT,-0.9592,-0.043,1.026,0.01501,-0.00025,-0.01527,71172.8,2884.1,39.920105,32.854059,2884.1,8.398,2,OK
15470,ASCENT,-0.9995,-0.0028,1.0833,0.00895,-0.00524,-0.01168,71121.5,2883.5,39.920089,32.85406,2883.4,8.398,2,OK
15480,ASCENT,-1.0378,0.0298,0.9233,0.00398,-0.00397,0.01331,71044.8,2883.7,39.920073,32.854076,2883.7,8.398,2,OK
15490,ASCENT,-1.0166,0.0004,1.0731,0.00246,-0.00817,0.01493,71180.3,2883.7,39.920083,32.854103,2883.6,8.398,2,OK
15500,ASCENT,-0.9839,-0.0275,0.9588,-0.01518,0.00353,-0.00108,71165.5,2884.0,39.920118,32.854094,2883.9,8.398,2,OK
15510,ASCENT,-0.9946,-0.0274,1.0309,-0.00222,0.00753,0.00879,71184.7,2884.2,39.920104,32.854109,2884.0,8.398,2,OK
15520,ASCENT,-1.0695,0.0058,1.0143,-0.00685,0.00691,0.01809,71101.9,2884.4,39.920082,32.854103,2884.3,8.398,2,OK
15530,ASCENT,-1.0963,0.0641,1.0114,-0.00991,-0.00438,-0.01491,71145.7,2884.0,39.920115,32.854169,2884.0,8.398,2,OK
15540,ASCENT,-1.0294,-0.0245,0.9393,0.00131,0.00652,0.0142,71182.9,2885.2,39.920088,32.854089,2885.3,8.398,2,OK
15550,ASCENT,-1.0432,-0.0105,0.9868,0.00117,0.01086,0.00924,71183.2,2885.3,39.920109,32.85413,2885.2,8.398,2,OK
15560,ASCENT,-1.0118,0.083,0.9803,-0.00606,0.0044,-0.00888,71098.8,2885.2,39.920092,32.854082,2885.3,8.398,2,OK
15570,ASCENT,-1.003,-0.0046,1.0903,0.00928,0.01613,0.01035,71006.9,2885.5,39.920067,32.854122,2885.5,8.398,2,OK
15580,ASCENT,-1.1472,-0.0541,1.0425,-0.01029,-0.00934,0.00186,71102.0,2886.4,39.92014,32.854055,2886.3,8.398,2,OK
15590,ASCENT,-1.1049,-0.0489,1.019,0.00824,0.01051,0.00875,71133.8,2885.8,39.920113,32.854083,2885.8,8.398,2,OK
15600,ASCENT,-1.0535,0.0754,1.0331,0.0008,-0.00075,-0.01448,71077.7,2886.0,39.920115,32.854133,2886.1,8.398,2,OK
15610,ASCENT,-1.0183,-0.0025,1.0329,-0.00359,-0.00099,0.00694,71164.0,2886.3,39.920064,32.854111,2886.3,8.398,2,OK
15620,ASCENT,-1.0904,0.0375,0.9955,-0.0066,0.00913,0.00299,71055.2,2887.0,39.920114,32.854065,2886.9,8.398,2,OK
15630,ASCENT,-1.0293,0.0114,1.0055,0.00104,0.00066,0.00177,71116.9,2886.6,39.920053,32.85412,2886.5,8.398,2,OK
15640,ASCENT,-1.1436,-0.0819,1.015,0.00619,-0.00283,0.00893,71089.5,2887.0,39.920092,32.854081,2886.8,8.398,2,OK
15650,ASCENT,-1.0269,-0.0643,1.0602,0.00293,0.00549,0.00453,71198.5,2887.8,39.920102,32.854064,2887.9,8.398,2,OK
15660,ASCENT,-1.0264,-0.041,1.0238,-0.00549,0.00973,-0.00986,71200.7,2887.3,39.920059,32.854099,2887.5,8.398,2,OK
15670,ASCENT,-0.9534,-0.0003,0.8941,-0.00319,0.00232,0.00232,71117.4,2889.3,39.920117,32.854141,2889.4,8.398,2,OK
15680,ASCENT,-1.0246,0.0222,1.0313,-0.01009,0.00147,0.01552,71193.4,2888.2,39.920104,32.854098,2888.2,8.398,2,OK
15690,ASCENT,-1.1194,0.1097,1.0271,-0.00183,0.01158,-0.00039,71021.0,2888.7,39.920086,32.854113,2888.8,8.398,2,OK
15700,ASCENT,-1.0991,0.0292,1.0448,-0.0163,-0.00098,-0.00034,71045.7,2889.0,39.920047,32.854106,2889.1,8.398,2,OK
15710,ASCENT,-1.0379,0.0243,0.9973,-0.0173,-0.00068,0.00088,71018.6,2889.2,39.920092,32.854131,2889.2,8.398,2,OK
15720,ASCENT,-0.9245,0.0617,0.9888,-0.00033,-0.00036,0.00182,71071.8,2888.9,39.92009,32.854089,2888.9,8.398,2,OK
15730,ASCENT,-1.0147,-0.0933,0.981,0.01275,-0.00539,0.00668,71059.8,2890.1,39.920099,32.854161,2890.1,8.398,2,OK
15740,ASCENT,-1.0398,-0.002,0.9823,-0.01183,0.00112,-0.00917,71091.4,2889.9,39.920066,32.854083,2890.0,8.398,2,OK
15750,ASCENT,-1.0644,0.0976,1.0046,-0.00739,0.00215,0.01715,71140.5,2890.0,39.920101,32.854064,2889.9,8.398,2,OK
15760,ASCENT,-1.0082,0.0081,0.9605,0.00355,-0.01238,-0.01134,71071.4,2890.5,39.920092,32.854094,2890.6,8.398,2,OK
15770,ASCENT,-1.0561,-0.0097,0.9982,-0.00124,0.00046,-0.00036,71138.6,2889.9,39.920087,32.854105,2889.7,8.398,2,OK
15780,ASCENT,-1.0737,0.1211,1.0613,0.00855,0.00983,-0.00199,71123.7,2891.3,39.920101,32.854109,2891.3,8.398,2,OK
15790,ASCENT,-1.0207,0.087,1.0571,-0.00368,0.0127,-0.00333,71071.5,2890.9,39.920053,32.854161,2890.8,8.398,2,OK
15800,ASCENT,-1.071,-0.0102,0.9416,-0.00035,-0.01482,0.00125,70953.4,2890.9,39.920086,32.854116,2890.8,8.398,2,OK
15810,ASCENT,-0.9966,-0.0006,0.9562,-0.00206,0.0115,-0.00858,71021.6,2891.4,39.920096,32.854116,2891.2,8.398,2,OK
15820,ASCENT,-0.9966,-0.0261,1.0314,-0.00322,0.00545,0.0038,71127.2,2891.1,39.920084,32.854142,2891.2,8.398,2,OK
15830,ASCENT,-1.0269,0.0076,0.9989,-0.0113,0.01295,-0.00572,71129.7,2892.0,39.920116,32.854076,2892.0,8.398,2,OK
15840,ASCENT,-1.0235,-0.0119,0.9851,0.01215,-0.00054,0.01858,71080.7,2891.5,39.920088,32.854173,2891.5,8.398,2,OK
15850,ASCENT,-1.0385,0.0059,0.939,0.00348,-0.01069,0.00257,71063.2,2891.2,39.92013,32.854119,2891.1,8.398,2,OK
15860,ASCENT,-0.9925,-0.0482,0.9997,-0.01959,-0.01561,0.0077,71140.2,2892.3,39.920068,32.854104,2892.3,8.398,2,OK
15870,ASCENT,-1.0363,0.0088,1.0127,0.01206,-0.01201,-0.01812,71017.0,2892.9,39.92009,32.854078,2892.8,8.398,2,OK
15880,ASCENT,-1.0455,-0.0002,0.9752,0.00903,-0.00508,-0.02109,71100.7,2892.8,39.920085,32.854142,2892.7,8.398,2,OK
15890,ASCENT,-0.9296,-0.0113,1.0814,0.00403,0.02144,0.00279,71031.3,2892.5,39.920102,32.854028,2892.5,8.398,2,OK
15900,ASCENT,-1.0046,0.0028,0.9543,0.00262,0.00093,0.01624,71105.1,2893.5,39.920094,32.854139,2893.4,8.398,2,OK
15910,ASCENT,-1.0306,0.0297,0.9797,0.01563,-0.01656,-0.01197,71038.2,2893.2,39.920082,32.854105,2893.1,8.398,2,OK
15920,ASCENT,-1.0024,-0.0053,0.9397,0.00764,0.01708,0.01065,71022.9,2893.6,39.920092,32.854137,2893.4,8.398,2,OK
15930,ASCENT,-0.9794,0.0212,0.9273,0.00087,-0.00617,0.00416,71073.1,2894.0,39.920102,32.85411,2893.9,8.398,2,OK
15940,ASCENT,-1.0558,0.0342,1.0857,-0.0033,-0.00549,-0.00354,70975.1,2893.0,39.920117,32.854051,2892.9,8.398,2,OK
15950,ASCENT,-1.0364,0.0031,1.0486,0.00729,-0.01411,0.00252,71012.5,2893.7,39.92015,32.854104,2893.7,8.398,2,OK
15960,ASCENT,-0.9719,-0.0265,0.9242,0.00991,-0.01605,-0.00246,70994.9,2893.4,39.920135,32.854137,2893.5,8.398,2,OK
15970,ASCENT,-1.068,0.0358,0.9711,-0.01131,0.01658,-0.00475,71050.1,2894.5,39.92013,32.854067,2894.6,8.398,2,OK
15980,ASCENT,-0.957,-0.0052,1.0349,0.00421,-0.01048,-0.00735,71067.8,2895.3,39.920124,32.854103,2895.3,8.398,2,OK
15990,ASCENT,-1.0022,-0.0707,1.022,-0.00606,0.01179,0.00244,71086.6,2895.0,39.920118,32.85411,2895.0,8.398,2,OK
16000,ASCENT,-1.0517,-0.0042,1.0617,-0.00312,0.00602,0.00266,71103.6,2894.7,39.920119,32.854085,2894.8,8.398,2,OK
16010,ASCENT,-1.0163,0.0376,1.038,0.00594,-0.00375,0.0183,70968.5,2894.8,39.920123,32.854024,2894.9,8.398,2,OK
16020,ASCENT,-1.086,-0.0817,0.9337,0.00502,-0.00305,-0.00475,71068.4,2895.7,39.920131,32.854078,2895.7,8.398,2,OK
16030,ASCENT,-1.0064,-0.0212,1.0147,3e-05,0.00506,-0.00107,71045.0,2895.3,39.920075,32.85412,2895.3,8.398,2,OK
16040,ASCENT,-1.0034,0.0191,0.9654,0.00802,-0.0027,-0.01525,71043.3,2895.7,39.920078,32.854096,2895.7,8.398,2,OK
16050,ASCENT,-0.9525,0.1017,1.029,0.00128,-0.01726,-0.01057,71081.7,2895.7,39.920063,32.85407,2895.7,8.398,2,OK
16060,ASCENT,-0.9919,-0.0799,1.0717,-0.00345,-0.01145,-0.0043,71018.7,2896.4,39.920138,32.854133,2896.4,8.398,2,OK
16070,ASCENT,-1.0485,-0.0373,1.0106,-0.01674,0.00805,0.00016,71065.9,2896.5,39.920079,32.854144,2896.5,8.398,2,OK
16080,ASCENT,-1.0584,-0.0452,0.9524,0.01057,-0.00362,0.00715,70972.4,2896.5,39.920025,32.854188,2896.5,8.398,2,OK
16090,ASCENT,-0.9985,-0.0357,0.999,0.01203,0.001,0.01463,71013.8,2897.3,39.920058,32.854092,2897.4,8.398,2,OK
16100,ASCENT,-0.9817,0.0266,1.026,0.02235,-0.0149,0.00487,70964.9,2897.8,39.920127,32.85414,2897.7,8.398,2,OK
16110,ASCENT,-1.0268,-0.0162,0.9944,-0.00463,-0.00446,-0.00341,70998.4,2896.6,39.920103,32.854114,2896.7,8.398,2,OK
16120,ASCENT,-1.0369,0.0148,0.9958,0.00263,0.00519,0.0027,70980.2,2897.2,39.920083,32.85413,2897.2,8.398,2,OK
16130,ASCENT,-0.955,0.0018,1.0002,-0.02478,0.0039,0.01326,70912.5,2897.9,39.920157,32.854053,2897.8,8.398,2,OK
16140,ASCENT,-0.9902,-0.0284,0.9981,-0.01566,0.01232,0.00219,71045.7,2898.2,39.920164,32.854089,2898.2,8.398,2,OK
16150,ASCENT,-1.0279,-0.1473,0.9949,-0.00139,-0.00877,0.00906,71025.4,2897.6,39.920099,32.854118,2897.7,8.398,2,OK
16160,ASCENT,-0.9705,-0.0253,0.9859,0.00568,0.00107,-0.00794,70937.5,2897.9,39.920095,32.8541,2898.1,8.398,2,OK
16170,ASCENT,-1.0641,0.011,0.9917,-0.00354,0.01873,-0.00416,70885.8,2898.3,39.920122,32.854142,2898.2,8.398,2,OK
16180,ASCENT,-0.9897,0.0234,1.0932,-0.0067,0.02692,0.01242,70958.6,2898.8,39.920125,32.854121,2898.6,8.398,2,OK
16190,ASCENT,-0.9942,-0.0258,0.9558,-0.00455,-0.00647,0.0051,70984.2,2897.7,39.920054,32.854089,2897.8,8.398,2,OK
16200,ASCENT,-1.0483,-0.0092,0.9935,-0.02973,0.00895,-0.00459,71024.3,2898.6,39.920062,32.854103,2898.7,8.398,2,OK
16210,ASCENT,-1.0418,-0.0498,0.9932,0.00295,-0.00325,0.01229,71009.7,2899.0,39.920107,32.854126,2899.0,8.398,2,OK
16220,ASCENT,-0.9572,0.0343,0.9087,-0.02279,-0.00944,0.00517,71019.4,2899.7,39.920072,32.854072,2899.8,8.398,2,OK
16230,ASCENT,-0.9064,0.1068,0.983,0.00356,0.00909,-0.00651,70988.6,2898.7,39.920079,32.854144,2898.6,8.398,2,OK
16240,ASCENT,-0.9622,0.0105,0.9492,0.01023,0.01264,-0.0187,70966.2,2900.3,39.920116,32.854103,2900.3,8.398,2,OK
16250,ASCENT,-1.0609,-0.0143,0.9483,-0.01292,-0.00525,0.00485,71048.5,2899.2,39.920097,32.85409,2899.2,8.398,2,OK
16260,ASCENT,-1.0797,0.0481,1.0592,-0.00322,0.00286,-0.00541,70962.8,2900.2,39.920099,32.854124,2900.3,8.398,2,OK
16270,ASCENT,-0.9733,-0.1075,1.0418,-0.00012,-0.00535,0.00055,71027.8,2899.9,39.920057,32.854096,2899.9,8.398,2,OK
16280,ASCENT,-1.0798,0.0005,0.9722,-0.00597,-0.00395,0.00299,70884.2,2900.7,39.920117,32.854096,2900.8,8.398,2,OK
16290,ASCENT,-1.0484,-0.0627,0.9879,0.00046,-0.00989,0.00437,70945.1,2901.0,39.920105,32.85413,2901.0,8.398,2,OK
16300,ASCENT,-1.032,-0.0496,1.0002,0.00636,-0.00636,-0.00682,71062.1,2900.6,39.920117,32.854165,2900.7,8.398,2,OK
16310,ASCENT,-0.9765,0.0619,1.0401,0.00265,-0.00194,-0.01773,70972.5,2899.8,39.920061,32.854088,2899.9,8.398,2,OK
16320,ASCENT,-1.0061,0.015,0.9289,-0.00752,-0.01267,0.00509,70986.8,2900.8,39.920097,32.854111,2900.8,8.398,2,OK
16330,ASCENT,-1.0419,-0.0094,0.9809,0.0029,0.00466,0.01401,71054.8,2900.5,39.920096,32.854188,2900.5,8.398,2,OK
16340,ASCENT,-1.0199,0.0041,1.036,-0.00345,-0.00211,-0.00945,70925.2,2901.9,39.920105,32.854117,2901.9,8.398,2,OK
16350,ASCENT,-1.0598,-0.0389,1.0194,-0.00872,0.00631,-0.00202,70987.5,2901.1,39.920069,32.854071,2901.1,8.398,2,OK
16360,ASCENT,-0.9741,-0.0724,1.0051,-0.00446,0.004,0.00574,71041.0,2902.6,39.920056,32.854087,2902.6,8.398,2,OK
16370,ASCENT,-1.0563,-0.0622,0.9718,-0.00313,-0.01187,0.00982,70909.6,2901.8,39.920101,32.854045,2901.9,8.398,2,OK
16380,ASCENT,-1.0123,-0.0332,0.9947,0.0137,0.00956,0.00971,70923.0,2901.8,39.920079,32.854102,2901.7,8.398,2,OK
16390,ASCENT,-0.9691,0.0253,1.0667,-0.01567,-0.00153,0.00619,70915.4,2902.0,39.92007,32.85411,2902.1,8.398,2,OK
16400,ASCENT,-0.9896,0.0312,1.0041,-0.00087,0.01161,0.00242,70995.8,2901.7,39.920158,32.854126,2901.7,8.398,2,OK
16410,ASCENT,-1.04,-0.0443,1.0719,0.0015,-0.01079,0.02178,71001.5,2903.0,39.920134,32.854091,2903.1,8.398,2,OK
16420,ASCENT,-1.0768,-0.0703,1.0143,0.00516,-0.0009,-0.00079,70999.1,2902.4,39.9201,32.854098,2902.3,8.398,2,OK
16430,ASCENT,-0.9821,-0.0312,1.043,-0.0016,0.00621,-0.01352,71018.8,2903.2,39.920098,32.854116,2903.3,8.398,2,OK
16440,ASCENT,-0.9249,-0.0352,1.0494,0.00211,0.00483,0.00027,70997.8,2902.1,39.920095,32.854099,2902.3,8.398,2,OK
16450,ASCENT,-0.9623,0.0193,0.9661,-0.00453,-0.02047,0.0079,71016.2,2902.1,39.920099,32.854104,2902.1,8.398,2,OK
16460,ASCENT,-0.948,-0.0449,0.9513,-0.01555,0.00498,0.01218,70989.9,2902.7,39.920089,32.854125,2902.8,8.398,2,OK
16470,ASCENT,-1.0598,0.0463,1.0186,0.00777,-0.00501,-0.00166,70927.9,2903.5,39.920075,32.854092,2903.6,8.398,2,OK
16480,ASCENT,-1.0132,0.0532,1.0124,-0.00044,0.01294,0.01395,70975.4,2902.7,39.920085,32.85409,2902.8,8.398,2,OK
16490,ASCENT,-0.9985,0.0758,1.0059,-0.01107,0.01586,0.00496,70970.0,2903.4,39.92011,32.854127,2903.5,8.398,2,OK
16500,ASCENT,-0.9959,0.0529,0.9167,0.00086,0.01558,-0.00775,70972.7,2903.5,39.920125,32.854086,2903.4,8.398,2,OK
16510,ASCENT,-1.0451,0.0921,1.0942,0.00874,0.0068,0.0037,70988.7,2903.5,39.920085,32.854062,2903.5,8.398,2,OK
16520,ASCENT,-1.0694,0.0296,1.0243,0.0099,0.00462,-0.00632,70998.9,2904.4,39.920101,32.854099,2904.4,8.398,2,OK
16530,ASCENT,-1.0892,0.0346,1.0256,0.01756,-0.01128,-0.00073,71043.6,2903.8,39.92013,32.854069,2903.8,8.398,2,OK
16540,ASCENT,-1.0388,0.0257,1.0882,-0.00473,-0.01389,-0.00525,70919.4,2904.4,39.920108,32.85412,2904.3,8.398,2,OK
16550,ASCENT,-0.99,-0.0269,0.9858,0.00728,0.00519,-0.00373,70937.4,2904.4,39.920112,32.854117,2904.6,8.398,2,OK
16560,ASCENT,-1.0144,-0.0516,1.0333,0.00737,0.00296,-0.00296,70910.9,2904.1,39.920085,32.854054,2904.2,8.398,2,OK
16570,ASCENT,-1.104,0.0137,0.9704,0.01023,0.0041,0.01034,70886.3,2904.1,39.920112,32.854066,2904.2,8.398,2,OK
16580,ASCENT,-1.0305,-0.0166,1.0199,0.0064,0.00755,-0.00172,71023.6,2905.7,39.920092,32.854095,2905.7,8.398,2,OK
16590,ASCENT,-1.0556,-0.1083,1.0533,-0.00152,-0.00096,0.00278,70954.3,2904.2,39.920124,32.854111,2904.3,8.398,2,OK
16600,ASCENT,-0.9738,-0.0172,1.0158,0.00181,-0.0086,-0.00091,70952.6,2905.2,39.920086,32.85409,2905.3,8.398,2,OK
16610,ASCENT,-0.9801,-0.0591,1.0534,-0.00261,0.00977,0.00545,70953.2,2905.4,39.920124,32.854049,2905.4,8.398,2,OK
16620,ASCENT,-0.9918,-0.0078,0.9181,-0.00273,0.00517,0.00761,71008.2,2904.4,39.920074,32.854096,2904.3,8.398,2,OK
16630,ASCENT,-1.0018,0.0922,0.9712,0.00461,0.01945,0.00656,70868.5,2905.8,39.92011,32.854091,2905.7,8.398,2,OK
16640,ASCENT,-1.001,0.0095,1.0352,0.00228,0.00376,0.00979,70946.7,2905.7,39.920044,32.854118,2905.6,8.398,2,OK
16650,ASCENT,-0.9878,0.0922,0.9343,0.00326,0.00242,-0.01202,70975.8,2905.5,39.920067,32.854065,2905.4,8.398,2,OK
16660,ASCENT,-0.9715,0.0028,0.9522,-0.00653,0.00678,0.00988,71035.2,2905.9,39.920109,32.854031,2905.9,8.398,2,OK
16670,ASCENT,-0.9369,-0.0794,1.047,-0.00324,-0.00078,0.01392,70965.8,2904.8,39.920129,32.854097,2904.9,8.398,2,OK
16680,ASCENT,-1.0452,0.0357,0.9238,0.00122,-0.00513,-0.01199,70980.8,2906.0,39.920101,32.854063,2906.0,8.398,2,OK
16690,ASCENT,-0.8953,-0.0502,1.0129,-0.01152,0.00284,0.01919,70890.6,2906.7,39.9201,32.854117,2906.5,8.398,2,OK
16700,ASCENT,-0.9981,-0.0919,1.0544,-0.00218,0.0006,0.00571,70856.7,2906.4,39.920076,32.854086,2906.3,8.398,2,OK
16710,ASCENT,-0.974,-0.0107,0.9677,0.00852,0.01383,0.01216,71001.6,2906.4,39.920086,32.854187,2906.4,8.398,2,OK
16720,ASCENT,-1.0237,0.0272,0.9521,-0.00205,0.01105,-0.01831,71003.4,2906.2,39.920067,32.854144,2906.1,8.398,2,OK
16730,ASCENT,-1.0129,-0.0319,0.93,0.00932,-0.01355,0.01188,70935.2,2906.6,39.920108,32.854072,2906.6,8.398,2,OK
16740,ASCENT,-0.938,0.022,0.9734,-0.00374,0.02981,-0.00014,70913.5,2906.3,39.920059,32.854094,2906.5,8.398,2,OK
16750,ASCENT,-0.9601,-0.0101,0.9638,0.004,0.00615,0.00543,70989.2,2906.7,39.920093,32.854088,2906.8,8.398,2,OK
16760,ASCENT,-1.0904,0.0194,0.967,0.01815,0.00027,-0.00116,71031.1,2906.5,39.920096,32.854053,2906.7,8.398,2,OK
16770,ASCENT,-0.9652,0.0308,1.0028,0.00734,-0.00034,-0.0002,70912.7,2907.1,39.920114,32.854118,2907.2,8.398,2,OK
16780,ASCENT,-0.905,-0.0103,1.0707,-0.0095,0.02014,-0.00775,70931.8,2907.6,39.920099,32.854054,2907.7,8.398,2,OK
16790,ASCENT,-1.0771,0.0895,1.0502,0.00797,-0.00092,0.01336,70956.3,2907.2,39.920066,32.854057,2907.3,8.398,2,OK
16800,ASCENT,-1.0119,0.0949,0.9273,-0.00112,-0.00833,0.0009,70869.5,2906.9,39.920039,32.854106,2906.7,8.398,2,OK
16810,ASCENT,-0.97,-0.0542,0.9586,0.00186,-0.01033,-0.00104,70927.8,2907.3,39.920144,32.854107,2907.4,8.398,2,OK
16820,ASCENT,-0.9935,0.0015,0.9751,-0.00398,-0.00486,-0.00506,70909.1,2907.7,39.92014,32.854194,2907.6,8.398,2,OK
16830,ASCENT,-0.9526,-0.0497,1.0344,0.00319,0.01451,0.0077,70877.5,2907.7,39.920087,32.854142,2907.8,8.398,2,OK
16840,ASCENT,-0.9161,0.0494,1.0967,0.00753,0.00046,-0.00179,70889.0,2907.8,39.920063,32.854111,2907.7,8.398,2,OK
16850,ASCENT,-1.0088,0.0004,1.0332,0.02108,-0.00439,0.00784,70896.2,2907.7,39.920158,32.854073,2907.5,8.398,2,OK
16860,ASCENT,-1.1047,-0.0429,0.8976,0.01196,-0.01876,-0.00128,70964.6,2907.9,39.920109,32.854142,2907.9,8.398,2,OK
16870,ASCENT,-0.9835,0.0413,1.0117,-0.00036,0.0041,0.02035,70904.1,2908.0,39.920088,32.854114,2907.8,8.398,2,OK
16880,ASCENT,-0.9601,0.0094,1.0167,-0.02239,-0.0141,-0.00251,70926.5,2907.9,39.920092,32.854141,2907.8,8.398,2,OK
16890,ASCENT,-0.9931,0.0074,1.0042,-0.00151,0.00864,0.00723,70936.1,2908.5,39.920136,32.85414,2908.5,8.398,2,OK
16900,ASCENT,-1.0353,-0.0005,0.8768,-0.00652,0.00344,-0.00058,70921.6,2908.1,39.920103,32.854125,2908.0,8.398,2,OK
16910,ASCENT,-1.0584,0.085,0.9671,-0.01253,-0.00827,0.00138,70917.6,2908.9,39.920091,32.854056,2908.8,8.398,2,OK
16920,ASCENT,-0.9669,-0.002,1.0439,0.00101,0.01394,-0.01024,70894.2,2908.5,39.920117,32.85405,2908.6,8.398,2,OK
16930,ASCENT,-0.9162,-0.0274,1.0516,-0.00714,-0.01998,-0.01826,70993.7,2908.9,39.920065,32.85409,2908.9,8.398,2,OK
16940,ASCENT,-0.8906,0.045,0.9361,0.00699,-0.0102,-0.00172,70919.8,2909.5,39.92013,32.854146,2909.3,8.398,2,OK
16950,ASCENT,-0.9454,0.0129,1.0447,0.00874,-0.00304,0.00956,70927.0,2908.8,39.920105,32.85407,2908.7,8.398,2,OK
16960,ASCENT,-1.048,0.0291,1.0337,0.00329,-0.0087,0.00537,71001.0,2908.8,39.920112,32.854075,2908.8,8.398,2,OK
16970,ASCENT,-0.9904,-0.0413,1.1218,0.00091,-0.00432,-0.00605,70881.1,2909.4,39.920071,32.854099,2909.4,8.398,2,OK
16980,ASCENT,-1.0478,-0.0234,1.0139,0.02226,0.01332,0.01942,70995.9,2909.0,39.920106,32.854135,2909.0,8.398,2,OK
16990,ASCENT,-0.9672,-0.0883,1.0437,0.00277,0.00469,-0.00751,70906.5,2909.5,39.920095,32.854076,2909.6,8.398,2,OK
17000,ASCENT,-0.9909,0.0238,1.0137,-0.00353,-0.01059,0.00241,70924.1,2908.1,39.920108,32.854092,2908.1,8.398,2,OK
17010,ASCENT,-0.9337,-0.0485,1.0056,-0.00358,-0.00464,-6e-05,70933.1,2910.2,39.920099,32.85413,2910.2,8.398,2,OK
17020,ASCENT,-0.9954,-0.0221,1.0454,0.01505,-0.01092,0.00179,70952.9,2909.4,39.920107,32.854217,2909.4,8.398,2,OK
17030,ASCENT,-0.9211,0.0019,1.0006,0.01133,-0.00873,-0.00161,70821.6,2909.6,39.920123,32.854137,2909.5,8.398,2,OK
17040,ASCENT,-1.082,-0.0062,1.0042,-0.00077,-0.00388,-0.00109,70878.2,2910.5,39.920161,32.854078,2910.5,8.398,2,OK
17050,ASCENT,-1.0173,0.0273,1.0686,-0.01015,-0.00565,0.00563,70922.4,2910.3,39.920097,32.854091,2910.4,8.398,2,OK
17060,ASCENT,-1.0462,0.0758,1.0137,0.01351,0.00542,-0.00758,70999.0,2909.5,39.920072,32.854081,2909.5,8.398,2,OK
17070,ASCENT,-0.9739,-0.0104,1.0341,-0.00572,-0.01022,0.00214,70968.9,2909.5,39.920104,32.854076,2909.4,8.398,2,OK
17080,ASCENT,-1.0806,-0.0401,1.027,0.00966,0.00252,0.01125,70916.8,2910.9,39.920109,32.85408,2910.8,8.398,2,OK
17090,ASCENT,-0.9721,-0.0294,0.9887,-0.00802,-0.00574,0.01571,70865.5,2909.7,39.920178,32.854133,2909.6,8.398,2,OK
17100,ASCENT,-1.086,0.0365,0.9054,-0.01325,-0.0012,0.02788,70921.0,2910.8,39.920067,32.854026,2910.8,8.398,2,OK
17110,ASCENT,-1.0157,-0.0373,1.0696,-0.00887,-0.00276,-0.00039,70859.0,2910.8,39.920126,32.85408,2910.8,8.398,2,OK
17120,ASCENT,-1.0507,0.0503,0.9942,0.02126,-0.00014,0.00204,70908.4,2910.4,39.920126,32.85409,2910.2,8.398,2,OK
17130,ASCENT,-1.0561,0.0,0.9527,-0.00535,-0.0034,-0.01482,70818.8,2911.2,39.92013,32.854115,2911.2,8.398,2,OK
17140,ASCENT,-0.9862,0.015,0.9529,0.00346,-0.02626,-0.0193,70878.4,2911.0,39.920077,32.854098,2911.0,8.398,2,OK
17150,ASCENT,-1.084,0.037,1.0486,-0.00433,0.00355,-0.00125,70903.2,2910.8,39.920088,32.854057,2910.9,8.398,2,OK
17160,ASCENT,-0.919,-0.0366,0.9913,-0.00052,-0.00998,-0.0148,70721.4,2910.9,39.920097,32.854067,2911.0,8.398,2,OK
17170,ASCENT,-0.9483,-0.0567,1.0145,-0.01646,0.01394,-0.00331,70808.1,2911.2,39.920075,32.854033,2911.3,8.398,2,OK
17180,ASCENT,-0.9732,0.0235,0.9899,-0.00092,0.00406,0.00432,70980.5,2912.4,39.920052,32.854095,2912.4,8.398,2,OK
17190,ASCENT,-1.0175,-0.1168,1.1047,0.0005,-0.00998,0.00243,70881.6,2910.6,39.920061,32.854072,2910.6,8.398,2,OK
17200,ASCENT,-0.9785,-0.0012,0.9564,-0.00733,0.00408,-0.00279,70886.9,2911.2,39.920134,32.854146,2911.1,8.398,2,OK
17210,ASCENT,-1.0372,0.0417,0.9485,-0.00755,-0.01479,0.00134,70933.9,2911.2,39.920113,32.854121,2911.0,8.398,2,OK
17220,ASCENT,-0.9541,-0.0813,0.9712,0.01063,-0.00018,-0.00277,70828.6,2912.0,39.920139,32.854078,2912.0,8.398,2,OK
17230,ASCENT,-1.0229,-0.0184,1.0982,-0.00481,0.01159,0.01027,70886.3,2911.6,39.920105,32.85412,2911.6,8.398,2,OK
17240,ASCENT,-1.0924,-0.1316,0.9883,0.00161,-0.0114,0.00351,71030.5,2911.6,39.920104,32.854147,2911.5,8.398,2,OK
17250,ASCENT,-0.9901,0.0143,1.0129,-0.00784,-0.00616,0.00817,70815.3,2911.8,39.920114,32.854062,2911.8,8.398,2,OK
17260,ASCENT,-1.0154,0.076,1.0632,0.02895,0.00047,0.01502,70953.9,2911.3,39.920078,32.854099,2911.4,8.398,2,OK
17270,ASCENT,-1.0649,0.0307,0.9302,-0.00071,-0.00119,0.00177,70913.8,2912.0,39.920079,32.854086,2912.1,8.398,2,OK
17280,ASCENT,-1.021,-0.0013,0.9013,-0.0107,-0.01422,0.00788,70886.0,2910.8,39.920119,32.854107,2910.8,8.398,2,OK
17290,ASCENT,-0.9493,-0.1119,1.0201,-0.00033,-0.0198,-0.00298,70828.5,2911.4,39.920096,32.854081,2911.4,8.398,2,OK
17300,ASCENT,-0.9883,-0.031,0.9877,0.00584,-0.01043,0.01458,70751.8,2912.2,39.920102,32.854137,2912.2,8.398,2,OK
17310,ASCENT,-1.0041,0.0386,0.9698,0.01639,0.00033,0.01528,70863.5,2913.4,39.920068,32.854091,2913.5,8.398,2,OK
17320,ASCENT,-0.8874,0.0245,0.8747,-0.0004,-0.01154,0.00643,70850.6,2911.1,39.920107,32.854113,2911.1,8.398,2,OK
17330,ASCENT,-0.9225,0.0806,0.9939,0.00045,-0.00051,-0.00645,70953.0,2911.8,39.920112,32.854081,2911.7,8.398,2,OK
17340,ASCENT,-1.0091,-0.0429,1.0099,0.00143,0.01026,0.00843,70832.2,2911.4,39.920094,32.854113,2911.5,8.398,2,OK
17350,ASCENT,-0.9157,-0.0268,0.9592,0.01159,-0.0277,-0.00504,70870.3,2912.8,39.920129,32.854177,2912.8,8.398,2,OK
17360,ASCENT,-0.8798,-0.0023,1.0593,-0.00039,-0.00484,0.01717,70945.0,2912.1,39.920107,32.854164,2912.0,8.398,2,OK
17370,ASCENT,-0.958,0.0059,0.9109,0.00402,0.01212,-0.00026,70871.7,2911.9,39.920077,32.854102,2911.9,8.398,2,OK
17380,ASCENT,-0.9774,0.0165,1.079,-0.00587,0.00275,-0.00425,70902.1,2911.6,39.920072,32.854117,2911.4,8.398,2,OK
17390,ASCENT,-1.0792,-0.0196,1.0564,-0.00322,0.00111,-0.00199,70935.9,2912.7,39.920123,32.854084,2912.8,8.398,2,OK
17400,ASCENT,-1.0377,0.0524,1.0447,-0.00055,-0.00434,0.01098,70997.5,2912.1,39.920095,32.854105,2912.3,8.398,2,OK
17410,ASCENT,-0.9411,-0.022,1.0542,0.0077,0.00676,0.01061,70775.6,2912.8,39.920139,32.854071,2912.8,8.398,2,OK
17420,ASCENT,-0.9982,-0.0968,1.0414,-0.01447,-0.0088,0.00418,70855.1,2912.1,39.920102,32.85411,2912.0,8.398,2,OK
17430,ASCENT,-0.9805,0.0108,1.0063,0.00723,-0.00176,0.00913,70927.2,2913.1,39.920111,32.854139,2913.1,8.398,2,OK
17440,ASCENT,-1.04,-0.0043,0.9597,0.02009,-0.00102,-8e-05,70831.1,2912.4,39.920097,32.854101,2912.4,8.398,2,OK
17450,ASCENT,-1.0067,0.0409,1.0271,-0.01279,-0.01271,0.00122,70840.4,2912.7,39.920103,32.854107,2912.6,8.398,2,OK
17460,ASCENT,-0.9895,-0.0301,0.9989,-0.00477,-0.00903,-0.01013,70981.7,2912.8,39.920115,32.854053,2912.9,8.398,2,OK
17470,ASCENT,-1.0006,0.1012,1.0158,-0.00685,0.00739,0.00293,70915.9,2913.5,39.920081,32.854202,2913.6,8.398,2,OK
17480,ASCENT,-0.99,0.0297,1.0484,0.00868,-0.00848,0.02108,70919.6,2913.9,39.920101,32.854102,2913.9,8.398,2,OK
17490,ASCENT,-1.1096,0.059,1.0446,-8e-05,-0.00199,0.00493,70878.5,2912.1,39.920102,32.854103,2912.0,8.398,2,OK
17500,ASCENT,-0.9472,-0.0114,0.9539,0.00773,0.00243,0.02012,70908.7,2913.2,39.920114,32.854063,2913.1,8.398,2,OK
17510,ASCENT,-0.9523,-0.0102,0.901,-0.01296,-0.02497,0.01208,70926.6,2913.0,39.920097,32.854136,2913.0,8.398,2,OK
17520,ASCENT,-0.9869,0.0843,0.9967,0.00198,0.00048,-0.00398,70954.4,2912.8,39.920098,32.854186,2912.9,8.398,2,OK
17530,ASCENT,-0.9725,0.0672,0.91,0.00361,0.00836,0.00286,70903.7,2913.5,39.92006,32.85411,2913.6,8.398,2,OK
17540,ASCENT,-1.0656,0.0279,0.9023,0.00361,-0.00932,0.00508,70865.4,2913.5,39.920117,32.85414,2913.5,8.398,2,OK
17550,ASCENT,-0.9287,0.0283,1.0494,0.02042,-0.00121,0.00094,70840.7,2912.7,39.920071,32.854105,2912.7,8.398,2,OK
17560,ASCENT,-1.0446,-0.0476,0.9185,0.00152,-0.00279,0.00181,70909.1,2912.4,39.920092,32.854108,2912.2,8.398,2,OK
17570,ASCENT,-1.0195,0.0265,0.9539,-0.01106,0.00277,0.00701,70961.5,2913.4,39.920082,32.854106,2913.2,8.398,2,OK
17580,ASCENT,-0.9265,0.0422,0.9656,0.00467,0.0158,0.0023,70786.9,2913.7,39.920116,32.854118,2913.6,8.398,2,OK
17590,ASCENT,-0.9697,0.0557,1.0029,-0.0017,0.00293,0.00803,70854.1,2913.7,39.920133,32.854123,2913.7,8.398,2,OK
17600,ASCENT,-0.9749,0.0122,1.0111,0.00083,-0.00596,0.00493,70940.4,2913.3,39.920077,32.854084,2913.2,8.398,2,OK
17610,ASCENT,-1.0093,-0.1044,1.0265,0.00524,-0.00651,-0.00596,71009.5,2914.4,39.920131,32.854155,2914.6,8.398,2,OK
17620,ASCENT,-1.0149,0.0918,0.9487,-0.01006,-0.00131,-0.01984,70843.2,2912.8,39.920068,32.854137,2912.8,8.398,2,OK
17630,ASCENT,-0.9764,0.0495,0.9842,-0.01684,0.00521,-0.01261,70878.0,2913.7,39.920063,32.854109,2913.7,8.398,2,OK
17640,ASCENT,-0.9924,0.0297,0.9464,0.00675,0.00936,0.00606,70776.8,2913.5,39.92014,32.854031,2913.6,8.398,2,OK
17650,ASCENT,-0.9922,0.0191,1.1176,-0.00843,-0.00969,-0.00328,70844.6,2914.5,39.920112,32.854138,2914.6,8.398,2,OK
17660,ASCENT,-0.9288,-0.0228,0.9831,0.02522,-0.00533,0.00483,70879.8,2912.9,39.920092,32.854124,2913.0,8.398,2,OK
17670,ASCENT,-0.9328,-0.0471,1.0152,0.00158,0.00258,-0.00535,70799.3,2914.4,39.920084,32.854062,2914.4,8.398,2,OK
17680,ASCENT,-1.014,0.0333,1.0192,0.00251,-0.01131,-0.00464,70936.8,2913.9,39.920135,32.854174,2913.9,8.398,2,OK
17690,ASCENT,-1.0028,-0.0203,1.0216,-0.01174,0.01088,-0.01837,70929.9,2913.6,39.920116,32.854087,2913.8,8.398,2,OK
17700,ASCENT,-1.0997,-0.0888,1.0312,-0.00461,0.00581,-0.01158,70787.6,2914.2,39.920136,32.854083,2914.4,8.398,2,OK
17710,ASCENT,-0.9033,-0.0896,1.0618,0.00791,0.01163,0.00811,70910.2,2913.3,39.920103,32.854075,2913.3,8.398,2,OK
17720,ASCENT,-0.9288,-0.028,1.0949,-0.00643,0.01297,-0.01031,70884.8,2914.0,39.920133,32.854138,2914.0,8.398,2,OK
17730,ASCENT,-0.9183,-0.1133,0.9193,0.00596,0.02214,-0.0204,70875.9,2913.4,39.920142,32.854072,2913.5,8.398,2,OK
17740,ASCENT,-0.8692,0.0179,0.9794,0.0095,-0.01159,-0.02002,70912.0,2913.8,39.920084,32.854107,2913.7,8.398,2,OK
17750,ASCENT,-0.9669,0.0085,0.9326,-0.00122,0.00514,0.00564,70908.3,2913.7,39.920138,32.854097,2913.7,8.398,2,OK
17760,ASCENT,-1.0058,0.0853,1.0413,-0.00454,-0.00898,0.0039,70957.0,2914.5,39.920034,32.854186,2914.5,8.398,2,OK
17770,ASCENT,-1.0865,0.0412,0.8557,0.00336,-0.0005,0.01441,70866.4,2913.8,39.920119,32.854136,2913.7,8.398,2,OK
17780,ASCENT,-1.0255,0.0336,1.016,-0.01081,-0.0187,-0.00188,70893.0,2914.4,39.920107,32.8541,2914.4,8.398,2,OK
17790,ASCENT,-0.9604,-0.0177,0.9143,0.0018,-0.00133,0.01259,70913.8,2913.8,39.920089,32.85402,2913.8,8.398,2,OK
17800,ASCENT,-0.9919,-0.0252,0.9438,-0.01997,-0.00106,-0.00745,70761.1,2914.5,39.920108,32.854175,2914.5,8.398,2,OK
17810,ASCENT,-0.9781,-0.0203,1.0327,-0.01908,0.00832,-0.00392,70843.8,2914.0,39.920139,32.854109,2914.0,8.398,2,OK
17820,ASCENT,-1.0068,-0.0658,1.0285,0.0154,0.00629,3e-05,70881.4,2914.5,39.92012,32.85415,2914.5,8.398,2,OK
17830,ASCENT,-1.0316,-0.0438,0.9517,0.00508,-0.00752,-0.01287,70841.2,2913.4,39.920087,32.854109,2913.4,8.398,2,OK
17840,ASCENT,-0.9768,-0.0953,1.0278,0.00211,0.00977,-0.01544,70854.9,2913.8,39.920104,32.854101,2913.8,8.398,2,OK
17850,ASCENT,-0.9307,-0.0558,1.04,0.00585,-0.00408,0.00255,70868.6,2913.2,39.920061,32.854118,2913.1,8.398,2,OK
17860,ASCENT,-0.9834,-0.0315,1.0592,-0.00425,0.00021,-0.00557,70873.4,2914.5,39.920079,32.8541,2914.5,8.398,2,OK
17870,ASCENT,-1.0016,0.025,1.06,-0.01103,-0.00269,-0.00031,70888.4,2914.0,39.920091,32.854068,2914.1,8.398,2,OK
17880,ASCENT,-1.0394,0.0307,1.0443,-0.00785,-0.01253,-0.00444,70879.7,2914.0,39.920055,32.854117,2913.9,8.398,2,OK
17890,ASCENT,-0.9406,0.0162,0.9592,-0.00447,0.01221,0.01963,70963.5,2914.6,39.920081,32.854044,2914.6,8.398,2,OK
17900,ASCENT,-1.0921,-0.0407,1.0115,-0.00775,0.0018,-0.01145,70805.9,2913.9,39.920096,32.854072,2914.0,8.398,2,OK
17910,ASCENT,-1.0107,0.0193,0.9709,-0.01181,-0.00066,0.00308,70800.9,2913.1,39.920086,32.854061,2913.1,8.398,2,OK
17920,ASCENT,-1.0054,-0.0291,0.9499,0.00285,0.00076,-0.01199,70867.2,2914.0,39.920108,32.854111,2913.9,8.398,2,OK
17930,ASCENT,-0.9732,-0.057,0.9265,0.00208,0.01184,0.01422,70908.3,2913.5,39.920102,32.854016,2913.5,8.398,2,OK
17940,ASCENT,-0.9388,0.0282,0.9278,-0.00552,0.01532,-0.00173,70911.5,2914.5,39.920088,32.854055,2914.4,8.398,2,OK
17950,ASCENT,-0.9917,0.0418,0.9588,0.00081,0.0252,0.00816,70870.4,2913.8,39.920125,32.85415,2913.8,8.398,2,OK
17960,ASCENT,-1.0408,0.0514,0.9802,-0.01213,0.00151,-0.01238,70925.1,2913.4,39.920096,32.854098,2913.4,8.398,2,OK
17970,ASCENT,-1.0202,-0.0195,0.9967,-0.00291,0.00391,0.01831,70855.5,2914.1,39.920152,32.854147,2914.2,8.398,2,OK
17980,ASCENT,-1.0293,0.0483,0.91,0.01202,-0.00337,-0.00214,70893.6,2913.3,39.920114,32.854098,2913.3,8.398,2,OK
17990,APOGEE,-1.0595,0.0355,0.9457,0.01132,0.00605,0.00484,70834.3,2914.2,39.920093,32.854097,2914.3,8.398,4,OK
18000,DESCENT,-1.0457,-0.0838,0.943,-0.00857,0.01927,-0.01471,70894.5,2913.7,39.920087,32.854105,2913.8,8.398,4,OK
18010,DESCENT,-1.0227,0.0266,1.0011,0.00361,0.00362,-0.00092,70906.1,2913.8,39.920108,32.854027,2913.7,8.398,4,OK
18020,DESCENT,-1.0094,0.1602,1.0153,0.0007,-0.0018,0.00543,70851.0,2914.2,39.920101,32.85412,2914.2,8.398,4,OK
18030,DESCENT,-1.0285,0.0181,0.9747,0.0019,0.00182,-0.01912,70832.3,2913.7,39.920084,32.854062,2913.7,8.398,4,OK
18040,DESCENT,-0.9928,-0.0514,0.9293,0.00304,0.01353,-0.00576,70847.7,2914.1,39.920083,32.854107,2914.0,8.398,4,OK
18050,DESCENT,-1.0802,0.0534,1.0747,-0.00675,0.00851,-0.01103,70951.4,2914.4,39.920113,32.854158,2914.3,8.398,4,OK
18060,DESCENT,-1.0451,0.0136,0.9764,-0.00491,0.00345,-0.00159,70774.4,2913.5,39.920084,32.854051,2913.4,8.398,4,OK
18070,DESCENT,-1.0066,0.1097,1.0606,-0.00163,-0.00658,0.00588,70829.0,2913.8,39.920148,32.854023,2913.8,8.398,4,OK
18080,DESCENT,-0.9289,0.1331,0.8817,-0.01454,0.00237,-0.01144,70846.8,2914.3,39.920068,32.854066,2914.4,8.398,4,OK
18090,DESCENT,-0.947,-0.0165,1.0279,-0.00486,-0.01515,0.01909,70796.0,2913.6,39.920108,32.854098,2913.7,8.398,4,OK
18100,DESCENT,-1.0177,0.0101,1.0137,0.00165,-0.00416,0.00833,70909.9,2913.8,39.920137,32.854076,2914.0,8.398,4,OK
18110,DESCENT,-1.0345,0.0222,1.041,0.00253,0.02066,-0.00053,70842.2,2913.6,39.920113,32.854117,2913.6,8.398,4,OK
18120,DESCENT,-0.9438,0.0016,1.0434,0.02219,0.00473,0.00137,70848.3,2914.4,39.920111,32.854147,2914.5,8.398,4,OK
18130,DESCENT,-0.9892,0.0363,1.0171,-0.00825,-0.00665,0.00461,70905.2,2914.4,39.920082,32.854095,2914.3,8.398,4,OK
18140,DESCENT,-0.9951,0.0051,0.9919,0.00031,-0.00991,-0.00347,70792.9,2913.4,39.920068,32.854103,2913.3,8.398,4,OK
18150,DESCENT,-0.9787,0.0041,1.0468,0.00517,-0.00052,-0.00624,70953.0,2913.9,39.920107,32.854096,2914.0,8.398,4,OK
18160,DESCENT,-0.9879,-0.0206,0.9026,0.00479,-0.00477,-0.01905,70868.7,2913.4,39.920103,32.854126,2913.5,8.398,4,OK
18170,DESCENT,-0.9803,0.011,0.9035,-0.0099,0.01366,-0.0028,70806.8,2915.0,39.920142,32.854079,2915.1,8.398,4,OK
18180,DESCENT,-0.9933,-0.0306,0.9868,0.00178,-0.02645,-0.00337,70905.6,2914.5,39.920124,32.854102,2914.7,8.398,4,OK
18190,DESCENT,-1.0321,0.0462,0.98,0.00281,0.01393,0.00478,70839.6,2913.1,39.920082,32.854073,2912.9,8.398,4,OK
18200,DESCENT,-1.0429,-0.097,0.9956,-0.00351,-0.00298,0.00588,70771.8,2913.6,39.920065,32.854053,2913.6,8.398,4,OK
18210,DESCENT,-0.9258,0.0311,1.1463,0.01384,0.01702,0.00802,70851.4,2914.0,39.920084,32.854072,2914.1,8.398,4,OK
18220,DESCENT,-1.0169,-0.0741,1.0616,0.01279,0.01378,0.00415,70935.8,2913.8,39.92007,32.854085,2914.0,8.398,4,OK
18230,DESCENT,-1.0008,0.0042,1.0764,0.0048,0.0139,-0.00929,70992.2,2913.7,39.920152,32.854055,2913.7,8.398,4,OK
18240,DESCENT,-0.9782,0.0921,1.0562,0.00648,-0.00021,-0.01698,70902.4,2914.2,39.92011,32.854066,2914.4,8.398,4,OK
18250,DESCENT,-1.0561,0.034,0.977,0.00463,0.00668,0.0014,70920.5,2913.4,39.920123,32.85412,2913.3,8.398,4,OK
18260,DESCENT,-0.9951,0.0521,0.9776,-0.00804,-0.00017,-7e-05,70848.7,2914.2,39.920089,32.854172,2914.4,8.398,4,OK
18270,DESCENT,-0.9255,-0.0216,0.9962,0.0062,0.00106,0.00615,70891.6,2913.4,39.920102,32.854051,2913.4,8.398,4,OK
18280,DESCENT,-1.0346,-0.0199,1.0881,0.0209,-0.02726,0.00488,70862.4,2914.1,39.920125,32.854158,2914.0,8.398,4,OK
18290,DESCENT,-0.9011,-0.0057,1.0527,0.01191,0.00162,0.00032,70944.6,2912.7,39.92009,32.854095,2912.8,8.398,4,OK
18300,DESCENT,-0.9487,0.0103,0.944,-0.00149,0.01084,-0.00899,70829.8,2913.2,39.920104,32.854149,2913.3,8.398,4,OK
18310,DESCENT,-0.9664,0.0256,0.9571,-0.00071,-0.00441,0.00308,70817.8,2913.1,39.92012,32.854139,2913.2,8.398,4,OK
18320,DESCENT,-1.0358,0.0446,1.0443,0.00637,0.01238,0.01063,70800.9,2913.8,39.920116,32.854104,2913.8,8.398,4,OK
18330,DESCENT,-1.0064,0.0563,0.9711,-0.01127,-0.0082,-0.00734,70823.7,2913.8,39.92005,32.854111,2913.7,8.398,4,OK
18340,DESCENT,-0.9347,0.0756,1.0504,-0.00547,0.00108,-0.00933,70863.7,2913.0,39.920064,32.854106,2913.0,8.398,4,OK
18350,DESCENT,-1.0644,0.085,1.0953,0.00042,-0.00352,0.00488,70788.3,2913.3,39.920122,32.854092,2913.2,8.398,4,OK
18360,DESCENT,-1.0093,0.0013,0.9357,-0.00152,-0.00879,0.01256,70858.5,2913.1,39.920128,32.854147,2913.2,8.398,4,OK
18370,DESCENT,-0.9745,-0.0025,1.0644,0.01039,0.00897,0.00207,70856.0,2914.4,39.920056,32.854091,2914.4,8.398,4,OK
18380,DESCENT,-1.0242,-0.0738,1.0035,-0.00281,0.02132,0.0107,70870.9,2912.7,39.920174,32.85417,2912.8,8.398,4,OK
18390,DESCENT,-0.932,0.0663,1.0245,-0.0064,-0.00363,0.00622,70995.3,2912.6,39.920072,32.854062,2912.7,8.398,4,OK
18400,DESCENT,-1.0148,-0.046,1.0155,-0.0007,0.00426,0.00365,70856.6,2913.6,39.92008,32.854105,2913.6,8.398,4,OK
18410,DESCENT,-1.0341,-0.0588,1.0566,-0.01131,0.0105,-0.01409,70802.8,2912.3,39.920103,32.854126,2912.4,8.398,4,OK
18420,DESCENT,-0.9554,-0.0419,1.0712,-0.01031,0.01294,-0.0192,70872.7,2913.3,39.920094,32.854101,2913.2,8.398,4,OK
18430,DESCENT,-0.9954,0.0796,0.9592,-0.01138,0.01698,0.0157,70881.3,2913.5,39.920122,32.854146,2913.4,8.398,4,OK
18440,DESCENT,-1.0538,0.0773,1.0069,-0.02693,-0.00656,0.00102,70880.3,2912.9,39.920107,32.854081,2912.9,8.398,4,OK
18450,DESCENT,-1.0336,-0.0237,1.0893,-0.00846,0.009,-0.00681,70876.7,2913.2,39.920127,32.854092,2913.1,8.398,4,OK
18460,DESCENT,-1.0175,-0.03,0.909,0.00241,-0.00243,0.01836,70884.6,2912.4,39.920118,32.854094,2912.3,8.398,4,OK
18470,DESCENT,-1.0138,0.0466,1.0277,0.0033,0.0096,0.01304,70920.9,2912.7,39.920065,32.854021,2912.9,8.398,4,OK
18480,DESCENT,-0.9857,-0.0635,1.0322,-0.00517,-0.00336,-0.00745,70923.8,2913.4,39.920087,32.854124,2913.4,8.398,4,OK
18490,DESCENT,-1.0007,-0.0445,1.125,0.00183,0.00036,-0.00084,70800.4,2913.0,39.920146,32.854134,2912.9,8.398,4,OK
18500,DESCENT,-1.0261,0.0032,0.9487,-0.00482,0.01146,-0.00534,70873.8,2911.4,39.920165,32.85413,2911.3,8.398,4,OK
18510,DESCENT,-0.9642,-0.0427,1.0798,-0.00439,0.01567,-0.00754,70919.0,2911.0,39.920115,32.854126,2911.1,8.398,4,OK
18520,DESCENT,-1.0111,-0.0229,0.9096,-0.01214,-0.00163,-0.02241,70865.6,2911.6,39.920097,32.854089,2911.4,8.398,4,OK
18530,DESCENT,-1.0699,-0.063,1.0212,-0.00473,-0.00544,0.0018,70901.8,2911.9,39.920085,32.854118,2911.9,8.398,4,OK
18540,DESCENT,-1.1007,-0.0724,0.9873,-0.00588,-0.01296,0.01187,71000.9,2912.3,39.920101,32.854112,2912.3,8.398,4,OK
18550,DESCENT,-0.9434,-0.0882,1.025,0.00036,0.01713,0.01753,70856.6,2912.9,39.920068,32.854127,2913.0,8.398,4,OK
18560,DESCENT,-0.9436,-0.0903,1.0456,-0.00351,-0.01057,0.01712,70942.3,2912.0,39.920059,32.854115,2912.0,8.398,4,OK
18570,DESCENT,-0.9232,0.0261,0.9312,-0.00578,0.00409,0.01677,70867.1,2913.3,39.920108,32.854133,2913.4,8.398,4,OK
18580,DESCENT,-0.994,-0.0103,0.9941,-0.00406,-0.01135,0.00863,70979.2,2912.5,39.92011,32.854085,2912.4,8.398,4,OK
18590,DESCENT,-0.9702,-0.0734,1.001,0.0074,-0.01486,0.00265,70863.3,2912.3,39.920084,32.854074,2912.3,8.398,4,OK
18600,DESCENT,-0.9379,-0.0092,1.0056,0.00598,0.01571,-0.01786,70893.7,2911.6,39.920056,32.854106,2911.7,8.398,4,OK
18610,DESCENT,-0.9911,0.0689,0.9681,-0.01238,0.00389,0.01358,70865.0,2911.7,39.92008,32.854155,2911.5,8.398,4,OK
18620,DESCENT,-1.0165,-0.0169,0.9636,0.01058,0.01099,-0.00983,70869.8,2912.4,39.920101,32.854154,2912.3,8.398,4,OK
18630,DESCENT,-0.9748,0.0185,0.9422,-0.00607,-0.01045,-0.00277,70917.2,2912.6,39.920061,32.85409,2912.6,8.398,4,OK
18640,DESCENT,-1.0301,-0.0027,1.0118,-0.00885,0.01755,-0.00099,70855.6,2912.0,39.92013,32.85412,2912.0,8.398,4,OK
18650,DESCENT,-0.9428,0.0508,0.9964,-0.00182,0.02279,-0.00542,70870.7,2911.2,39.920086,32.854144,2911.1,8.398,4,OK
18660,DESCENT,-0.9879,0.0358,1.0174,-0.00204,0.00856,-0.01367,70938.8,2910.9,39.920106,32.854134,2910.8,8.398,4,OK
18670,DESCENT,-0.9639,0.0105,0.9573,-0.00385,0.00331,-0.00425,70905.3,2911.0,39.920123,32.854138,2911.1,8.398,4,OK
18680,DESCENT,-0.948,-0.1058,0.9554,-0.01131,-0.01103,0.02485,70839.1,2911.8,39.920082,32.8541,2911.9,8.398,4,OK
18690,DESCENT,-1.0437,-0.0304,1.0029,-0.00759,0.00689,0.00383,70928.3,2911.3,39.920117,32.854142,2911.4,8.398,4,OK
18700,DESCENT,-1.0817,0.0172,0.8496,0.00679,-0.00912,0.00686,70879.8,2912.3,39.920112,32.854101,2912.4,8.398,4,OK
18710,DESCENT,-1.023,0.0796,1.0416,0.00399,0.00976,-0.00896,70918.4,2911.4,39.920135,32.854194,2911.4,8.398,4,OK
18720,DESCENT,-1.0569,-0.0386,0.9663,0.00717,0.00075,-0.00259,70946.3,2910.5,39.920114,32.8541,2910.3,8.398,4,OK
18730,DESCENT,-0.9754,0.0097,1.0078,0.0065,-0.00844,-0.01223,70928.5,2911.5,39.920114,32.854105,2911.5,8.398,4,OK
18740,DESCENT,-0.978,0.1305,1.1614,-0.01257,0.00386,-0.01195,70944.2,2911.3,39.920101,32.854134,2911.3,8.398,4,OK
18750,DESCENT,-0.9656,-0.0239,1.0204,-0.00815,0.00375,0.01189,70966.0,2912.1,39.920104,32.854109,2912.1,8.398,4,OK
18760,DESCENT,-0.9533,0.0184,1.0686,-0.00322,0.01088,-0.00704,70962.9,2910.7,39.920083,32.854045,2910.6,8.398,4,OK
18770,DESCENT,-0.9588,-0.0315,1.0659,-0.00069,0.00554,0.00873,70839.4,2912.0,39.920082,32.854082,2912.1,8.398,4,OK
18780,DESCENT,-0.9811,0.0002,1.0516,-0.00971,-0.00148,-0.01215,70888.1,2911.0,39.920129,32.8541,2911.0,8.398,4,OK
18790,DESCENT,-0.9105,-0.0313,0.9683,0.00491,-0.00056,0.00256,70893.4,2910.9,39.920065,32.854106,2910.7,8.398,4,OK
18800,DESCENT,-0.9722,0.1176,0.9568,0.00522,0.0187,0.01533,70892.3,2910.2,39.920123,32.854132,2910.3,8.398,4,OK
18810,DESCENT,-0.9674,-0.0465,1.0497,-0.00742,0.00925,0.00813,70978.9,2911.1,39.9201,32.854112,2910.8,8.398,4,OK
18820,DESCENT,-0.9455,-0.0467,1.051,-0.00651,0.01056,0.00463,70930.0,2909.7,39.920079,32.854041,2909.7,8.398,4,OK
18830,DESCENT,-0.9262,0.039,1.0512,-0.00886,0.00199,-0.00141,70914.4,2910.8,39.920083,32.854088,2911.0,8.398,4,OK
18840,DESCENT,-0.9609,0.029,1.047,0.00384,-0.00467,0.00403,70902.5,2910.7,39.92008,32.854058,2910.7,8.398,4,OK
18850,DESCENT,-1.0198,0.0417,1.004,0.01831,0.01347,0.0048,70885.6,2910.2,39.920115,32.854095,2910.3,8.398,4,OK
18860,DESCENT,-1.0077,-0.0113,0.9512,-0.00271,0.02158,-0.009,70881.2,2910.4,39.92004,32.85412,2910.3,8.398,4,OK
18870,DESCENT,-0.9466,0.0165,1.0354,-0.0019,-0.01998,0.00827,70978.7,2910.7,39.920159,32.854127,2910.8,8.398,4,OK
18880,DESCENT,-1.0404,-0.0237,0.9671,0.00466,0.00573,0.00244,70922.6,2909.4,39.920089,32.85416,2909.5,8.398,4,OK
18890,DESCENT,-0.9077,-0.0835,1.0819,-0.0082,-0.00068,-0.0136,70864.6,2909.3,39.920067,32.854078,2909.5,8.398,4,OK
18900,DESCENT,-0.9566,-0.0553,1.0384,-0.00634,0.007,0.01677,70889.2,2909.1,39.920095,32.854082,2909.0,8.398,4,OK
18910,DESCENT,-0.9966,0.0478,1.056,-0.00592,-0.01201,-0.00305,70950.9,2910.0,39.920139,32.85411,2910.1,8.398,4,OK
18920,DESCENT,-1.0347,0.1387,1.0256,0.00894,-0.01336,-0.00647,70929.7,2909.2,39.92009,32.854103,2909.2,8.398,4,OK
18930,DESCENT,-0.9514,-0.0363,0.9561,0.00202,0.01235,-0.01561,70822.1,2909.3,39.920084,32.854103,2909.4,8.398,4,OK
18940,DESCENT,-0.9681,-0.0607,1.0315,-0.001,-0.01093,-0.00101,70940.6,2909.1,39.920129,32.854136,2909.1,8.398,4,OK
18950,DESCENT,-1.0466,-0.0512,1.0684,-0.0071,0.00117,-0.01031,71002.4,2910.6,39.920142,32.854103,2910.7,8.398,4,OK
18960,DESCENT,-0.9394,0.0793,0.9827,-0.00467,0.00192,-0.00388,70888.1,2909.5,39.920121,32.854153,2909.5,8.398,4,OK
18970,DESCENT,-0.939,-0.003,0.9648,-0.00604,-0.00953,-0.02196,70820.0,2909.7,39.920125,32.854177,2909.6,8.398,4,OK
18980,DESCENT,-1.0152,-0.0596,1.0562,-0.00049,-0.01629,0.01242,70917.9,2908.4,39.920116,32.854104,2908.7,8.398,4,OK
18990,DESCENT,-1.0053,0.0106,1.0123,-0.00434,0.00213,-0.00505,70971.8,2908.0,39.920085,32.854105,2907.9,8.398,4,OK
19000,DESCENT,-1.0471,0.0596,0.9733,-0.01693,0.00795,-0.00677,70917.2,2908.3,39.920091,32.854047,2908.2,8.398,4,OK
19010,DESCENT,-1.0279,0.0074,0.9585,0.00233,0.00638,-0.00626,70833.3,2909.4,39.920078,32.85404,2909.3,8.398,4,OK
19020,DESCENT,-0.9534,-0.0297,0.9394,0.0031,0.00881,-0.00419,70870.1,2909.3,39.920089,32.854089,2909.5,8.398,4,OK
19030,DESCENT,-1.0848,0.0924,0.9553,0.00864,0.01964,0.00849,70956.2,2907.8,39.920111,32.854066,2907.9,8.398,4,OK
19040,DESCENT,-0.9291,0.02,1.0125,0.01477,-0.01426,-0.01369,70918.7,2909.0,39.920132,32.854072,2909.0,8.398,4,OK
19050,DESCENT,-0.9842,0.1412,0.9331,0.00314,0.00429,0.00994,70909.7,2908.8,39.920054,32.854116,2908.6,8.398,4,OK
19060,DESCENT,-1.0313,-0.0327,0.9601,0.00716,-0.00621,0.00769,70909.8,2908.0,39.920101,32.854105,2907.9,8.398,4,OK
19070,DESCENT,-1.0081,-0.0007,0.9795,-0.0079,0.00427,-0.00494,70925.7,2908.9,39.920063,32.854079,2908.8,8.398,4,OK
19080,DESCENT,-0.9558,0.0146,1.0431,0.0052,0.007,-0.00192,70956.5,2907.7,39.920142,32.854139,2907.9,8.398,4,OK
19090,DESCENT,-1.0429,0.0691,1.0753,-0.00788,0.01923,-0.00071,71043.5,2908.3,39.920091,32.854088,2908.2,8.398,4,OK
19100,DESCENT,-1.0108,-0.0624,1.0226,-0.00896,-0.00162,0.01407,71021.8,2907.1,39.920082,32.854107,2907.2,8.398,4,OK
19110,DESCENT,-0.9707,-0.039,1.0946,-0.00383,0.00324,-0.01044,70927.6,2907.1,39.920091,32.854091,2907.0,8.398,4,OK
19120,DESCENT,-0.9167,0.045,0.96,-0.0191,0.01236,0.00879,70941.7,2907.1,39.920132,32.854148,2907.1,8.398,4,OK
19130,DESCENT,-1.039,0.105,0.9697,0.02399,0.00406,-0.01228,70978.3,2907.4,39.920098,32.854128,2907.2,8.398,4,OK
19140,DESCENT,-1.0307,0.0168,1.1234,-0.00739,-0.00314,-0.00711,70986.0,2907.9,39.920088,32.854173,2907.8,8.398,4,OK
19150,DESCENT,-0.9211,0.029,1.0413,-0.01102,0.00567,0.00755,70974.8,2907.8,39.920102,32.854087,2907.8,8.398,4,OK
19160,DESCENT,-1.0044,-0.0393,0.9362,-0.0315,-0.00308,0.0036,70943.2,2905.8,39.920097,32.854059,2905.8,8.398,4,OK
19170,DESCENT,-1.0424,0.0174,1.0505,0.00404,-0.00252,0.02363,70848.1,2907.5,39.92009,32.854187,2907.4,8.398,4,OK
19180,DESCENT,-0.932,0.0399,1.0013,-0.00792,0.00435,-0.00403,71007.6,2906.7,39.92009,32.85416,2906.7,8.398,4,OK
19190,DESCENT,-1.0844,-0.0002,1.0495,-0.0005,-0.00931,0.00931,70898.9,2905.5,39.920092,32.85413,2905.7,8.398,4,OK
19200,DESCENT,-0.9704,0.0003,0.9382,0.01959,-0.00713,0.00269,70939.9,2906.8,39.920088,32.854108,2907.0,8.398,4,OK
19210,DESCENT,-1.0021,-0.0404,1.0065,0.01115,0.00697,0.02208,70881.4,2906.4,39.92015,32.854132,2906.4,8.398,4,OK
19220,DESCENT,-0.9675,0.0124,1.0264,-0.00325,-0.00205,-0.00393,70915.0,2906.6,39.920112,32.854114,2906.6,8.398,4,OK
19230,DESCENT,-1.0214,-0.0834,0.9508,0.001,-0.00714,-0.02051,70927.4,2907.4,39.920139,32.854081,2907.6,8.398,4,OK
19240,DESCENT,-0.9842,0.1301,1.0415,0.00451,-0.00026,0.00518,70973.5,2906.9,39.920104,32.854118,2907.1,8.398,4,OK
19250,DESCENT,-1.0856,-0.051,0.9577,-0.00024,0.00247,0.00237,70990.9,2905.7,39.920114,32.854156,2905.8,8.398,4,OK
19260,DESCENT,-0.9275,0.04,0.9939,0.00103,-0.00131,-0.00853,70907.6,2904.9,39.920105,32.854138,2905.0,8.398,4,OK
19270,DESCENT,-1.0267,-0.0487,0.9228,0.01375,0.01857,0.00754,70873.8,2905.8,39.920096,32.854121,2905.9,8.398,4,OK
19280,DESCENT,-0.9321,-0.0202,0.8991,-0.00778,0.002,0.00549,70919.8,2905.6,39.920159,32.854081,2905.5,8.398,4,OK
19290,DESCENT,-0.95,0.0099,1.0043,-0.01514,0.00242,0.00653,70941.1,2906.1,39.92012,32.854068,2906.2,8.398,4,OK
19300,DESCENT,-1.0324,0.0546,0.959,0.00178,0.00552,-0.0083,70973.0,2904.9,39.920122,32.854176,2905.0,8.398,4,OK
19310,DESCENT,-0.8903,-0.1002,0.9755,0.00838,-0.02379,-0.00119,70806.4,2905.7,39.92012,32.85413,2905.6,8.398,4,OK
19320,DESCENT,-1.0353,-0.0162,0.9391,0.00972,0.00103,0.0026,70986.4,2905.0,39.920135,32.854086,2905.1,8.398,4,OK
19330,DESCENT,-0.9712,-0.0362,0.9612,0.00725,-0.00272,-0.00696,71041.0,2905.9,39.920091,32.854052,2906.1,8.398,4,OK
19340,DESCENT,-0.9709,-0.0399,1.034,-0.00448,0.00433,0.00013,71032.7,2904.4,39.920116,32.854112,2904.5,8.398,4,OK
19350,DESCENT,-1.0165,0.0063,1.0072,0.01179,-0.01497,-0.00799,70966.1,2905.0,39.920065,32.854142,2905.2,8.398,4,OK
19360,DESCENT,-1.0672,0.0171,1.0675,-0.00116,0.02105,0.00783,71000.1,2904.8,39.920141,32.854132,2904.8,8.398,4,OK
19370,DESCENT,-1.0477,0.0088,0.9834,0.01029,-0.00112,0.01895,70906.8,2904.2,39.920066,32.854125,2904.3,8.398,4,OK
19380,DESCENT,-1.0447,-0.0724,0.9715,0.00397,0.01077,0.00476,71026.4,2904.2,39.920108,32.854229,2904.0,8.398,4,OK
19390,DESCENT,-0.9417,0.0397,1.0028,0.00457,-0.00544,0.00232,70977.6,2903.5,39.920139,32.854057,2903.4,8.398,4,OK
19400,DESCENT,-1.0571,0.0029,1.0734,0.00928,0.0028,-0.02153,70905.5,2904.4,39.920094,32.8541,2904.6,8.398,4,OK
19410,DESCENT,-1.0623,0.0364,1.0745,0.01723,-0.00892,-0.01391,70947.2,2904.4,39.920095,32.854061,2904.5,8.398,4,OK
19420,DESCENT,-0.9989,0.0605,1.056,-0.02103,0.00057,-0.00717,71008.8,2903.8,39.92011,32.854101,2903.8,8.398,4,OK
19430,DESCENT,-1.0363,-0.0252,1.0414,0.00879,0.00333,-0.00436,70994.9,2903.6,39.920043,32.854144,2903.5,8.398,4,OK
19440,DESCENT,-0.9947,-0.0656,1.0298,-0.02044,-0.01301,0.00896,70979.1,2903.9,39.920082,32.854125,2903.8,8.398,4,OK
19450,DESCENT,-1.0561,-0.0514,1.0218,-0.00571,0.0109,-0.00956,70934.7,2903.3,39.92012,32.854123,2903.4,8.398,4,OK
19460,DESCENT,-1.1386,0.0784,0.9042,0.00449,0.00524,-0.00727,70924.4,2903.1,39.920114,32.854102,2903.0,8.398,4,OK
19470,DESCENT,-1.0272,0.0448,1.0041,0.01014,-0.00174,0.00758,70943.6,2903.8,39.920144,32.854148,2903.8,8.398,4,OK
19480,DESCENT,-0.9786,-0.0395,0.9489,-0.00339,-0.00325,-0.01365,70958.0,2903.3,39.920135,32.854091,2903.3,8.398,4,OK
19490,DESCENT,-0.9883,0.0372,1.1048,0.00456,-0.00987,-0.01071,70919.9,2903.0,39.920116,32.854131,2903.1,8.398,4,OK
19500,DESCENT,-0.9441,-0.0303,1.0237,-0.00673,0.00302,0.01446,70976.2,2903.1,39.920106,32.854081,2903.0,8.398,4,OK
19510,DESCENT,-0.9775,-0.0035,1.0034,0.01342,0.00898,-0.00029,71108.4,2903.5,39.920087,32.854091,2903.6,8.398,4,OK
19520,DESCENT,-0.9475,0.0187,0.9607,-0.01985,0.01485,0.00941,70992.2,2902.7,39.920038,32.854074,2902.7,8.398,4,OK
19530,DESCENT,-1.0745,0.0025,1.0455,0.02063,0.00686,-0.00176,70897.1,2903.1,39.920044,32.854069,2903.2,8.398,4,OK
19540,DESCENT,-1.0461,-0.062,1.0776,-0.00143,0.0177,-0.0089,70988.9,2902.3,39.920124,32.854109,2902.4,8.398,4,OK
19550,DESCENT,-1.0441,-0.0051,1.0348,0.00922,-0.00484,-0.00351,70888.7,2901.2,39.920093,32.854128,2901.1,8.398,4,OK
19560,DESCENT,-0.9997,-0.0144,0.9521,-0.00129,-0.00547,-0.00562,70974.7,2901.7,39.920128,32.8541,2901.8,8.398,4,OK
19570,DESCENT,-0.9191,-0.0149,0.9843,0.00498,0.02338,-0.00979,70957.1,2902.3,39.920136,32.854124,2902.4,8.398,4,OK
19580,DESCENT,-1.0017,0.0004,1.0096,-0.01411,0.00023,0.01263,70984.3,2901.9,39.920169,32.85408,2901.9,8.398,4,OK
19590,DESCENT,-1.0092,-0.0182,1.0437,0.00389,0.00831,-0.00297,70975.4,2900.7,39.920115,32.854097,2900.7,8.398,4,OK
19600,DESCENT,-0.9677,-0.0352,0.9807,0.00617,0.00873,0.00502,70937.8,2900.3,39.920083,32.854072,2900.2,8.398,4,OK
19610,DESCENT,-0.9539,0.0297,0.9984,0.01148,-0.00661,0.00053,70937.3,2900.4,39.920063,32.854065,2900.4,8.398,4,OK
19620,DESCENT,-1.0022,0.0887,0.9379,-0.00845,-0.00072,0.00515,71036.1,2901.1,39.920097,32.854086,2901.3,8.398,4,OK
19630,DESCENT,-0.9854,0.0938,0.9791,-0.01358,-0.01798,-0.00205,71050.7,2901.0,39.920086,32.854123,2901.0,8.398,4,OK
19640,DESCENT,-0.9307,0.0539,1.0329,0.01034,0.0093,-0.01185,71006.9,2900.3,39.920112,32.854104,2900.4,8.398,4,OK
19650,DESCENT,-1.0003,0.0311,1.1675,0.01026,0.00331,0.00255,70999.8,2900.1,39.920107,32.854031,2900.1,8.398,4,OK
19660,DESCENT,-0.9005,-0.0382,1.0038,-0.00131,-0.01279,-0.00156,70984.0,2899.8,39.92012,32.854076,2899.8,8.398,4,OK
19670,DESCENT,-1.0015,0.0125,0.9581,-0.0094,-0.00825,0.00537,70979.7,2899.4,39.920131,32.854082,2899.5,8.398,4,OK
19680,DESCENT,-1.0064,0.015,1.1035,-0.01639,0.01136,0.00878,71000.5,2899.9,39.92015,32.854187,2899.9,8.398,4,OK
19690,DESCENT,-1.0154,0.0232,0.9195,0.00456,0.00283,-0.00601,71020.5,2899.3,39.920143,32.854114,2899.4,8.398,4,OK
19700,DESCENT,-1.0084,-0.0679,1.0247,-0.00039,0.00319,0.00058,70941.9,2899.1,39.920098,32.854146,2899.2,8.398,4,OK
19710,DESCENT,-1.0058,-0.0219,1.0529,0.02263,-0.0083,0.00651,70985.8,2899.5,39.920072,32.85411,2899.7,8.398,4,OK
19720,DESCENT,-1.0267,-0.057,1.0342,-0.00693,-0.03256,0.00277,70966.3,2898.9,39.92008,32.854114,2898.9,8.398,4,OK
19730,DESCENT,-0.9396,-0.026,0.9928,-0.01753,0.01914,0.00714,70909.6,2898.7,39.920095,32.854079,2898.7,8.398,4,OK
19740,DESCENT,-1.0107,-0.0096,1.0027,0.01521,-0.00515,-0.00911,70981.4,2897.9,39.920062,32.854134,2897.9,8.398,4,OK
19750,DESCENT,-0.9137,-0.0173,1.0095,0.00522,0.01033,0.00897,71078.3,2898.8,39.920098,32.854118,2898.8,8.398,4,OK
19760,DESCENT,-1.0219,0.0328,0.9441,0.01265,0.00966,-0.00343,71036.8,2896.9,39.920118,32.854118,2896.9,8.398,4,OK
19770,DESCENT,-1.0072,-0.0348,1.0169,0.0079,-0.01406,-0.01659,70960.7,2898.0,39.920105,32.854054,2898.1,8.398,4,OK
19780,DESCENT,-0.9069,-0.0527,1.0133,0.00166,-0.00065,0.00467,70970.0,2898.3,39.920094,32.854104,2898.4,8.398,4,OK
19790,DESCENT,-0.9782,-0.03,1.0297,-0.00616,-0.00192,0.00238,71014.6,2897.9,39.920076,32.854109,2897.9,8.398,4,OK
19800,DESCENT,-0.9284,-0.0285,1.08,-0.00307,0.0004,0.00664,70997.8,2897.8,39.92008,32.8541,2897.9,8.398,4,OK
19810,DESCENT,-1.0594,-0.0144,0.9632,-0.01611,-0.01313,-0.00331,71019.6,2897.8,39.920093,32.854139,2897.8,8.398,4,OK
19820,DESCENT,-0.8304,-0.0347,1.0368,0.00301,0.00157,0.01482,71013.9,2898.0,39.920083,32.854115,2897.9,8.398,4,OK
19830,DESCENT,-0.9646,0.0737,0.9741,-0.01914,-0.02138,0.00114,71103.4,2896.6,39.920131,32.85409,2896.6,8.398,4,OK
19840,DESCENT,-0.8999,-0.053,1.0216,-0.00514,0.00452,0.0195,71000.7,2896.3,39.920063,32.854071,2896.3,8.398,4,OK
19850,DESCENT,-0.9595,0.015,0.9893,-0.00351,-0.00249,0.00419,71039.0,2895.8,39.920077,32.854088,2895.6,8.398,4,OK
19860,DESCENT,-0.9715,-0.0593,1.0571,-0.00494,1e-05,-0.02069,71039.8,2896.2,39.920126,32.854079,2896.5,8.398,4,OK
19870,DESCENT,-1.0489,-0.0626,0.9536,-0.01357,0.00962,-0.0026,70977.1,2897.3,39.920058,32.854083,2897.6,8.398,4,OK
19880,DESCENT,-0.9574,-0.0242,1.023,0.00364,0.00985,-0.01273,71017.4,2895.8,39.920127,32.854054,2895.8,8.398,4,OK
19890,DESCENT,-1.0637,0.0272,1.0706,0.00468,0.00346,8e-05,70998.8,2895.5,39.92011,32.854077,2895.5,8.398,4,OK
19900,DESCENT,-0.9622,-0.0813,0.924,-0.01861,-0.00594,0.02797,71102.6,2896.3,39.920116,32.854107,2896.4,8.398,4,OK
19910,DESCENT,-0.9611,0.035,1.0092,0.01692,-0.00208,0.02118,71015.5,2896.0,39.920068,32.854072,2895.9,8.398,4,OK
19920,DESCENT,-1.0482,0.0056,0.9418,-0.00769,-0.0222,0.01618,70969.3,2894.8,39.920138,32.854114,2894.8,8.398,4,OK
19930,DESCENT,-0.9366,-0.0771,1.0212,0.01172,-0.01249,-0.00729,70990.9,2895.5,39.920037,32.854107,2895.6,8.398,4,OK
19940,DESCENT,-0.9568,0.0006,1.0675,-0.00964,0.00773,-0.01181,71099.7,2894.7,39.920067,32.854092,2894.9,8.398,4,OK
19950,DESCENT,-1.0209,-0.0084,0.95,-0.01062,0.00713,-0.01681,71037.4,2894.5,39.920099,32.854052,2894.5,8.398,4,OK
19960,DESCENT,-1.017,0.0171,1.0811,-0.00523,0.00179,-0.00487,71019.3,2895.0,39.920089,32.854094,2894.9,8.398,4,OK
19970,DESCENT,-1.0466,0.0046,1.0485,-0.01504,0.00568,-0.01245,70977.7,2894.3,39.920091,32.85408,2894.5,8.398,4,OK
19980,DESCENT,-0.9616,0.0371,1.0436,-0.01312,-0.00464,0.00108,71173.5,2894.0,39.920087,32.854098,2893.9,8.398,4,OK
19990,DESCENT,-0.9143,-0.0109,1.0605,-0.00144,-0.00187,-0.02339,71028.6,2894.1,39.920051,32.854135,2894.0,8.398,4,OK
20000,DESCENT,-0.9125,0.0686,0.9721,-0.01033,-0.02155,0.0038,71070.9,2893.5,39.920085,32.854073,2893.4,8.398,4,OK
20010,DESCENT,-1.0112,-0.0006,0.9465,0.01101,-0.0016,0.01502,71055.7,2893.9,39.920087,32.854122,2893.9,8.398,4,OK
20020,DESCENT,-0.9027,0.0308,1.023,-0.00433,-0.00413,-0.00584,71012.0,2893.2,39.920097,32.854073,2893.2,8.398,4,OK
20030,DESCENT,-0.9743,0.0035,1.0391,-0.00442,0.00376,-0.01306,71027.9,2893.7,39.920075,32.85406,2893.6,8.398,4,OK
20040,DESCENT,-0.9077,-0.1104,0.9444,0.00815,-0.00421,-0.00274,71088.5,2893.7,39.920066,32.854061,2893.5,8.398,4,OK
20050,DESCENT,-1.0256,-0.0265,1.0012,-0.00327,0.00802,0.00814,70987.5,2892.6,39.920068,32.85402,2892.6,8.398,4,OK
20060,DESCENT,-1.0394,-0.0007,0.9894,-0.00367,0.00249,-0.00565,70967.2,2892.5,39.920099,32.854103,2892.5,8.398,4,OK
20070,DESCENT,-0.974,0.0251,1.0127,-0.02223,0.00432,-0.00879,71148.0,2891.6,39.92014,32.854068,2891.5,8.398,4,OK
20080,DESCENT,-1.0262,-0.0356,0.9299,0.00827,0.01204,-0.001,71096.4,2892.3,39.9201,32.854161,2892.2,8.398,4,OK
20090,DESCENT,-0.9875,0.1125,0.9897,0.00445,-0.00471,-0.0031,71002.8,2891.6,39.92015,32.854099,2891.6,8.398,4,OK
20100,DESCENT,-0.9721,-0.0386,1.0647,-0.01652,-0.01179,-0.02048,71045.7,2891.5,39.920126,32.854092,2891.5,8.398,4,OK
20110,DESCENT,-1.0036,-0.0294,1.0414,-0.0062,0.00165,-0.00501,71075.6,2891.8,39.920096,32.854059,2892.0,8.398,4,OK
20120,DESCENT,-1.0607,-0.0784,0.999,4e-05,-0.00842,-0.00316,71125.3,2891.9,39.920123,32.854045,2891.9,8.398,4,OK
20130,DESCENT,-1.0178,-0.0642,0.9405,0.00048,-0.00156,-0.00154,71113.8,2891.1,39.920101,32.854078,2891.1,8.398,4,OK
20140,DESCENT,-0.9571,-0.0311,0.9797,-0.00351,0.01168,-0.00973,71123.7,2891.3,39.920131,32.854176,2891.2,8.398,4,OK
20150,DESCENT,-0.9399,-0.0394,1.1363,0.00105,0.00923,0.01577,71090.5,2892.1,39.920134,32.854072,2892.1,8.398,4,OK
20160,DESCENT,-1.0749,0.0216,0.948,0.01557,-0.0111,0.00257,71085.4,2890.4,39.920124,32.854127,2890.5,8.398,4,OK
20170,DESCENT,-1.0441,-0.0529,0.9825,0.0035,-0.00485,-0.00159,71017.3,2891.2,39.9201,32.854061,2891.3,8.398,4,OK
20180,DESCENT,-0.9783,0.0647,1.007,0.00829,-0.01251,-0.00615,70995.9,2890.3,39.920055,32.854071,2890.2,8.398,4,OK
20190,DESCENT,-0.954,0.0906,1.0078,-0.00025,0.0032,0.00398,71131.8,2890.5,39.920114,32.854153,2890.5,8.398,4,OK
20200,DESCENT,-1.0023,-0.0541,0.9431,0.00344,0.00354,-0.01769,71179.1,2889.5,39.920117,32.854116,2889.4,8.398,4,OK
20210,DESCENT,-0.9805,-0.0246,0.9257,-0.01324,-0.00199,-0.00848,71009.5,2889.4,39.920122,32.854173,2889.5,8.398,4,OK
20220,DESCENT,-0.9483,0.0044,1.0346,0.00631,-0.00463,0.00526,71060.3,2889.0,39.920121,32.854115,2889.0,8.398,4,OK
20230,DESCENT,-0.9707,-0.0378,1.0007,0.01089,0.00477,-0.00511,71056.1,2888.8,39.920154,32.854102,2888.8,8.398,4,OK
20240,DESCENT,-1.0383,-0.0248,1.0061,0.006,-0.01869,-0.01105,71063.4,2888.9,39.920092,32.854104,2888.8,8.398,4,OK
20250,DESCENT,-0.9519,0.0361,0.9708,0.00892,-0.00864,-0.01,71096.9,2888.6,39.920086,32.854165,2888.6,8.398,4,OK
20260,DESCENT,-1.0509,-0.0462,1.0215,0.0056,0.00249,0.01122,71039.6,2887.3,39.920128,32.854153,2887.2,8.398,4,OK
20270,DESCENT,-0.9703,0.0075,0.9075,-0.00375,-0.00226,-0.00548,71131.0,2887.3,39.920123,32.854072,2887.3,8.398,4,OK
20280,DESCENT,-1.0029,0.0259,1.0528,-0.00172,0.02842,0.0155,71110.1,2887.7,39.920046,32.854101,2887.9,8.398,4,OK
20290,DESCENT,-0.9844,0.0304,0.9509,0.02656,-0.00317,-0.0117,71065.4,2887.6,39.920111,32.854042,2887.6,8.398,4,OK
20300,DESCENT,-0.904,0.0712,1.0198,-0.02229,-0.00114,0.00387,71029.2,2887.8,39.920089,32.854091,2887.8,8.398,4,OK
20310,DESCENT,-0.9888,-0.0244,1.0571,-0.00308,0.02851,-0.00766,71062.4,2887.8,39.920121,32.854124,2887.7,8.398,4,OK
20320,DESCENT,-0.8844,0.0202,0.998,-0.01731,0.00829,0.00012,71123.6,2887.7,39.920102,32.854113,2887.6,8.398,4,OK
20330,DESCENT,-0.9964,0.0647,0.9883,0.00414,0.00626,-0.00118,71050.5,2887.3,39.920107,32.854128,2887.4,8.398,4,OK
20340,DESCENT,-0.9838,0.0644,1.0588,-0.01217,0.00391,8e-05,71175.0,2888.0,39.92013,32.854171,2888.0,8.398,4,OK
20350,DESCENT,-0.9879,-0.1384,1.0114,-0.00156,-0.01531,-0.0015,71206.9,2885.7,39.920093,32.854028,2885.7,8.398,4,OK
20360,DESCENT,-0.9683,-0.0338,0.9781,-0.0126,-0.00068,-0.01334,71173.9,2886.7,39.920073,32.854075,2886.7,8.398,4,OK
20370,DESCENT,-0.9641,0.0221,1.0031,-0.01302,-0.01609,0.01636,71132.8,2886.2,39.920112,32.854106,2886.2,8.398,4,OK
20380,DESCENT,-0.924,-0.0451,0.9882,0.01268,-0.00457,-0.01379,71092.0,2885.9,39.920142,32.854138,2885.8,8.398,4,OK
20390,DESCENT,-1.0143,-0.0027,0.996,-0.00516,-0.02206,-0.00666,71059.6,2885.8,39.920135,32.854079,2885.8,8.398,4,OK
20400,DESCENT,-1.0352,-0.0298,0.8813,0.01303,6e-05,0.01107,71184.1,2885.6,39.920085,32.854052,2885.7,8.398,4,OK
20410,DESCENT,-0.9995,0.0155,0.949,0.00978,-5e-05,0.01085,71165.2,2885.5,39.920097,32.854125,2885.6,8.398,4,OK
20420,DESCENT,-0.9658,-0.0262,0.916,0.00034,-0.00406,-0.00641,71076.8,2884.9,39.920158,32.854052,2884.8,8.398,4,OK
20430,DESCENT,-0.9658,0.0264,0.9587,0.00659,-0.00304,0.00228,71050.6,2885.1,39.920154,32.854095,2884.9,8.398,4,OK
20440,DESCENT,-0.9705,-0.1023,0.964,0.00651,-0.01068,0.02262,71147.2,2884.6,39.920117,32.854036,2884.6,8.398,4,OK
20450,DESCENT,-0.9914,-0.0232,0.9879,-0.01252,0.02579,-0.01375,71097.5,2884.0,39.920081,32.854063,2883.9,8.398,4,OK
20460,DESCENT,-1.0703,0.0545,1.0064,0.00277,0.01423,-0.01746,71104.4,2884.2,39.920122,32.854078,2884.3,8.398,4,OK
20470,DESCENT,-1.0596,0.0719,1.0266,0.0086,-0.00397,0.00611,71128.2,2883.3,39.920095,32.854081,2883.3,8.398,4,OK
20480,DESCENT,-1.0102,0.0079,1.021,-0.00494,0.00198,-0.00665,71193.9,2883.9,39.920072,32.854118,2884.0,8.398,4,OK
20490,DESCENT,-1.0181,-0.0653,0.9494,0.00747,-0.00692,-0.00285,71205.8,2882.7,39.920077,32.854051,2882.6,8.398,4,OK
20500,DESCENT,-0.9361,-0.0629,1.1215,-0.00302,-0.00563,-0.00021,71176.2,2883.1,39.920083,32.854079,2883.1,8.398,4,OK
20510,DESCENT,-1.036,-0.0202,0.9842,-0.00081,0.00435,-0.00465,71182.7,2883.2,39.920095,32.854077,2883.3,8.398,4,OK
20520,DESCENT,-1.0362,-0.0362,0.8744,-0.00369,0.0116,5e-05,71109.9,2882.6,39.920109,32.8541,2882.6,8.398,4,OK
20530,DESCENT,-0.9086,0.0403,0.9766,-0.01533,-0.0127,-0.00887,71096.0,2882.1,39.920099,32.854095,2882.0,8.398,4,OK
20540,DESCENT,-1.0399,-0.1126,0.9402,-0.00654,0.0181,-0.00347,71183.9,2881.3,39.92009,32.854105,2881.2,8.398,4,OK
20550,DESCENT,-1.0128,-0.0112,1.0082,0.00079,0.00574,-0.00482,71182.9,2881.6,39.920073,32.854131,2881.6,8.398,4,OK
20560,DESCENT,-1.0287,-0.0274,0.9858,0.00303,-0.00849,-0.00023,71156.6,2882.0,39.920085,32.85407,2882.0,8.398,4,OK
20570,DESCENT,-1.0412,-0.0856,1.0133,-0.0158,-0.00445,0.00291,71183.3,2881.2,39.920074,32.85411,2881.1,8.398,4,OK
20580,DESCENT,-1.0884,0.0051,1.0045,0.00188,0.00375,0.01253,71098.4,2880.6,39.920057,32.854123,2880.6,8.398,4,OK
20590,DESCENT,-1.0019,0.0106,0.9447,-0.01764,-0.00914,-0.01351,71249.4,2879.9,39.920039,32.854117,2880.0,8.398,4,OK
20600,DESCENT,-0.9586,0.0893,1.0225,0.01276,-0.00862,-0.00245,71196.2,2880.0,39.920049,32.85415,2880.1,8.398,4,OK
20610,DESCENT,-1.0904,0.0746,0.9139,0.00222,0.00679,0.00531,71232.3,2880.0,39.920081,32.854119,2880.0,8.398,4,OK
20620,DESCENT,-0.991,0.0017,1.0368,-0.00536,0.01568,-0.00581,71226.0,2880.3,39.920104,32.854103,2880.2,8.398,4,OK
20630,DESCENT,-0.9608,0.0593,0.9804,-0.01665,0.00644,0.00553,71231.8,2880.0,39.920121,32.854129,2880.1,8.398,4,OK
20640,DESCENT,-1.0637,-0.063,0.961,-0.00623,7e-05,-0.01244,71076.0,2879.5,39.920068,32.854107,2879.4,8.398,4,OK
20650,DESCENT,-0.9691,0.018,0.9503,0.00929,0.00441,0.02085,71165.0,2879.5,39.920108,32.854115,2879.6,8.398,4,OK
20660,DESCENT,-0.9793,-0.0926,0.9705,0.01504,0.0152,0.0096,71151.8,2879.4,39.920059,32.854065,2879.2,8.398,4,OK
20670,DESCENT,-0.9963,0.0069,1.0286,-0.0067,0.0001,-0.0111,71190.6,2879.1,39.920118,32.854057,2879.1,8.398,4,OK
20680,DESCENT,-1.073,-0.0623,1.0895,0.00955,-0.0149,-0.00178,71151.1,2878.9,39.92009,32.854086,2879.0,8.398,4,OK
20690,DESCENT,-0.9393,-0.0004,1.0301,-0.00021,0.0144,0.00989,71262.6,2877.6,39.920109,32.854106,2877.7,8.398,4,OK
20700,DESCENT,-1.0393,-0.0302,0.9619,0.0004,0.00192,0.01231,71116.1,2877.2,39.920138,32.854103,2877.3,8.398,4,OK
20710,DESCENT,-0.9187,-0.0323,0.9504,0.00062,-0.00701,-0.01141,71266.2,2877.5,39.920098,32.85406,2877.6,8.398,4,OK
20720,DESCENT,-0.896,0.0053,0.9325,-0.0105,-0.00327,-0.0014,71157.1,2878.5,39.920065,32.854067,2878.5,8.398,4,OK
20730,DESCENT,-1.0051,0.0974,1.0162,0.01889,-0.00698,-0.00763,71177.5,2876.7,39.920051,32.854105,2876.7,8.398,4,OK
20740,DESCENT,-0.9572,-0.0657,1.028,-0.01597,0.01463,-0.01236,71216.4,2876.1,39.920114,32.854127,2876.2,8.398,4,OK
20750,DESCENT,-0.9639,0.0088,0.9749,-0.00347,-0.01852,0.0083,71093.4,2876.5,39.920121,32.854098,2876.4,8.398,4,OK
20760,DESCENT,-1.0035,-0.0397,1.0187,0.02036,0.00226,0.00579,71202.8,2875.7,39.920098,32.854122,2875.7,8.398,4,OK
20770,DESCENT,-0.9531,-0.0202,1.0542,-0.00302,0.00329,-0.00157,71114.3,2876.4,39.920108,32.854056,2876.4,8.398,4,OK
20780,DESCENT,-1.0426,0.0113,0.9949,0.00162,0.01178,-0.00314,71214.3,2876.1,39.920135,32.854092,2876.0,8.398,4,OK
20790,DESCENT,-0.9702,0.0703,0.9656,0.00581,0.01186,0.00731,71214.6,2875.8,39.920098,32.854171,2876.0,8.398,4,OK
20800,DESCENT,-0.9129,-0.0602,1.075,0.0072,-0.00064,0.01509,71258.9,2875.2,39.92011,32.854119,2875.3,8.398,4,OK
20810,DESCENT,-0.8965,0.0179,0.9935,-0.01309,-0.00909,-0.0084,71186.2,2874.5,39.920128,32.85409,2874.6,8.398,4,OK
20820,DESCENT,-0.9855,0.0407,0.9732,0.00993,-0.01682,0.00871,71248.4,2873.8,39.92013,32.854131,2873.6,8.398,4,OK
20830,DESCENT,-0.9318,0.0139,1.06,0.01376,0.00164,0.00229,71301.6,2874.5,39.920107,32.854093,2874.5,8.398,4,OK
20840,DESCENT,-0.9674,0.0263,1.0511,0.00951,-0.00053,0.00146,71274.4,2874.5,39.92014,32.854076,2874.4,8.398,4,OK
20850,DESCENT,-1.0143,0.0235,1.0124,0.00354,-0.01464,-0.0048,71236.0,2873.5,39.920061,32.854067,2873.5,8.398,4,OK
20860,DESCENT,-0.9539,-0.006,1.0251,-0.00177,-0.00625,-0.0149,71277.9,2873.1,39.920134,32.854073,2872.9,8.398,4,OK
20870,DESCENT,-0.9633,-0.1554,0.977,-0.01152,0.00692,-0.00813,71357.3,2873.1,39.920103,32.854096,2873.1,8.398,4,OK
20880,DESCENT,-0.9393,-0.0204,0.986,0.01827,0.00617,-0.0008,71250.6,2873.4,39.920056,32.854158,2873.4,8.398,4,OK
20890,DESCENT,-1.0463,-0.0791,1.0042,0.00714,-0.00257,0.00523,71241.8,2872.7,39.920071,32.854113,2872.5,8.398,4,OK
20900,DESCENT,-0.9562,-0.1307,0.9748,0.00674,-0.00943,0.02548,71195.5,2872.1,39.920095,32.854067,2872.0,8.398,4,OK
20910,DESCENT,-0.9402,0.064,0.9467,0.00709,-0.01127,-0.00478,71241.5,2871.9,39.920052,32.854066,2871.9,8.398,4,OK
20920,DESCENT,-0.9093,-0.0559,1.0793,-0.00134,-0.00407,0.0086,71315.0,2871.5,39.920084,32.854083,2871.6,8.398,4,OK
20930,DESCENT,-0.96,-0.0176,0.9609,0.00701,0.00268,-0.002,71237.1,2872.1,39.920093,32.854093,2872.1,8.398,4,OK
20940,DESCENT,-1.0388,0.0035,1.1197,-0.00512,-0.01225,0.00194,71300.2,2871.3,39.920085,32.854071,2871.1,8.398,4,OK
20950,DESCENT,-0.9857,0.1034,1.0169,-0.00726,0.00223,-0.00553,71310.7,2871.3,39.920097,32.854151,2871.4,8.398,4,OK
20960,DESCENT,-0.9669,-0.0383,1.1091,-0.01086,-0.00436,-0.01898,71212.2,2870.1,39.920082,32.854111,2870.2,8.398,4,OK
20970,DESCENT,-1.004,0.0854,0.9178,0.01189,0.01854,-0.01696,71275.7,2870.8,39.920091,32.854104,2870.8,8.398,4,OK
20980,DESCENT,-0.9089,-0.0323,1.0787,-0.02727,-0.00611,-0.01528,71316.4,2869.2,39.920086,32.854018,2869.2,8.398,4,OK
20990,DESCENT,-1.0543,0.0785,1.0965,-0.0066,0.01446,0.0121,71195.4,2869.6,39.920073,32.854018,2869.7,8.398,4,OK
21000,DESCENT,-0.9598,0.068,0.9724,0.00147,0.02048,0.00622,71270.2,2869.2,39.920112,32.854085,2869.1,8.398,4,OK
21010,DESCENT,-0.8876,-0.0203,1.0006,0.00345,0.00254,-0.0211,71286.4,2867.5,39.920077,32.854042,2867.4,8.398,4,OK
21020,DESCENT,-0.9454,0.0228,1.039,0.00586,-0.00117,0.00059,71240.3,2869.2,39.920129,32.85412,2869.2,8.398,4,OK
21030,DESCENT,-1.0278,-0.034,1.0593,-0.00983,0.03305,-0.00663,71280.5,2868.6,39.920101,32.854072,2868.7,8.398,4,OK
21040,DESCENT,-1.0513,0.0724,0.8998,0.00814,-0.01982,-0.00027,71327.6,2867.6,39.920115,32.854134,2867.6,8.398,4,OK
21050,DESCENT,-1.0376,0.0476,1.0054,0.01262,-0.013,0.0072,71359.7,2867.3,39.920115,32.854134,2867.2,8.398,4,OK
21060,DESCENT,-0.8625,0.0589,0.9367,0.00796,-0.00919,0.0131,71300.2,2868.1,39.920105,32.854135,2868.1,8.398,4,OK
21070,DESCENT,-1.0379,0.0185,0.9953,0.00302,0.00326,0.00651,71287.3,2866.8,39.920122,32.854088,2866.9,8.398,4,OK
21080,DESCENT,-0.9418,-0.0112,0.9868,-0.00826,-0.02126,-0.00107,71344.9,2867.1,39.920069,32.854103,2867.2,8.398,4,OK
21090,DESCENT,-0.9349,-0.093,1.0583,-0.00351,0.01387,0.00634,71325.8,2867.6,39.92015,32.854111,2867.5,8.398,4,OK
21100,DESCENT,-0.9105,-0.0154,0.9825,0.00462,0.00434,-0.0133,71418.4,2866.3,39.920075,32.854122,2866.2,8.398,4,OK
21110,DESCENT,-1.0319,-0.0434,0.9736,0.00128,0.00411,-0.01617,71319.6,2866.2,39.920131,32.854066,2866.1,8.398,4,OK
21120,DESCENT,-0.8903,-0.0616,0.9495,0.00398,-0.0108,0.00973,71355.1,2865.9,39.920035,32.854038,2866.0,8.398,4,OK
21130,DESCENT,-1.034,0.0123,1.0236,0.00333,0.0028,0.01348,71305.4,2865.4,39.920122,32.854119,2865.3,8.398,4,OK
21140,DESCENT,-0.9386,-0.0268,0.856,-0.00374,0.00127,-0.01095,71258.1,2865.8,39.920125,32.854115,2866.0,8.398,4,OK
21150,DESCENT,-1.0325,0.085,1.0321,0.0086,-0.00213,-0.02422,71284.1,2864.7,39.920141,32.854097,2864.7,8.398,4,OK
21160,DESCENT,-0.9437,-0.0394,0.9723,-0.02592,0.00668,0.00573,71293.8,2864.6,39.920098,32.854129,2864.5,8.398,4,OK
21170,DESCENT,-1.0335,0.0014,0.9542,-0.0081,-0.01394,-0.00567,71228.9,2864.3,39.920088,32.854121,2864.3,8.398,4,OK
21180,DESCENT,-1.0348,0.0016,1.0078,-0.00309,-0.00456,-0.0104,71260.2,2864.4,39.920104,32.854164,2864.5,8.398,4,OK
21190,DESCENT,-0.9468,-0.0449,1.0289,0.0039,0.00789,0.0122,71334.0,2863.5,39.920049,32.854179,2863.5,8.398,4,OK
21200,DESCENT,-0.9797,-0.0117,0.8761,0.0116,0.00546,-0.00916,71368.4,2863.5,39.920081,32.854114,2863.6,8.398,4,OK
21210,DESCENT,-0.9321,0.0942,0.9796,-0.00295,0.02023,-0.00355,71318.1,2863.3,39.920129,32.85414,2863.3,8.398,4,OK
21220,DESCENT,-0.9801,0.0052,0.9593,-0.01835,0.00206,0.00333,71283.4,2862.9,39.920111,32.854094,2863.0,8.398,4,OK
21230,DESCENT,-0.9008,0.0059,1.0393,-0.01026,-0.00486,0.00184,71275.9,2863.4,39.920144,32.854093,2863.4,8.398,4,OK
21240,DESCENT,-0.857,0.0584,0.9737,-0.01352,-0.00516,0.00565,71424.9,2862.1,39.920155,32.854095,2862.0,8.398,4,OK
21250,DESCENT,-0.8946,0.0354,0.9507,-0.01219,-0.00051,-0.00201,71334.9,2861.9,39.920054,32.854026,2862.0,8.398,4,OK
21260,DESCENT,-0.9692,-0.0455,1.0511,-0.00239,0.00635,0.00769,71384.4,2861.6,39.9201,32.854148,2861.7,8.398,4,OK
21270,DESCENT,-1.0042,-0.0916,0.969,-0.00485,-0.01367,-0.00036,71438.3,2860.9,39.920123,32.854082,2860.7,8.398,4,OK
21280,DESCENT,-1.0084,0.0176,1.001,-0.00949,0.00152,-0.0142,71391.6,2860.7,39.92009,32.854116,2860.5,8.398,4,OK
21290,DESCENT,-0.9404,-0.0118,0.928,-0.0068,0.0014,0.00464,71300.0,2860.1,39.920117,32.854105,2860.1,8.398,4,OK
21300,DESCENT,-0.9634,-0.0087,0.954,-0.00526,0.00032,-0.01871,71356.8,2860.6,39.920071,32.854157,2860.6,8.398,4,OK
21310,DESCENT,-0.8777,-0.0453,0.9773,-0.01889,0.00325,0.00845,71360.4,2860.1,39.920125,32.85406,2860.3,8.398,4,OK
21320,DESCENT,-0.9891,-0.0323,0.9886,0.0013,-0.00819,0.00167,71398.3,2858.9,39.920119,32.8541,2858.8,8.398,4,OK
21330,DESCENT,-1.0002,-0.0074,0.9388,-0.02667,-0.00638,-0.01716,71299.8,2858.8,39.920076,32.854063,2858.9,8.398,4,OK
21340,DESCENT,-0.9018,0.0466,1.0799,0.00471,-0.0078,0.00619,71357.5,2858.8,39.920103,32.854126,2858.6,8.398,4,OK
21350,DESCENT,-0.9212,-0.0562,1.0852,-0.00187,0.01514,0.00795,71245.5,2858.1,39.920088,32.854099,2858.1,8.398,4,OK
21360,DESCENT,-0.9461,0.0494,1.0223,0.00288,0.00876,-0.0082,71361.7,2856.6,39.920094,32.854059,2856.4,8.398,4,OK
21370,DESCENT,-0.9605,-0.1141,1.0566,-0.0019,-2e-05,-0.01333,71357.7,2857.8,39.920083,32.854049,2857.7,8.398,4,OK
21380,DESCENT,-0.972,-0.0097,0.9683,0.01346,0.00373,-0.0079,71433.2,2857.3,39.920024,32.854111,2857.4,8.398,4,OK
21390,DESCENT,-0.9465,-0.0614,1.015,-0.00153,0.00105,0.00707,71412.9,2858.3,39.920122,32.854107,2858.5,8.398,4,OK
21400,DESCENT,-1.0409,0.0331,1.0,-0.0018,0.00744,0.00429,71331.4,2855.9,39.920078,32.854126,2855.9,8.398,4,OK
21410,DESCENT,-0.9465,0.1026,1.0394,0.01377,0.01016,0.00032,71452.8,2856.4,39.920101,32.854074,2856.6,8.398,4,OK
21420,DESCENT,-1.0402,-0.0364,1.091,-0.01375,-0.00041,0.01483,71382.4,2856.5,39.920164,32.854097,2856.5,8.398,4,OK
21430,DESCENT,-0.9042,-0.0448,1.0086,-0.00746,0.00222,0.0019,71413.5,2856.8,39.920079,32.854064,2856.8,8.398,4,OK
21440,DESCENT,-0.9887,-0.021,0.9632,-0.0247,-0.01686,-0.00018,71335.6,2855.2,39.920153,32.854129,2855.2,8.398,4,OK
21450,DESCENT,-0.966,0.0517,0.9013,0.00226,0.00337,-0.00322,71500.0,2856.2,39.92009,32.854092,2856.2,8.398,4,OK
21460,DESCENT,-0.9985,0.0982,1.0396,-0.02407,-0.01865,0.01064,71431.2,2855.7,39.920092,32.854148,2855.8,8.398,4,OK
21470,DESCENT,-1.045,0.0889,1.0476,0.00036,0.00106,0.01403,71368.2,2854.2,39.920087,32.854101,2854.0,8.398,4,OK
21480,DESCENT,-0.9601,-0.1058,1.067,0.00439,0.0003,0.00865,71435.8,2854.8,39.920116,32.854158,2854.9,8.398,4,OK
21490,DESCENT,-0.8883,0.0018,1.0486,0.01749,0.00024,0.01731,71482.9,2853.9,39.920105,32.854083,2854.1,8.398,4,OK
21500,DESCENT,-0.9841,0.0635,1.0188,-0.00984,-7e-05,-0.00303,71391.4,2853.0,39.920114,32.854079,2853.0,8.398,4,OK
21510,DESCENT,-0.8672,0.0437,1.0203,-0.01132,-0.00761,-0.00738,71485.2,2853.2,39.920112,32.854068,2853.2,8.398,4,OK
21520,DESCENT,-0.9684,0.0383,0.9828,0.00982,0.00469,0.01279,71354.0,2853.5,39.920108,32.854082,2853.4,8.398,4,OK
21530,DESCENT,-0.9656,-0.0302,1.1225,-0.01725,0.01137,-0.00018,71324.2,2852.2,39.920121,32.854049,2852.3,8.398,4,OK
21540,DESCENT,-1.0145,0.0014,0.9399,0.00178,0.00401,-0.01581,71469.4,2852.1,39.920127,32.854085,2852.1,8.398,4,OK
21550,DESCENT,-0.9074,0.0058,1.0138,-0.00764,0.01112,-0.0153,71429.5,2851.5,39.920113,32.854123,2851.6,8.398,4,OK
21560,DESCENT,-0.9857,-0.0158,0.9468,-0.00175,0.01623,0.0018,71417.5,2850.9,39.92004,32.854098,2851.1,8.398,4,OK
21570,DESCENT,-1.0223,0.0462,1.0226,-0.01286,-0.00022,0.01789,71444.6,2850.9,39.920106,32.854046,2851.0,8.398,4,OK
21580,DESCENT,-1.0489,-0.0483,0.9626,0.00401,-0.00182,0.00071,71454.4,2851.0,39.920099,32.854111,2851.0,8.398,4,OK
21590,DESCENT,-0.9706,-0.022,0.9659,0.0081,0.01784,-0.00338,71422.5,2850.1,39.920099,32.854111,2850.1,8.398,4,OK
21600,DESCENT,-0.851,-0.0309,1.0425,0.01412,0.01928,0.00346,71352.0,2849.9,39.920075,32.854107,2849.8,8.398,4,OK
21610,DESCENT,-0.9452,-0.0122,1.031,0.01149,0.02173,0.02614,71427.3,2850.1,39.920102,32.854155,2850.0,8.398,4,OK
21620,DESCENT,-0.9567,-0.0402,0.9862,0.01303,-0.00702,0.01613,71400.0,2849.1,39.920107,32.854124,2849.1,8.398,4,OK
21630,DESCENT,-0.8677,-0.0234,1.0638,-0.00426,-0.00328,0.01052,71469.2,2850.0,39.920096,32.8541,2850.0,8.398,4,OK
21640,DESCENT,-0.9652,-0.0043,0.9943,-0.00367,0.01278,0.00022,71461.5,2848.6,39.92014,32.854111,2848.7,8.398,4,OK
21650,DESCENT,-0.8929,0.0443,0.9531,0.00072,0.00957,0.01116,71468.3,2848.9,39.920142,32.854077,2848.8,8.398,4,OK
21660,DESCENT,-0.8873,-0.0733,1.0369,-0.01448,0.00549,-0.00328,71416.3,2847.5,39.920106,32.854073,2847.5,8.398,4,OK
21670,DESCENT,-0.9162,0.0084,1.0234,0.00656,-0.00182,-0.00288,71404.8,2848.8,39.920113,32.854137,2848.8,8.398,4,OK
21680,DESCENT,-0.9666,0.0451,1.1557,-0.00453,0.01378,0.00544,71546.2,2847.3,39.920057,32.854115,2847.2,8.398,4,OK
21690,DESCENT,-0.9704,-0.0825,0.9969,-0.00301,0.00759,0.00452,71628.5,2846.7,39.920127,32.854186,2846.7,8.398,4,OK
21700,DESCENT,-1.0079,-0.029,0.9655,-0.00234,-0.01454,0.00534,71525.1,2846.0,39.920052,32.854096,2845.8,8.398,4,OK
21710,DESCENT,-0.9601,-0.0249,1.1089,0.00339,-0.0086,0.00064,71526.9,2846.0,39.920108,32.854045,2846.1,8.398,4,OK
21720,DESCENT,-0.8707,0.0152,0.9976,0.00397,-0.00636,0.00342,71463.2,2845.9,39.920138,32.854092,2845.9,8.398,4,OK
21730,DESCENT,-0.9192,0.048,1.0217,-0.02182,0.00616,-0.00175,71459.0,2845.6,39.920074,32.854085,2845.6,8.398,4,OK
21740,DESCENT,-0.9297,0.092,0.969,0.00424,0.00256,-0.00175,71541.5,2844.9,39.920147,32.854028,2845.0,8.398,4,OK
21750,DESCENT,-0.9327,-0.1326,1.0643,-0.00689,-0.01394,0.0164,71516.5,2843.8,39.920128,32.854114,2843.9,8.398,4,OK
21760,DESCENT,-0.9212,-0.0288,0.9232,0.00577,-0.02481,0.00363,71459.1,2844.6,39.920067,32.854086,2844.7,8.398,4,OK
21770,DESCENT,-0.9996,0.0132,0.9508,0.00156,0.00918,0.00537,71584.3,2844.2,39.920105,32.85407,2844.1,8.398,4,OK
21780,DESCENT,-1.0156,0.0234,0.923,0.00099,-0.00068,0.00038,71503.9,2843.7,39.920138,32.854144,2843.9,8.398,4,OK
21790,DESCENT,-0.964,-0.0258,1.0436,0.00676,-0.00664,-0.00659,71467.2,2844.2,39.920138,32.854114,2844.1,8.398,4,OK
21800,DESCENT,-0.9776,-0.0453,0.9898,0.007,0.0062,0.01622,71517.5,2842.6,39.920062,32.854104,2842.7,8.398,4,OK
21810,DESCENT,-0.8272,-0.0269,0.927,-0.00799,-0.01217,0.00016,71575.7,2842.5,39.920097,32.854065,2842.7,8.398,4,OK
21820,DESCENT,-0.9407,-0.0004,1.0057,0.005,-0.00602,-0.01459,71467.5,2842.1,39.92008,32.854141,2842.3,8.398,4,OK
21830,DESCENT,-0.8944,0.0509,1.0975,-0.00918,0.00673,-0.01264,71436.2,2842.1,39.920067,32.854055,2842.1,8.398,4,OK
21840,DESCENT,-0.8195,0.0388,1.0346,0.00144,0.011,-0.01053,71546.4,2840.2,39.920051,32.854146,2840.1,8.398,4,OK
21850,DESCENT,-0.8067,-0.0104,1.0409,0.01139,-0.01333,0.00536,71482.9,2840.9,39.920101,32.854036,2841.0,8.398,4,OK
21860,DESCENT,-0.9653,-0.0082,0.9454,-0.00382,-0.00217,-0.01065,71496.1,2840.7,39.920062,32.854118,2840.9,8.398,4,OK
21870,DESCENT,-0.9463,-0.0256,1.0049,-0.02179,0.01199,0.00954,71398.0,2840.6,39.9201,32.854131,2840.6,8.398,4,OK
21880,DESCENT,-0.8961,0.0603,1.0043,0.00892,-0.00399,-0.01097,71568.7,2839.9,39.920125,32.854133,2839.9,8.398,4,OK
21890,DESCENT,-0.9702,-0.0819,1.1426,-0.01504,0.00157,0.00378,71494.2,2839.8,39.920114,32.854081,2839.7,8.398,4,OK
21900,DESCENT,-0.907,-0.027,0.918,0.00762,0.008,-0.00333,71551.7,2839.1,39.920107,32.854053,2839.1,8.398,4,OK
21910,DESCENT,-0.9059,-0.0649,0.9976,0.00104,-0.00893,0.00203,71607.7,2838.9,39.920105,32.854079,2838.8,8.398,4,OK
21920,DESCENT,-0.9236,-0.0444,0.9914,0.00718,0.00866,-0.02266,71565.4,2838.9,39.920086,32.854082,2838.9,8.398,4,OK
21930,DESCENT,-0.9863,-0.0519,1.0029,0.02253,0.00371,0.00589,71545.4,2837.5,39.920102,32.854078,2837.5,8.398,4,OK
21940,DESCENT,-0.9171,0.0143,0.9706,-0.00692,0.00441,-0.02573,71641.4,2837.6,39.92003,32.854129,2837.7,8.398,4,OK
21950,DESCENT,-0.9128,-0.0587,1.0015,0.00978,-0.00541,-0.00042,71564.4,2836.9,39.920128,32.854104,2836.9,8.398,4,OK
21960,DESCENT,-0.9786,0.0603,0.9106,0.00582,0.00859,-0.01212,71537.8,2836.6,39.920151,32.854158,2836.5,8.398,4,OK
21970,DESCENT,-0.8996,0.0623,1.0363,-0.00732,0.00623,-0.00037,71592.5,2837.4,39.920092,32.854105,2837.4,8.398,4,OK
21980,DESCENT,-0.8417,-0.0087,1.1027,0.01237,-0.00307,-0.00088,71612.4,2835.2,39.920133,32.854144,2835.3,8.398,4,OK
21990,DESCENT,-0.9875,-0.0314,0.962,0.00519,0.01323,0.00377,71622.8,2835.9,39.920148,32.854096,2836.0,8.398,4,OK
22000,DESCENT,-0.9039,-0.0356,0.9801,0.0144,0.01858,-0.0059,71562.6,2834.8,39.920089,32.854154,2834.7,8.398,4,OK
22010,DESCENT,-0.8677,0.022,1.0926,-0.00245,0.00948,-0.00159,71570.7,2834.0,39.920096,32.854095,2833.9,8.398,4,OK
22020,DESCENT,-0.8999,-0.0156,1.0129,0.01378,0.01379,-0.00599,71569.6,2835.5,39.920073,32.854052,2835.4,8.398,4,OK
22030,DESCENT,-0.9493,-0.0422,0.9557,0.01015,0.01803,0.01865,71566.6,2834.5,39.920082,32.854127,2834.5,8.398,4,OK
22040,DESCENT,-0.8396,0.114,1.0225,0.00314,-0.00984,0.00802,71704.9,2834.5,39.920111,32.854033,2834.5,8.398,4,OK
22050,DESCENT,-0.9476,-0.024,1.051,0.01389,-0.01271,-0.00511,71690.2,2832.6,39.920123,32.85403,2832.6,8.398,4,OK
22060,DESCENT,-0.9734,0.0508,0.9681,-0.00633,0.00044,-0.00457,71629.7,2833.0,39.920059,32.854073,2833.0,8.398,4,OK
22070,DESCENT,-0.893,0.0203,1.054,0.00434,0.01279,-0.01355,71619.1,2832.2,39.920113,32.854184,2832.0,8.398,4,OK
22080,DESCENT,-0.9388,0.0868,0.92,0.01534,0.01506,0.00263,71601.4,2831.4,39.920113,32.854135,2831.2,8.398,4,OK
22090,DESCENT,-0.8797,0.0217,1.0229,0.00963,0.00145,0.0048,71648.7,2831.2,39.920066,32.854125,2831.2,8.398,4,OK
22100,DESCENT,-0.982,0.0186,1.0549,-0.0115,-0.01501,-0.00975,71694.5,2830.9,39.920136,32.854065,2831.1,8.398,4,OK
22110,DESCENT,-1.0155,-0.0828,1.001,0.00016,-0.02027,-0.01427,71650.8,2831.1,39.920046,32.854055,2831.2,8.398,4,OK
22120,DESCENT,-0.9345,0.0417,0.9849,0.0094,0.0061,-0.00464,71611.7,2830.2,39.920065,32.854096,2830.2,8.398,4,OK
22130,DESCENT,-0.8834,-0.0851,1.0064,-0.00107,-0.00151,-0.01126,71602.5,2829.7,39.920085,32.854139,2829.7,8.398,4,OK
22140,DESCENT,-0.8784,-0.0677,0.9338,0.00595,0.00891,-0.0166,71661.6,2830.1,39.920138,32.854133,2830.2,8.398,4,OK
22150,DESCENT,-0.9101,0.0412,0.9932,0.0054,0.01408,-0.00478,71624.4,2829.9,39.920127,32.854072,2830.0,8.398,4,OK
22160,DESCENT,-0.9918,0.0662,0.9259,0.00399,-0.01678,0.01563,71689.8,2829.8,39.9201,32.854158,2829.9,8.398,4,OK
22170,DESCENT,-0.8603,-0.0097,1.0074,-0.00295,-0.00452,-0.00166,71643.6,2828.3,39.920135,32.854063,2828.4,8.398,4,OK
22180,DESCENT,-0.9132,-0.0357,1.0261,-0.008,-0.01339,0.00085,71695.4,2828.6,39.920132,32.854113,2828.6,8.398,4,OK
22190,DESCENT,-0.9938,-0.0025,1.0047,-0.01375,-0.01151,0.00776,71615.0,2827.4,39.920103,32.854067,2827.5,8.398,4,OK
22200,DESCENT,-0.9312,0.0079,0.9989,0.01221,-0.00687,-0.00696,71726.2,2827.2,39.920098,32.854143,2827.2,8.398,4,OK
22210,DESCENT,-0.9106,-0.0717,1.0536,0.01058,0.02421,-0.01486,71605.0,2827.2,39.92008,32.854082,2827.2,8.398,4,OK
22220,DESCENT,-0.929,0.0565,1.0227,-0.00142,-0.00569,0.00539,71665.8,2826.0,39.920071,32.854099,2825.9,8.398,4,OK
22230,DESCENT,-0.9642,-0.0042,0.91,0.00804,0.00147,-0.00723,71631.6,2826.7,39.920084,32.854072,2826.9,8.398,4,OK
22240,DESCENT,-0.9203,-0.0925,1.0229,-4e-05,0.02205,-0.00535,71707.6,2826.2,39.920104,32.854111,2826.2,8.398,4,OK
22250,DESCENT,-0.9123,0.0294,1.0486,-0.00866,0.01468,-0.00988,71705.0,2825.3,39.920086,32.854126,2825.3,8.398,4,OK
22260,DESCENT,-0.9385,0.1127,0.8858,-0.00804,0.00131,-0.00377,71723.8,2825.4,39.920091,32.854041,2825.3,8.398,4,OK
22270,DESCENT,-1.0074,0.0712,1.0024,-0.01041,0.00182,-0.00259,71714.8,2824.6,39.920124,32.854105,2824.7,8.398,4,OK
22280,DESCENT,-0.8722,-0.0103,0.976,-0.01341,-0.00411,0.01392,71687.3,2823.0,39.920083,32.854094,2823.0,8.398,4,OK
22290,DESCENT,-0.9258,0.0643,0.9821,0.00377,0.0057,-0.01153,71673.3,2823.8,39.920089,32.854076,2823.7,8.398,4,OK
22300,DESCENT,-0.9464,0.0067,1.0097,-0.01188,0.00607,-0.00208,71761.4,2823.7,39.920053,32.854084,2823.6,8.398,4,OK
22310,DESCENT,-0.9499,0.1121,0.919,-0.01158,0.00143,0.00046,71669.2,2822.5,39.920101,32.854147,2822.5,8.398,4,OK
22320,DESCENT,-0.939,0.0841,1.0558,-0.00313,-0.01624,-0.01822,71769.9,2823.1,39.920085,32.854093,2822.9,8.398,4,OK
22330,DESCENT,-0.9287,0.0104,1.028,-0.01083,0.00337,-0.00653,71750.8,2820.9,39.920128,32.854082,2820.9,8.398,4,OK
22340,DESCENT,-0.9034,0.021,1.0215,-0.0043,-0.01066,0.0122,71611.7,2821.9,39.920082,32.854127,2821.7,8.398,4,OK
22350,DESCENT,-0.7935,0.0543,0.9547,0.00266,0.02059,0.0046,71676.8,2822.4,39.920148,32.854101,2822.4,8.398,4,OK
22360,DESCENT,-0.9318,0.0244,0.9602,0.00723,0.00992,0.00357,71732.5,2820.9,39.920126,32.85405,2820.8,8.398,4,OK
22370,DESCENT,-0.9162,-0.0628,1.0508,-0.00419,-0.00667,0.00529,71760.3,2820.2,39.920094,32.854061,2820.3,8.398,4,OK
22380,DESCENT,-0.9734,-0.0162,0.9563,0.00872,0.01195,-0.00947,71780.9,2820.0,39.920073,32.854076,2820.1,8.398,4,OK
22390,DESCENT,-1.0041,0.0874,0.9683,-0.00913,-0.00458,0.01802,71797.1,2819.9,39.920127,32.854054,2819.8,8.398,4,OK
22400,DESCENT,-0.9511,-0.028,1.0069,0.0122,0.00252,-0.00676,71652.2,2819.2,39.920038,32.854123,2819.3,8.398,4,OK
22410,DESCENT,-0.9442,0.0585,1.0147,-5e-05,-0.0047,-0.01113,71704.7,2818.8,39.920089,32.85416,2818.8,8.398,4,OK
22420,DESCENT,-0.9511,-0.0068,1.0218,-0.00296,-0.00476,0.0015,71728.7,2818.2,39.920094,32.854099,2818.2,8.398,4,OK
22430,DESCENT,-0.8677,0.012,0.9981,-2e-05,-0.01263,-0.00713,71766.0,2817.8,39.920117,32.854111,2817.9,8.398,4,OK
22440,DESCENT,-0.8993,0.0064,0.9525,-0.01215,0.00321,0.00498,71742.5,2817.3,39.920081,32.854118,2817.3,8.398,4,OK
22450,DESCENT,-0.8801,-0.0767,0.9522,0.0014,-0.03152,0.00197,71741.5,2817.3,39.920069,32.854169,2817.4,8.398,4,OK
22460,DESCENT,-0.9361,0.0238,1.0334,0.01026,-0.0007,-0.01064,71751.1,2817.2,39.920103,32.854067,2817.2,8.398,4,OK
22470,DESCENT,-0.9892,0.0881,1.0436,0.01765,-0.01047,-0.0106,71769.8,2815.9,39.920092,32.854064,2815.9,8.398,4,OK
22480,DESCENT,-0.8803,-0.0951,1.0792,0.00029,0.00987,-0.00505,71721.6,2816.0,39.920093,32.854092,2816.0,8.398,4,OK
22490,DESCENT,-0.9953,0.0217,1.0468,-0.00203,0.00281,-0.0035,71779.7,2815.1,39.920161,32.854126,2815.2,8.398,4,OK
22500,DESCENT,-1.0391,0.0456,0.998,-0.0094,-0.00433,-0.00833,71841.7,2815.3,39.920152,32.85407,2815.2,8.398,4,OK
22510,DESCENT,-0.9724,-0.0257,0.9642,0.01053,0.01367,0.00285,71702.5,2815.0,39.920085,32.854107,2815.0,8.398,4,OK
22520,DESCENT,-0.971,-0.0041,0.948,-0.00477,-0.00246,0.01448,71815.3,2813.4,39.920134,32.854082,2813.4,8.398,4,OK
22530,DESCENT,-0.9002,-0.0338,0.9814,0.00029,0.00176,0.00856,71741.6,2814.5,39.920101,32.854048,2814.6,8.398,4,OK
22540,DESCENT,-0.9354,0.0053,1.0595,0.00645,0.00784,-0.0068,71776.7,2812.7,39.920122,32.854118,2812.6,8.398,4,OK
22550,DESCENT,-0.9687,0.008,0.9519,0.01552,0.01366,0.0229,71818.6,2812.9,39.920096,32.854088,2813.0,8.398,4,OK
22560,DESCENT,-0.8804,0.0197,0.9839,0.01636,-0.012,0.02169,71767.1,2812.5,39.920102,32.854076,2812.4,8.398,4,OK
22570,DESCENT,-0.9359,-0.011,0.9365,-0.01282,0.01671,0.00406,71794.9,2812.1,39.920114,32.854141,2812.1,8.398,4,OK
22580,DESCENT,-0.921,0.0353,1.0022,-0.01841,-0.0013,-0.00279,71778.0,2811.2,39.920114,32.854069,2811.4,8.398,4,OK
22590,DESCENT,-0.9589,0.0499,0.9498,0.02237,0.00639,-0.01248,71791.3,2811.0,39.9201,32.854058,2811.0,8.398,4,OK
22600,DESCENT,-0.9359,-0.0237,1.0411,-0.00889,-0.00648,-0.01255,71812.8,2810.0,39.920117,32.854072,2810.1,8.398,4,OK
22610,DESCENT,-0.9872,0.0598,1.1004,-0.00611,-0.01649,0.00138,71796.4,2810.4,39.920108,32.854174,2810.4,8.398,4,OK
22620,DESCENT,-0.8545,0.0147,1.0126,0.00562,-0.00404,-0.0138,71863.1,2810.2,39.920062,32.854106,2810.3,8.398,4,OK
22630,DESCENT,-0.9521,0.0009,0.9541,-0.04257,-0.00777,0.00537,71850.9,2809.0,39.92013,32.854088,2809.0,8.398,4,OK
22640,DESCENT,-0.9945,0.0279,0.9734,-0.00649,-0.00779,0.00923,71872.0,2808.7,39.920041,32.854119,2808.7,8.398,4,OK
22650,DESCENT,-0.8491,0.0247,1.0019,-0.01591,-0.00057,0.00385,71785.6,2808.8,39.920086,32.854077,2808.8,8.398,4,OK
22660,DESCENT,-1.0243,-0.0023,1.0277,0.00842,-0.0045,-0.01586,71830.1,2808.0,39.920093,32.854143,2808.0,8.398,4,OK
22670,DESCENT,-0.9079,-0.0344,0.9884,-0.01178,-0.00045,0.00097,71816.6,2807.3,39.920145,32.854133,2807.3,8.398,4,OK
22680,DESCENT,-0.8469,-0.0482,1.0208,0.00489,0.00828,-0.00733,71809.5,2806.2,39.920116,32.854068,2806.0,8.398,4,OK
22690,DESCENT,-0.9438,0.0038,1.0839,0.00089,0.00586,-0.00017,71818.4,2806.1,39.920129,32.854126,2806.0,8.398,4,OK
22700,DESCENT,-0.9747,-0.0865,1.02,0.00147,-0.00473,0.01189,71774.7,2806.0,39.920067,32.854042,2806.1,8.398,4,OK
22710,DESCENT,-0.8604,-0.0712,0.9507,-0.00046,0.01387,0.01384,71739.2,2805.3,39.920069,32.854142,2805.3,8.398,4,OK
22720,DESCENT,-0.9357,-0.0601,1.086,-0.00822,-0.01754,0.00169,71886.5,2805.0,39.920123,32.854059,2805.1,8.398,4,OK
22730,DESCENT,-0.8837,0.0462,1.037,-0.00832,0.00073,0.01245,71811.3,2804.2,39.92009,32.854085,2804.1,8.398,4,OK
22740,DESCENT,-0.9058,-0.0409,0.9942,-0.00245,-0.00226,-0.00707,71816.3,2804.3,39.920097,32.854089,2804.3,8.398,4,OK
22750,DESCENT,-0.9791,-0.0296,0.8495,0.01746,0.0056,0.00667,71888.6,2803.6,39.920089,32.854129,2803.6,8.398,4,OK
22760,DESCENT,-0.9111,0.0085,1.0169,0.00489,-0.00145,-0.00052,71876.5,2802.7,39.920067,32.854091,2802.6,8.398,4,OK
22770,DESCENT,-0.8352,-0.0001,1.0233,0.00096,-0.00387,0.00094,71955.3,2802.7,39.920079,32.854109,2802.8,8.398,4,OK
22780,DESCENT,-0.9273,-0.1044,1.0333,-0.0088,-0.00939,-0.00467,71911.8,2802.0,39.920124,32.854103,2802.1,8.398,4,OK
22790,DESCENT,-0.9082,0.0489,0.9706,0.00917,-0.00427,0.00595,71844.4,2802.6,39.92005,32.854165,2802.6,8.398,4,OK
22800,DESCENT,-0.9198,0.0105,1.0027,0.0003,-0.03378,0.0049,71904.5,2801.5,39.920095,32.854102,2801.5,8.398,4,OK
22810,DESCENT,-0.8875,0.0926,0.9813,0.01693,-0.00155,0.00932,71881.1,2801.0,39.920127,32.854118,2800.8,8.398,4,OK
22820,DESCENT,-0.9607,0.0878,1.018,-0.00462,0.00322,-0.0094,71956.4,2801.7,39.920108,32.854135,2801.7,8.398,4,OK
22830,DESCENT,-1.0213,-0.0103,1.0007,0.00474,0.00811,-0.0146,71880.6,2800.5,39.920114,32.854136,2800.6,8.398,4,OK
22840,DESCENT,-0.9014,-0.075,0.9861,-0.01333,-0.00272,-0.00326,71902.3,2799.6,39.920129,32.85412,2799.6,8.398,4,OK
22850,DESCENT,-0.9123,0.126,0.9538,-0.01073,0.00269,0.0023,71954.1,2798.8,39.92011,32.854133,2798.9,8.398,4,OK
22860,DESCENT,-0.8753,0.0126,0.9986,-0.01205,0.0103,-0.0129,71842.0,2799.0,39.9201,32.854163,2799.2,8.398,4,OK
22870,DESCENT,-0.9445,0.1128,1.0538,0.003,-0.01199,-0.0186,72033.6,2797.9,39.920107,32.854137,2797.8,8.398,4,OK
22880,DESCENT,-0.87,-0.0031,1.0414,0.00399,0.00683,0.00871,71972.2,2797.6,39.920084,32.854122,2797.4,8.398,4,OK
22890,DESCENT,-0.7928,0.0306,0.9454,-0.00264,-0.00067,0.01914,71931.7,2797.8,39.920102,32.854127,2797.7,8.398,4,OK
22900,DESCENT,-0.871,-0.0655,1.0448,-0.00522,0.004,-0.00264,71900.9,2796.8,39.920098,32.85412,2796.8,8.398,4,OK
22910,DESCENT,-0.8775,-0.0568,0.9739,0.00014,0.01434,0.00359,71945.8,2797.4,39.920096,32.854099,2797.4,8.398,4,OK
22920,DESCENT,-0.9571,-0.0362,0.9038,0.00157,-0.01518,0.00432,71848.3,2795.7,39.920125,32.854012,2795.7,8.398,4,OK
22930,DESCENT,-0.8383,-0.0257,1.0576,0.01281,0.02562,-0.00509,71926.1,2795.6,39.920047,32.854097,2795.4,8.398,4,OK
22940,DESCENT,-0.9802,-0.0389,1.0433,-0.00604,-0.00432,-0.00978,71961.2,2795.5,39.920083,32.854033,2795.8,8.398,4,OK
22950,DESCENT,-0.8343,-0.025,0.9554,-0.00989,0.01459,-0.00055,71999.6,2793.9,39.920085,32.85403,2793.8,8.398,4,OK
22960,DESCENT,-0.8951,0.0615,0.9768,0.01245,0.00979,-0.00213,71932.5,2794.1,39.920069,32.854177,2794.0,8.398,4,OK
22970,DESCENT,-0.9815,-0.0602,1.0899,0.00566,0.00115,-0.00187,71981.1,2793.5,39.920102,32.854134,2793.4,8.398,4,OK
22980,DESCENT,-0.9265,0.0182,0.9132,-0.00481,-0.02172,-0.00676,71979.8,2792.7,39.920079,32.854081,2792.8,8.398,4,OK
22990,DESCENT,-0.9511,0.0195,0.9605,-0.03028,0.00324,-0.01077,72097.8,2792.6,39.920143,32.854073,2792.5,8.398,4,OK
23000,DESCENT,-0.9549,0.1369,1.0593,0.01068,-0.00557,0.0029,72038.1,2791.6,39.920071,32.854125,2791.7,8.398,4,OK
23010,DESCENT,-0.9403,-0.0445,0.9542,-0.00845,0.00547,0.00618,71895.7,2791.4,39.920132,32.854084,2791.6,8.398,4,OK
23020,DESCENT,-0.8972,0.0122,0.9826,0.01276,0.00091,0.01174,72079.6,2790.1,39.920109,32.854091,2790.2,8.398,4,OK
23030,DESCENT,-0.961,0.0914,0.9694,-0.00535,0.01464,-0.0049,71970.0,2791.0,39.920066,32.854132,2791.1,8.398,4,OK
23040,DESCENT,-0.9051,0.0223,0.9839,-0.0033,-0.00175,-0.00942,71997.8,2789.3,39.920114,32.8541,2789.3,8.398,4,OK
23050,DESCENT,-0.8902,0.0238,1.0198,0.01319,0.00572,0.00481,72048.1,2788.8,39.920092,32.854103,2788.7,8.398,4,OK
23060,DESCENT,-1.0262,0.0213,1.1019,0.00514,-0.02358,-0.00422,72085.5,2789.5,39.920089,32.854007,2789.6,8.398,4,OK
23070,DESCENT,-1.0138,0.0225,0.9587,-0.0061,-0.00325,0.00355,71896.9,2789.1,39.920107,32.854117,2789.1,8.398,4,OK
23080,DESCENT,-0.8308,-0.0182,1.0387,0.01283,-0.00816,-0.01046,71952.5,2788.4,39.920048,32.854071,2788.4,8.398,4,OK
23090,DESCENT,-0.9368,0.0079,0.9637,0.00335,-0.01197,-0.00767,72029.2,2787.6,39.920059,32.854095,2787.5,8.398,4,OK
23100,DESCENT,-0.8616,0.0835,1.0485,0.00795,-0.00013,-0.01316,71990.9,2787.2,39.920085,32.854105,2787.1,8.398,4,OK
23110,DESCENT,-0.9513,-0.0383,1.0069,-0.00446,5e-05,-0.01116,72124.0,2786.4,39.920081,32.854026,2786.4,8.398,4,OK
23120,DESCENT,-0.8881,0.0276,0.9888,0.01148,-0.02218,-0.01325,71941.8,2785.9,39.920087,32.85408,2786.0,8.398,4,OK
23130,DESCENT,-0.9106,-0.0525,1.0606,-0.01212,0.0162,-0.00671,72054.5,2785.4,39.920115,32.854097,2785.4,8.398,4,OK
23140,DESCENT,-0.9308,0.0848,0.9772,0.01025,0.00528,0.00894,72051.4,2784.6,39.920092,32.85418,2784.7,8.398,4,OK
23150,DESCENT,-0.8849,0.035,1.0683,-0.01325,0.00205,-0.00824,72089.2,2784.8,39.920054,32.854094,2784.7,8.398,4,OK
23160,DESCENT,-0.971,-0.0212,1.0615,0.00011,0.00894,0.01382,72116.0,2783.9,39.920099,32.854066,2783.9,8.398,4,OK
23170,DESCENT,-0.9689,0.0819,1.0742,-0.00417,-0.00802,-0.01683,72069.3,2784.3,39.920089,32.854072,2784.4,8.398,4,OK
23180,DESCENT,-0.9065,-0.0203,0.9293,0.00081,0.00956,-0.00085,72120.3,2783.9,39.920124,32.854081,2783.9,8.398,4,OK
23190,DESCENT,-0.9213,-0.0281,0.9865,0.01069,-0.00869,0.01702,72060.4,2782.7,39.920051,32.854139,2782.8,8.398,4,OK
23200,DESCENT,-0.8387,0.0317,1.0669,0.00249,0.00931,0.01238,72060.8,2782.2,39.92007,32.854089,2782.4,8.398,4,OK
23210,DESCENT,-0.9493,0.0195,1.0246,0.0042,-0.01998,0.01107,72117.6,2780.7,39.920103,32.854129,2780.7,8.398,4,OK
23220,DESCENT,-0.8959,0.0203,1.0301,-0.01317,-0.00564,0.00598,72035.2,2782.0,39.92016,32.854106,2782.0,8.398,4,OK
23230,DESCENT,-0.8405,-0.0372,1.0692,0.00466,-0.00889,-0.0053,72064.0,2781.6,39.920115,32.854128,2781.3,8.398,4,OK
23240,DESCENT,-0.9385,0.0771,1.0247,0.00728,0.00978,0.0143,72085.7,2781.1,39.92008,32.854091,2781.1,8.398,4,OK
23250,DESCENT,-0.9462,-0.0783,1.0076,0.00115,0.00851,0.00719,72059.0,2781.0,39.920108,32.854108,2781.0,8.398,4,OK
23260,DESCENT,-0.9543,-0.0787,0.9677,-0.00298,0.01132,-0.01078,72060.9,2779.8,39.920088,32.854116,2779.8,8.398,4,OK
23270,DESCENT,-0.9133,0.0191,1.0445,0.00615,0.01601,0.02182,72062.7,2779.3,39.920159,32.854058,2779.1,8.398,4,OK
23280,DESCENT,-0.8644,-0.0677,0.9566,-0.00726,0.01966,0.02148,72091.1,2778.4,39.920124,32.85408,2778.2,8.398,4,OK
23290,DESCENT,-0.8978,0.0009,1.0456,0.01386,0.00186,0.00276,72090.3,2777.8,39.920058,32.854141,2777.8,8.398,4,OK
23300,DESCENT,-0.9208,-0.0042,0.9648,0.01038,-0.00368,-0.01533,72117.7,2778.0,39.920123,32.854131,2777.9,8.398,4,OK
23310,DESCENT,-0.8416,0.0032,1.0842,-0.00627,0.00329,-0.00428,72065.1,2777.0,39.92009,32.854078,2777.1,8.398,4,OK
23320,DESCENT,-0.8489,-0.0103,1.043,-0.01446,0.00318,-0.00813,72210.0,2776.8,39.92003,32.854077,2776.8,8.398,4,OK
23330,DESCENT,-0.8456,-0.0264,0.9406,-0.00743,-0.00565,0.00384,72089.1,2775.8,39.920073,32.854075,2775.7,8.398,4,OK
23340,DESCENT,-0.8585,-0.0587,1.0347,0.0018,0.01527,-0.0017,72132.4,2775.5,39.920101,32.854116,2775.5,8.398,4,OK
23350,DESCENT,-0.9253,-0.0336,1.0507,-0.00462,0.00652,0.00265,72196.3,2774.6,39.92012,32.8541,2774.6,8.398,4,OK
23360,DESCENT,-0.9679,0.0232,0.9627,-0.00393,0.02904,0.00674,72095.3,2774.9,39.92011,32.854038,2774.9,8.398,4,OK
23370,DESCENT,-0.962,0.0239,0.9583,-0.00715,-0.00347,-0.00317,72113.4,2774.1,39.920143,32.854156,2774.1,8.398,4,OK
23380,DESCENT,-0.9174,0.0247,0.9804,0.00353,0.00069,-0.00572,72114.6,2773.4,39.92008,32.8541,2773.3,8.398,4,OK
23390,DESCENT,-0.838,0.0922,0.959,0.0116,-0.00717,0.01973,72176.6,2772.9,39.920101,32.854109,2772.9,8.398,4,OK
23400,DESCENT,-0.873,-0.0595,1.0301,-0.00437,-0.00455,0.01864,72211.2,2772.7,39.920093,32.85412,2772.7,8.398,4,OK
23410,DESCENT,-0.8841,0.0801,0.9344,0.01644,0.01656,0.004,72175.2,2772.7,39.920076,32.854054,2772.6,8.398,4,OK
23420,DESCENT,-0.9125,-0.0053,0.9727,-0.00715,-0.00481,0.00921,72177.5,2771.2,39.920142,32.8542,2771.3,8.398,4,OK
23430,DESCENT,-0.948,0.0032,0.9805,0.00201,0.00605,0.01899,72231.5,2771.5,39.92012,32.854085,2771.6,8.398,4,OK
23440,DESCENT,-0.8987,0.027,1.0179,-0.00094,-0.02156,-0.01264,72126.9,2770.5,39.920097,32.854057,2770.4,8.398,4,OK
23450,DESCENT,-0.8418,-0.0366,0.9288,0.00056,0.00953,-0.00067,72219.5,2770.4,39.920107,32.854091,2770.3,8.398,4,OK
23460,DESCENT,-0.9524,0.0758,1.0035,-0.01574,-0.00977,0.0026,72086.6,2768.9,39.920146,32.854098,2768.8,8.398,4,OK
23470,DESCENT,-0.8913,-0.0169,1.0473,-0.01318,-0.00693,0.00839,72183.0,2768.4,39.920087,32.854086,2768.4,8.398,4,OK
23480,DESCENT,-0.8639,-0.0087,0.9755,-0.0055,0.00411,0.00427,72225.7,2768.1,39.920065,32.854089,2768.2,8.398,4,OK
23490,DESCENT,-0.8447,-0.0185,0.9871,0.00636,0.00799,-0.00526,72153.2,2767.1,39.920085,32.854033,2767.0,8.398,4,OK
23500,DESCENT,-0.891,-0.0344,0.9723,0.00705,-1e-05,0.03167,72223.2,2766.9,39.920092,32.854088,2767.1,8.398,4,OK
23510,DESCENT,-0.9735,-0.0067,0.9247,0.00116,-0.01878,0.00127,72249.8,2766.9,39.920096,32.854153,2766.9,8.398,4,OK
23520,DESCENT,-0.9222,-0.0001,1.068,0.00258,0.00406,-0.0018,72240.6,2765.6,39.920115,32.854043,2765.6,8.398,4,OK
23530,DESCENT,-0.8117,-0.0758,0.9828,0.01399,-0.00607,0.01059,72242.3,2765.2,39.920075,32.854093,2765.1,8.398,4,OK
23540,DESCENT,-0.9193,-0.0812,0.9772,0.00649,-0.00235,0.01166,72271.8,2764.8,39.920074,32.854047,2764.7,8.398,4,OK
23550,DESCENT,-0.9462,-0.0131,1.0265,-0.01686,0.0057,-0.01205,72130.6,2764.2,39.920118,32.854041,2764.1,8.398,4,OK
23560,DESCENT,-0.8902,0.0407,1.0484,0.00379,-0.00945,-0.00667,72291.4,2764.7,39.920122,32.854134,2764.7,8.398,4,OK
23570,DESCENT,-0.8809,-0.0231,0.9147,-0.01431,0.01815,0.00617,72238.8,2763.3,39.920063,32.854085,2763.2,8.398,4,OK
23580,DESCENT,-0.849,0.0795,0.8762,0.01951,-0.00841,0.00162,72251.7,2763.0,39.920101,32.854102,2762.9,8.398,4,OK
23590,DESCENT,-0.8501,0.0922,1.0435,-0.00555,0.00402,0.00424,72172.9,2761.2,39.920143,32.854091,2761.4,8.398,4,OK
23600,DESCENT,-0.8933,0.0825,0.9858,0.01538,0.0103,0.01203,72215.7,2761.9,39.920072,32.854054,2762.1,8.398,4,OK
23610,DESCENT,-0.9391,-0.0238,1.1035,-0.01331,0.00235,-0.00591,72181.0,2760.9,39.920102,32.854069,2761.0,8.398,4,OK
23620,DESCENT,-0.8971,0.0716,0.966,-0.01359,-0.01888,0.01137,72311.4,2761.2,39.920097,32.854128,2761.3,8.398,4,OK
23630,DESCENT,-0.899,0.0214,0.9798,-0.00289,-0.00217,0.00791,72208.7,2759.6,39.920071,32.854095,2759.6,8.398,4,OK
23640,DESCENT,-0.8352,0.0208,0.9543,-0.00891,0.00515,-0.00038,72340.1,2759.3,39.920108,32.854125,2759.2,8.398,4,OK
23650,DESCENT,-0.8881,-0.029,1.028,0.01995,-0.0044,0.00203,72202.9,2759.5,39.920041,32.854065,2759.6,8.398,4,OK
23660,DESCENT,-0.926,0.0769,0.9815,0.01459,0.01295,0.00934,72215.6,2757.8,39.92013,32.854111,2757.7,8.398,4,OK
23670,DESCENT,-0.8239,-0.0002,0.9863,0.01343,0.01324,0.00194,72337.6,2757.9,39.920144,32.854049,2757.9,8.398,4,OK
23680,DESCENT,-0.8754,0.0094,0.9438,0.00091,0.00367,-0.00491,72261.5,2757.2,39.920074,32.85413,2757.1,8.398,4,OK
23690,DESCENT,-0.8974,0.0687,0.9666,-0.00765,0.00339,0.00827,72284.9,2757.7,39.920094,32.854105,2757.7,8.398,4,OK
23700,DESCENT,-0.8052,0.0268,1.0203,-0.01004,-6e-05,0.02281,72306.0,2757.3,39.92009,32.854022,2757.3,8.398,4,OK
23710,DESCENT,-0.8938,0.0312,1.0137,-0.0011,-0.00882,0.01674,72263.8,2756.3,39.920114,32.854051,2756.2,8.398,4,OK
23720,DESCENT,-0.8599,0.0495,0.9868,0.00936,-0.01689,-0.00667,72335.4,2755.4,39.920091,32.854037,2755.2,8.398,4,OK
23730,DESCENT,-0.901,-0.0538,1.0652,0.00134,0.01316,-0.00374,72380.6,2755.1,39.920096,32.854101,2755.1,8.398,4,OK
23740,DESCENT,-0.8316,-0.0114,0.9977,-0.00192,0.00236,0.00117,72283.1,2755.1,39.920058,32.85406,2755.0,8.398,4,OK
23750,DESCENT,-0.9412,0.0208,0.9227,-0.01772,-0.00787,0.00657,72285.4,2753.9,39.92012,32.854104,2753.9,8.398,4,OK
23760,DESCENT,-0.9145,-0.0167,0.981,0.00119,0.00883,0.00621,72391.5,2752.9,39.920122,32.854084,2752.9,8.398,4,OK
23770,DESCENT,-0.8218,0.0036,0.9716,-0.00576,0.01054,0.00535,72304.4,2753.8,39.920104,32.854111,2753.9,8.398,4,OK
23780,DESCENT,-0.8705,-0.0354,1.0562,-0.01446,-0.0117,0.00757,72281.6,2751.5,39.920131,32.854092,2751.5,8.398,4,OK
23790,DESCENT,-0.9279,0.0816,1.0341,-0.00311,-0.00107,-0.00704,72384.4,2751.8,39.920105,32.854137,2751.9,8.398,4,OK
23800,DESCENT,-0.8816,0.0378,1.0065,0.01014,-0.01866,-0.00603,72360.4,2750.8,39.920115,32.8541,2750.7,8.398,4,OK
23810,DESCENT,-0.8675,-0.0147,1.0828,-0.01089,0.0079,-0.01076,72292.3,2749.9,39.920116,32.854105,2749.9,8.398,4,OK
23820,DESCENT,-0.8715,-0.0151,1.0847,0.014,0.0159,-0.00539,72337.1,2749.6,39.920129,32.8541,2749.5,8.398,4,OK
23830,DESCENT,-0.91,0.0066,0.9994,-0.02685,-0.00892,-0.00045,72288.8,2748.7,39.920101,32.854125,2748.6,8.398,4,OK
23840,DESCENT,-0.8847,0.0593,0.9915,0.00373,-0.0156,0.0092,72375.0,2749.4,39.920112,32.854089,2749.5,8.398,4,OK
23850,DESCENT,-0.874,-0.0018,1.1095,-0.0011,0.0047,-0.00802,72347.1,2748.8,39.920185,32.854041,2749.0,8.398,4,OK
23860,DESCENT,-0.9281,-0.0463,0.9353,-0.00146,-0.00053,0.0083,72352.4,2749.0,39.920026,32.854123,2748.9,8.398,4,OK
23870,DESCENT,-0.8733,-0.0505,0.9863,0.01468,-0.00211,0.01415,72296.1,2746.5,39.920122,32.854084,2746.5,8.398,4,OK
23880,DESCENT,-0.9254,-0.0008,1.0396,0.01175,-0.00109,0.01003,72417.0,2746.2,39.920104,32.854072,2746.4,8.398,4,OK
23890,DESCENT,-0.9003,-0.0434,0.9776,-0.00382,-0.00804,0.01251,72346.6,2745.7,39.920068,32.854055,2745.8,8.398,4,OK
23900,DESCENT,-0.8358,-0.0166,0.9688,-0.01096,0.00374,0.00145,72449.1,2745.6,39.920103,32.854111,2745.7,8.398,4,OK
23910,DESCENT,-0.8452,0.1861,0.9731,-0.0057,0.02108,-0.00601,72375.3,2745.2,39.920072,32.85412,2745.1,8.398,4,OK
23920,DESCENT,-0.8382,-0.063,0.9945,1e-05,0.02569,-0.00173,72398.6,2743.2,39.920097,32.854092,2743.1,8.398,4,OK
23930,DESCENT,-0.7611,-0.0095,0.9567,0.00602,-0.01249,0.00751,72437.1,2743.3,39.920153,32.854103,2743.1,8.398,4,OK
23940,DESCENT,-0.8447,0.0738,0.9936,-0.00659,-0.01119,-0.0054,72351.3,2743.6,39.920075,32.85412,2743.5,8.398,4,OK
23950,DESCENT,-0.909,-0.0385,1.0479,-0.00696,-0.00249,-0.00691,72440.5,2743.0,39.920115,32.854081,2743.0,8.398,4,OK
23960,DESCENT,-0.7906,-0.0501,0.9919,-0.01999,-0.01845,-0.00066,72414.2,2742.2,39.920124,32.854067,2742.1,8.398,4,OK
23970,DESCENT,-0.898,-0.0398,0.8716,0.00123,-0.01129,-0.02005,72511.4,2742.0,39.920097,32.854109,2742.0,8.398,4,OK
23980,DESCENT,-0.8227,0.0919,0.9434,0.01359,0.00499,0.00875,72452.8,2740.8,39.920072,32.8541,2740.8,8.398,4,OK
23990,DESCENT,-0.8392,0.0,0.9764,-0.01103,0.00661,-0.00961,72392.1,2740.8,39.920086,32.854134,2740.8,8.398,4,OK
24000,DESCENT,-0.8678,-0.0395,1.0286,0.0153,0.00604,0.00254,72493.4,2739.4,39.920113,32.854127,2739.5,8.398,4,OK
24010,DESCENT,-0.9216,0.0075,0.9453,0.0122,-0.01009,-0.00011,72457.9,2738.6,39.920132,32.854143,2738.7,8.398,4,OK
24020,DESCENT,-0.8099,-0.0218,1.0444,-0.01328,-0.0106,-0.00144,72398.1,2738.2,39.920089,32.854135,2738.3,8.398,4,OK
24030,DESCENT,-0.856,-0.0269,0.9707,-0.01287,0.01185,-0.00305,72452.8,2738.6,39.920134,32.854065,2738.7,8.398,4,OK
24040,DESCENT,-0.9544,0.0512,1.0359,-0.00397,-0.00968,0.00567,72451.1,2737.5,39.920094,32.854131,2737.7,8.398,4,OK
24050,DESCENT,-0.8637,0.0335,1.0503,0.00208,-0.00489,0.00345,72487.1,2737.7,39.920097,32.854076,2738.0,8.398,4,OK
24060,DESCENT,-0.913,-0.01,1.053,-0.01214,-0.00756,-0.00875,72502.1,2737.0,39.92009,32.854108,2736.9,8.398,4,OK
24070,DESCENT,-0.9284,0.0072,1.0212,0.01057,-0.0103,-0.00326,72485.6,2736.3,39.920063,32.854085,2736.3,8.398,4,OK
24080,DESCENT,-0.8694,-0.0103,1.0047,0.01748,-0.00167,-0.00438,72520.4,2735.3,39.920092,32.854047,2735.2,8.398,4,OK
24090,DESCENT,-0.8358,-0.0147,0.9612,-0.00092,0.00467,-0.01186,72441.9,2735.0,39.920071,32.854077,2735.1,8.398,4,OK
24100,DESCENT,-0.8854,0.0585,0.979,0.00539,-0.00095,-0.00101,72422.4,2734.4,39.920099,32.854116,2734.3,8.398,4,OK
24110,DESCENT,-0.9482,0.0672,0.9512,-0.01425,0.00391,0.00928,72483.7,2733.7,39.920048,32.854104,2733.6,8.398,4,OK
24120,DESCENT,-0.7805,-0.0833,0.9808,-0.00519,0.00273,0.00256,72482.6,2732.6,39.920101,32.854106,2732.6,8.398,4,OK
24130,DESCENT,-0.8436,0.0025,0.9883,-0.00617,-0.00938,-0.00298,72473.0,2732.8,39.920098,32.854093,2733.0,8.398,4,OK
24140,DESCENT,-0.8252,-0.0272,1.0081,-0.00045,-0.01215,-0.00402,72510.3,2731.1,39.920084,32.854086,2731.0,8.398,4,OK
24150,DESCENT,-0.8305,0.0832,1.0513,0.00261,-0.00427,-0.00278,72732.4,2731.7,39.920131,32.854109,2731.7,8.398,4,OK
24160,DESCENT,-0.8642,-0.0076,1.0242,0.00615,-0.00146,0.0031,72530.7,2731.3,39.920088,32.854075,2731.3,8.398,4,OK
24170,DESCENT,-0.8692,-0.0161,0.9562,0.001,-0.00517,0.01274,72536.4,2730.2,39.920095,32.854113,2730.3,8.398,4,OK
24180,DESCENT,-0.8449,0.0613,0.9254,-0.01276,0.00814,-0.01665,72522.5,2729.8,39.920095,32.854076,2729.7,8.398,4,OK
24190,DESCENT,-0.8298,0.0212,1.0307,0.00415,-0.00541,-0.00954,72508.5,2729.6,39.920113,32.854101,2729.6,8.398,4,OK
24200,DESCENT,-0.7896,0.0066,0.9164,-0.01112,-0.00464,0.01419,72468.7,2729.0,39.920088,32.854053,2729.0,8.398,4,OK
24210,DESCENT,-0.8088,-0.0211,1.0343,0.02347,-0.01185,0.01589,72600.9,2728.1,39.920105,32.854149,2728.1,8.398,4,OK
24220,DESCENT,-0.8346,0.0001,0.9944,0.00098,-0.00045,-0.00495,72446.6,2728.0,39.920103,32.854104,2728.2,8.398,4,OK
24230,DESCENT,-0.8345,0.0048,0.9445,-0.00667,0.00754,0.00257,72567.0,2726.6,39.920125,32.854117,2726.5,8.398,4,OK
24240,DESCENT,-0.8588,-0.0159,1.0337,0.00549,0.01415,-0.01316,72564.4,2726.1,39.920089,32.854046,2726.0,8.398,4,OK
24250,DESCENT,-0.8809,0.0716,0.9973,-0.01502,0.00396,-0.02085,72602.0,2724.9,39.920063,32.85409,2724.8,8.398,4,OK
24260,DESCENT,-0.7993,-0.0008,0.9628,-0.00831,0.00786,-0.01414,72607.1,2724.8,39.920125,32.854115,2724.8,8.398,4,OK
24270,DESCENT,-0.8088,-0.0425,1.0181,0.00396,0.00599,-0.00095,72604.6,2723.7,39.9201,32.85407,2723.6,8.398,4,OK
24280,DESCENT,-0.9225,-0.0131,1.0203,0.00622,-0.00711,0.0087,72685.1,2723.7,39.920084,32.854043,2723.8,8.398,4,OK
24290,DESCENT,-0.7941,0.1171,1.0524,-0.00525,0.00492,0.00678,72641.6,2723.7,39.920013,32.854098,2723.6,8.398,4,OK
24300,DESCENT,-0.868,0.0103,0.9267,0.01533,-0.00647,-0.00131,72577.2,2723.7,39.920093,32.854108,2723.5,8.398,4,OK
24310,DESCENT,-0.8774,0.0068,1.0218,-0.02157,-0.0007,0.0036,72605.5,2722.2,39.920082,32.854093,2722.3,8.398,4,OK
24320,DESCENT,-0.804,-0.0867,0.9512,-0.01502,0.00792,0.00473,72564.8,2721.6,39.920106,32.854054,2721.6,8.398,4,OK
24330,DESCENT,-0.8,0.0117,0.9963,0.00105,0.00304,-0.00896,72667.7,2721.1,39.920111,32.854088,2721.1,8.398,4,OK
24340,DESCENT,-0.858,0.0691,0.9649,0.00786,0.01458,-0.00958,72705.8,2719.2,39.9201,32.854082,2719.2,8.398,4,OK
24350,DESCENT,-0.7037,0.0165,1.0645,0.01096,-0.00426,-0.00152,72631.6,2718.6,39.920101,32.854126,2718.8,8.398,4,OK
24360,DESCENT,-0.7977,0.0643,1.0572,0.00804,0.00393,-0.01541,72659.7,2719.7,39.920119,32.854111,2719.7,8.398,4,OK
24370,DESCENT,-0.8745,-0.0387,1.0127,-0.00631,0.00094,-0.00569,72664.0,2718.3,39.920107,32.854033,2718.3,8.398,4,OK
24380,DESCENT,-0.8711,-0.0021,1.0638,-0.01749,-0.00964,-0.01032,72710.4,2718.0,39.920114,32.854062,2718.0,8.398,4,OK
24390,DESCENT,-0.8246,-0.0705,1.0633,-0.00179,0.0012,-0.01506,72564.8,2716.3,39.920099,32.854089,2716.4,8.398,4,OK
24400,DESCENT,-0.8002,-0.016,0.9043,0.01434,-0.00943,-0.01496,72588.3,2716.8,39.920103,32.854088,2716.9,8.398,4,OK
24410,DESCENT,-0.7939,-0.0428,0.9736,0.01994,-0.00249,0.00161,72680.9,2716.9,39.92008,32.854126,2716.9,8.398,4,OK
24420,DESCENT,-0.8231,0.0094,0.9688,0.01317,-0.0059,0.01802,72654.0,2715.1,39.920141,32.854155,2715.2,8.398,4,OK
24430,DESCENT,-0.8441,-0.0427,0.9613,-0.01291,-0.01621,0.01712,72654.7,2714.7,39.920072,32.854148,2714.6,8.398,4,OK
24440,DESCENT,-0.8639,0.0331,1.0773,-0.00669,-0.01009,-0.01104,72626.3,2713.9,39.92012,32.854065,2713.9,8.398,4,OK
24450,DESCENT,-0.9061,0.0803,0.9266,-0.01333,0.01978,-0.00254,72744.4,2713.0,39.920102,32.85412,2712.8,8.398,4,OK
24460,DESCENT,-0.7995,0.0619,0.9945,0.01645,-0.01151,0.00271,72700.3,2713.4,39.920093,32.854069,2713.4,8.398,4,OK
24470,DESCENT,-0.9184,-0.0454,0.9703,-0.00893,-0.00258,-0.01242,72770.4,2712.7,39.920103,32.854049,2712.6,8.398,4,OK
24480,DESCENT,-0.9445,-0.0823,1.1082,-0.01261,0.00816,-0.00564,72785.1,2711.3,39.920158,32.854114,2711.3,8.398,4,OK
24490,DESCENT,-0.8531,0.0339,0.974,0.00127,-0.00088,0.01024,72765.4,2712.5,39.920122,32.854132,2712.6,8.398,4,OK
24500,DESCENT,-0.9295,-0.1289,1.0277,-0.00547,-0.0267,-0.00014,72714.8,2710.8,39.920083,32.854068,2710.8,8.398,4,OK
24510,DESCENT,-0.8044,-0.0861,1.0208,0.01618,0.00928,-0.00899,72654.3,2710.8,39.920101,32.854126,2710.9,8.398,4,OK
24520,DESCENT,-0.7806,0.0291,0.9647,-0.00116,0.01798,0.00646,72675.0,2710.5,39.92009,32.854115,2710.6,8.398,4,OK
24530,DESCENT,-0.8039,-0.0693,1.0538,0.00296,-0.0184,-0.00277,72691.4,2709.1,39.920125,32.854126,2709.1,8.398,4,OK
24540,DESCENT,-0.8339,-0.0641,1.0038,0.01419,0.00692,0.01472,72722.5,2707.6,39.920156,32.854074,2707.5,8.398,4,OK
24550,DESCENT,-0.7422,0.028,0.9037,-0.00016,-0.00553,0.00678,72728.7,2708.5,39.920091,32.854188,2708.4,8.398,4,OK
24560,DESCENT,-0.7738,0.0143,0.93,-0.00195,-0.01236,0.00335,72692.9,2706.8,39.92012,32.8541,2706.7,8.398,4,OK
24570,DESCENT,-0.8318,0.0115,1.0335,-0.00623,0.00274,-0.01252,72740.8,2706.5,39.920072,32.854122,2706.3,8.398,4,OK
24580,DESCENT,-0.8951,0.0651,1.0054,0.00058,-0.00012,0.01372,72801.4,2704.9,39.920086,32.854118,2705.0,8.398,4,OK
24590,DESCENT,-0.7622,0.0504,0.9771,0.02034,0.00702,-0.00417,72766.1,2705.7,39.920088,32.854079,2705.7,8.398,4,OK
24600,DESCENT,-0.8331,0.0057,1.0008,0.01349,0.00976,0.01525,72686.0,2705.6,39.920107,32.854096,2705.6,8.398,4,OK
24610,DESCENT,-0.8677,0.005,0.9754,-0.00329,-0.00698,-0.00994,72796.9,2703.9,39.920134,32.854058,2703.9,8.398,4,OK
24620,DESCENT,-0.899,-0.0218,0.9892,0.00459,0.01609,-0.00121,72799.1,2703.9,39.920079,32.854095,2703.9,8.398,4,OK
24630,DESCENT,-0.8167,0.0408,1.0478,-0.00603,-0.0039,0.00839,72790.2,2702.9,39.920076,32.854081,2703.0,8.398,4,OK
24640,DESCENT,-0.9562,-0.0265,1.079,-0.01013,-0.0167,-0.00276,72795.5,2701.8,39.920114,32.854111,2701.8,8.398,4,OK
24650,DESCENT,-0.8052,0.0319,1.0533,0.00022,-0.01201,-0.00417,72764.0,2702.0,39.920111,32.854131,2702.0,8.398,4,OK
24660,DESCENT,-0.8415,-0.0243,0.9978,-0.01269,0.00083,0.01133,72745.8,2701.5,39.920082,32.85413,2701.6,8.398,4,OK
24670,DESCENT,-0.8622,-0.0915,1.0543,-0.00389,-0.01419,0.01413,72849.2,2700.4,39.920064,32.854054,2700.4,8.398,4,OK
24680,DESCENT,-0.8939,-0.0792,0.9873,0.00489,-0.02106,0.0132,72884.2,2699.6,39.920119,32.85413,2699.8,8.398,4,OK
24690,DESCENT,-0.8302,-0.005,1.0565,-0.00382,-0.01205,0.00073,72796.3,2698.6,39.920118,32.854117,2698.7,8.398,4,OK
24700,DESCENT,-0.7861,-0.0141,0.8956,-0.01564,0.00215,-0.00908,72810.0,2697.6,39.920108,32.854115,2697.6,8.398,4,OK
24710,DESCENT,-0.863,-0.0087,1.052,0.00792,-0.00185,-0.00327,72735.6,2697.6,39.92013,32.854076,2697.7,8.398,4,OK
24720,DESCENT,-0.7661,0.0457,0.9359,0.00148,-0.01917,-0.00468,72800.4,2696.6,39.920116,32.854119,2696.6,8.398,4,OK
24730,DESCENT,-0.8623,0.0152,1.0439,0.0124,-0.00774,-0.01419,72814.7,2695.9,39.920099,32.854043,2695.9,8.398,4,OK
24740,DESCENT,-0.8185,0.0202,1.0548,0.00222,-0.0097,-0.00675,72861.6,2695.2,39.920109,32.854131,2695.2,8.398,4,OK
24750,DESCENT,-0.7806,-0.0258,0.9648,-0.00243,0.00301,-0.00123,72812.6,2695.3,39.920114,32.854115,2695.2,8.398,4,OK
24760,DESCENT,-0.7724,0.0119,1.0524,0.0047,-0.00211,0.00968,72830.9,2694.3,39.92011,32.854104,2694.4,8.398,4,OK
24770,DESCENT,-0.9111,0.0952,0.9644,-0.02241,0.00102,0.00581,72819.4,2694.3,39.9201,32.854108,2694.3,8.398,4,OK
24780,DESCENT,-0.8291,-0.0935,1.0071,0.00592,-0.00534,0.00627,72964.7,2693.9,39.920122,32.854114,2693.8,8.398,4,OK
24790,DESCENT,-0.9037,0.0979,0.883,0.00813,-0.00673,0.00768,72861.5,2692.2,39.920132,32.854054,2692.2,8.398,4,OK
24800,DESCENT,-0.8681,0.0009,1.0922,0.02675,0.00463,-0.0011,72877.0,2692.4,39.920057,32.854098,2692.5,8.398,4,OK
24810,DESCENT,-0.8809,0.0187,0.9597,0.00091,6e-05,-0.00301,72871.2,2691.5,39.920174,32.854126,2691.5,8.398,4,OK
24820,DESCENT,-0.8184,-0.009,0.9391,-0.01674,0.00371,-0.00192,72855.7,2691.3,39.92007,32.854127,2691.3,8.398,4,OK
24830,DESCENT,-0.8291,0.0379,1.0401,-0.00273,-0.01643,0.00361,72791.5,2691.2,39.920113,32.854046,2691.2,8.398,4,OK
24840,DESCENT,-0.793,0.0688,0.9903,0.01094,-0.00313,-0.00485,72977.5,2689.0,39.920092,32.854015,2689.1,8.398,4,OK
24850,DESCENT,-0.8448,-0.0167,1.0833,0.00699,0.00241,0.01129,72958.5,2689.1,39.920115,32.854105,2689.2,8.398,4,OK
24860,DESCENT,-0.8265,-0.0431,1.023,0.00732,0.01085,-0.01102,72923.6,2688.6,39.92012,32.854077,2688.6,8.398,4,OK
24870,DESCENT,-0.8649,0.0088,0.9746,0.0016,0.01408,-0.00845,72901.4,2688.0,39.920088,32.854069,2687.9,8.398,4,OK
24880,DESCENT,-0.7762,-0.0454,1.0004,-0.00068,0.00254,-0.0101,72984.6,2686.6,39.920096,32.854121,2686.7,8.398,4,OK
24890,DESCENT,-0.8966,0.0522,1.0093,-0.0164,-0.00617,0.00069,72980.9,2685.7,39.920097,32.85403,2685.6,8.398,4,OK
24900,DESCENT,-0.8342,0.0291,0.9257,-0.00267,0.00126,0.00992,73036.3,2686.7,39.920088,32.854133,2686.7,8.398,4,OK
24910,DESCENT,-0.9216,-0.0746,0.9659,0.00219,0.01281,0.00013,72849.5,2684.9,39.920112,32.854101,2684.8,8.398,4,OK
24920,DESCENT,-0.8863,-0.0121,1.0277,0.00464,0.01051,0.00502,72941.9,2684.5,39.920112,32.854093,2684.5,8.398,4,OK
24930,DESCENT,-0.8194,-0.0394,0.9448,0.00439,-0.00486,0.01082,72964.7,2684.3,39.920142,32.854093,2684.4,8.398,4,OK
24940,DESCENT,-0.8056,0.0011,1.0441,-0.00671,0.03073,-0.01382,72985.1,2683.3,39.920115,32.854082,2683.3,8.398,4,OK
24950,DESCENT,-0.7318,-0.0073,0.9601,-0.01401,0.00672,-0.00673,72928.4,2682.2,39.920108,32.854101,2682.2,8.398,4,OK
24960,DESCENT,-0.8032,0.0036,0.9157,0.02029,0.00575,0.0018,73085.1,2682.1,39.920131,32.854112,2682.0,8.398,4,OK
24970,DESCENT,-0.9147,0.0332,1.0309,-0.00515,0.00551,0.00824,73003.7,2680.2,39.920156,32.85409,2679.9,8.398,4,OK
24980,DESCENT,-0.9148,-0.0611,1.039,0.00343,0.01226,-0.00565,73104.1,2680.7,39.920116,32.85412,2680.6,8.398,4,OK
24990,DESCENT,-0.8738,-0.0778,1.0292,-0.01603,0.01142,-0.00259,73018.6,2679.4,39.920078,32.854093,2679.3,8.398,4,OK
25000,DESCENT,-0.8826,0.0164,0.9819,0.00051,-0.00736,-0.00753,73050.5,2680.2,39.920085,32.854047,2680.0,8.398,4,OK
25010,DESCENT,-0.8173,0.0075,0.9482,0.01508,-0.00197,0.00295,73027.9,2678.4,39.920156,32.854065,2678.3,8.397,4,OK
25020,DESCENT,-0.8389,-0.0519,1.0782,-0.0015,-0.00096,0.00343,73086.9,2678.4,39.920106,32.8541,2678.3,8.397,4,OK
25030,DESCENT,-0.8641,0.0098,1.0364,-0.00038,-0.00982,0.01522,73009.7,2677.4,39.920115,32.854084,2677.3,8.397,4,OK
25040,DESCENT,-0.8544,-0.0618,1.0336,-0.00823,0.00888,0.00309,72968.9,2676.6,39.920109,32.854166,2676.6,8.397,4,OK
25050,DESCENT,-0.8315,-0.0074,0.964,0.00132,0.01083,-0.00153,73006.9,2676.1,39.920142,32.854153,2676.0,8.397,4,OK
25060,DESCENT,-0.9108,0.0069,1.0137,-0.0123,0.00795,-0.00382,73023.9,2674.9,39.920089,32.854113,2675.0,8.397,4,OK
25070,DESCENT,-0.812,-0.0283,0.9992,-0.00851,0.01218,-0.00201,73024.1,2675.2,39.920082,32.854121,2675.2,8.397,4,OK
25080,DESCENT,-0.8243,0.0324,0.9872,0.01015,-0.0102,-0.01692,73080.3,2674.1,39.920088,32.854145,2674.3,8.397,4,OK
25090,DESCENT,-0.8383,0.0332,0.9763,0.01148,-0.01328,-0.0158,73123.8,2672.4,39.920128,32.85409,2672.3,8.397,4,OK
25100,DESCENT,-0.6809,-0.06,0.9435,-0.00367,-0.02639,-0.00303,73129.3,2672.2,39.920074,32.854127,2672.2,8.397,4,OK
25110,DESCENT,-0.7921,-0.0323,1.0256,-0.01902,0.01678,0.00132,73085.7,2672.0,39.920084,32.854094,2671.9,8.397,4,OK
25120,DESCENT,-0.8217,0.0743,0.9937,-0.01651,0.0055,-0.00017,73070.6,2671.5,39.920084,32.854188,2671.5,8.397,4,OK
25130,DESCENT,-0.8743,-0.0061,1.0452,-0.00104,-0.00677,-0.02328,73050.4,2670.7,39.920069,32.854151,2670.8,8.397,4,OK
25140,DESCENT,-0.8092,0.0184,0.9732,0.00963,0.00819,0.01509,73017.8,2670.1,39.920125,32.854133,2670.2,8.397,4,OK
25150,DESCENT,-0.8699,-0.0442,1.1454,0.02129,0.00793,-0.00662,73132.4,2669.2,39.92014,32.854082,2669.2,8.397,4,OK
25160,DESCENT,-0.8854,-0.0587,1.0137,0.01137,-0.01737,-0.01517,73059.1,2669.1,39.920078,32.854136,2669.0,8.397,4,OK
25170,DESCENT,-0.828,0.0343,0.9907,0.01162,0.02133,-0.01357,73099.3,2668.4,39.920097,32.854072,2668.5,8.397,4,OK
25180,DESCENT,-0.6889,-0.0873,0.9975,-0.00457,0.00188,-0.01395,73110.9,2667.8,39.920129,32.85413,2667.9,8.397,4,OK
25190,DESCENT,-0.7343,-0.0266,0.9653,0.00589,-0.01332,0.00155,73058.4,2666.5,39.920071,32.854099,2666.6,8.397,4,OK
25200,DESCENT,-0.9179,0.056,1.0815,0.00092,-0.00135,0.01356,73157.9,2666.9,39.920124,32.854056,2666.9,8.397,4,OK
25210,DESCENT,-0.7734,-0.0264,1.0229,0.00182,0.00212,-0.00084,73091.6,2665.3,39.920127,32.854108,2665.4,8.397,4,OK
25220,DESCENT,-0.7427,0.0413,0.9527,-0.00226,0.0059,0.00678,73116.4,2665.7,39.920106,32.854095,2665.9,8.397,4,OK
25230,DESCENT,-0.7929,-0.0111,0.9371,0.00179,0.00054,0.00184,73150.2,2664.7,39.920091,32.854093,2664.7,8.397,4,OK
25240,DESCENT,-0.759,0.0127,1.0534,0.01439,-0.01363,0.00401,73165.9,2663.5,39.920112,32.854021,2663.6,8.397,4,OK
25250,DESCENT,-0.7506,-0.0014,0.9043,-0.00621,-0.01084,0.00335,73108.9,2662.1,39.920086,32.854127,2662.4,8.397,4,OK
25260,DESCENT,-0.8629,0.033,1.0549,0.00273,-0.00125,-0.01685,73125.9,2662.7,39.920104,32.854094,2662.5,8.397,4,OK
25270,DESCENT,-0.8714,0.0217,0.9992,-0.00884,-0.00647,-0.00665,73173.8,2660.5,39.920055,32.854103,2660.4,8.397,4,OK
25280,DESCENT,-0.777,-0.0941,1.0132,-0.00619,-0.00343,0.00244,73126.7,2661.0,39.920101,32.85409,2661.2,8.397,4,OK
25290,DESCENT,-0.8032,-0.016,1.0231,0.00468,0.02083,0.00742,73218.4,2660.6,39.920081,32.854056,2660.5,8.397,4,OK
25300,DESCENT,-0.7384,-0.0082,0.9779,-0.01148,0.00253,0.01292,73103.5,2659.2,39.920101,32.854127,2658.9,8.397,4,OK
25310,DESCENT,-0.8774,-0.0997,1.031,0.01216,-9e-05,0.02395,73143.2,2658.4,39.920092,32.854088,2658.4,8.397,4,OK
25320,DESCENT,-0.7802,0.0808,1.017,0.00606,-7e-05,-0.00212,73205.3,2657.2,39.920116,32.854098,2657.1,8.397,4,OK
25330,DESCENT,-0.7855,0.0696,0.9766,-0.01321,0.01025,0.01239,73233.4,2658.5,39.920121,32.854115,2658.6,8.397,4,OK
25340,DESCENT,-0.7767,0.011,1.01,-0.00149,0.00246,-0.00183,73265.8,2657.5,39.920158,32.854099,2657.5,8.397,4,OK
25350,DESCENT,-0.7972,-0.0811,1.0999,0.01363,0.01249,0.00842,73182.3,2655.9,39.92008,32.85406,2656.0,8.397,4,OK
25360,DESCENT,-0.785,0.0148,0.8943,0.00315,-0.00426,-0.0004,73190.3,2655.7,39.920071,32.854074,2655.6,8.397,4,OK
25370,DESCENT,-0.8571,0.0265,0.9069,-0.00401,-0.01113,0.01459,73158.8,2654.9,39.920115,32.854103,2654.9,8.397,4,OK
25380,DESCENT,-0.8546,-0.0204,0.9626,-0.00686,-0.00436,-0.01901,73244.3,2654.4,39.92006,32.854123,2654.5,8.397,4,OK
25390,DESCENT,-0.8446,0.0203,1.0408,0.00274,0.01429,-0.00017,73299.7,2653.7,39.920034,32.85414,2653.6,8.397,4,OK
25400,DESCENT,-0.7216,-0.0227,0.9275,0.02199,-0.00043,0.01646,73252.8,2652.7,39.920125,32.854061,2652.7,8.397,4,OK
25410,DESCENT,-0.815,0.0559,1.0781,-0.00675,-0.00579,-0.00472,73197.5,2652.5,39.920069,32.854075,2652.4,8.397,4,OK
25420,DESCENT,-0.7631,-0.0096,0.9772,0.01244,-0.00512,-0.01093,73207.9,2652.2,39.920142,32.854201,2652.2,8.397,4,OK
25430,DESCENT,-0.8869,-0.0397,1.0002,-0.00186,-0.01291,-0.00127,73223.8,2650.5,39.920073,32.854107,2650.4,8.397,4,OK
25440,DESCENT,-0.8914,0.0121,1.0082,0.00934,-0.01449,0.00067,73280.6,2649.5,39.920093,32.854099,2649.6,8.397,4,OK
25450,DESCENT,-0.7482,0.0353,0.9816,0.00117,-0.00132,0.01395,73265.8,2649.8,39.920089,32.854134,2649.9,8.397,4,OK
25460,DESCENT,-0.7691,-0.0086,1.0245,-0.00429,0.01699,-0.00438,73384.7,2648.8,39.92005,32.854108,2648.7,8.397,4,OK
25470,DESCENT,-0.8619,0.0014,1.0449,-0.02324,-0.00126,-0.00175,73296.8,2648.0,39.920078,32.854046,2648.0,8.397,4,OK
25480,DESCENT,-0.781,0.0347,1.0009,-0.00246,-0.00407,-0.00233,73224.8,2648.0,39.920083,32.854137,2648.1,8.397,4,OK
25490,DESCENT,-0.8036,-0.0553,1.0381,-0.00255,-0.00332,0.00397,73285.9,2646.7,39.920073,32.854133,2646.8,8.397,4,OK
25500,DESCENT,-0.8203,-0.0568,0.9838,-0.01217,0.01777,-0.00341,73258.2,2646.3,39.920142,32.854168,2646.1,8.397,4,OK
25510,DESCENT,-0.7333,0.0206,0.9607,0.00305,-0.00589,-0.00361,73353.3,2644.6,39.920064,32.854154,2644.5,8.397,4,OK
25520,DESCENT,-0.7641,-0.0287,0.9806,-0.01298,0.00534,-0.00689,73377.3,2644.6,39.920115,32.854078,2644.7,8.397,4,OK
25530,DESCENT,-0.8341,0.0501,0.925,-0.01006,0.00695,-0.01174,73430.1,2644.3,39.92011,32.854068,2644.3,8.397,4,OK
25540,DESCENT,-0.7933,-0.0399,1.0454,-0.00712,-0.02586,-0.00306,73392.6,2643.4,39.920144,32.854103,2643.5,8.397,4,OK
25550,DESCENT,-0.7801,0.0194,1.0991,-0.02391,0.00571,0.0032,73287.0,2642.7,39.920055,32.854121,2642.8,8.397,4,OK
25560,DESCENT,-0.7571,0.0167,0.9844,0.01186,-0.01635,-0.00613,73447.6,2642.1,39.9201,32.854064,2642.3,8.397,4,OK
25570,DESCENT,-0.7636,0.0072,1.113,0.01191,0.01768,-0.00788,73344.2,2640.3,39.920168,32.854089,2640.4,8.397,4,OK
25580,DESCENT,-0.8379,0.1056,0.8974,0.00667,-0.01149,-0.00682,73435.2,2640.7,39.920136,32.854112,2640.7,8.397,4,OK
25590,DESCENT,-0.8747,-0.0367,0.9753,-0.01156,0.00462,0.00237,73364.1,2639.7,39.920141,32.854177,2639.8,8.397,4,OK
25600,DESCENT,-0.8773,0.0337,0.9431,0.0085,0.01562,-0.00983,73337.6,2639.4,39.920097,32.854067,2639.4,8.397,4,OK
25610,DESCENT,-0.7744,0.0609,1.0181,-0.01098,-0.00111,0.00043,73412.5,2637.9,39.920096,32.854105,2638.0,8.397,4,OK
25620,DESCENT,-0.752,0.0692,0.9515,-0.0071,-0.01587,0.00686,73396.9,2638.1,39.920063,32.854087,2638.2,8.397,4,OK
25630,DESCENT,-0.7549,0.0165,0.9451,0.00306,0.00019,-0.00172,73358.2,2636.9,39.92011,32.854149,2637.1,8.397,4,OK
25640,DESCENT,-0.8414,-0.0156,0.996,-0.00226,0.01455,0.00098,73424.6,2636.4,39.920118,32.854124,2636.6,8.397,4,OK
25650,DESCENT,-0.7769,-0.0149,1.065,-0.00592,0.01687,-0.01432,73365.9,2635.9,39.920083,32.854102,2635.9,8.397,4,OK
25660,DESCENT,-0.762,-0.0079,0.9815,-0.01711,-0.01817,0.00804,73446.7,2635.4,39.92011,32.854128,2635.5,8.397,4,OK
25670,DESCENT,-0.781,-0.014,1.0789,-0.02346,-0.00255,-0.00307,73350.8,2634.8,39.920019,32.854129,2634.9,8.397,4,OK
25680,DESCENT,-0.7979,-0.0538,1.0255,-0.01428,-0.00564,-0.01691,73390.3,2633.4,39.920106,32.854122,2633.5,8.397,4,OK
25690,DESCENT,-0.7808,-0.0186,1.0225,-0.00495,0.00518,-0.00933,73457.9,2632.6,39.920097,32.854033,2632.6,8.397,4,OK
25700,DESCENT,-0.7316,-0.114,1.0196,-0.01484,0.00878,-0.0128,73410.5,2632.7,39.920059,32.854175,2632.5,8.397,4,OK
25710,DESCENT,-0.8207,0.0351,1.0503,0.00372,-0.01673,0.0055,73418.1,2631.5,39.920156,32.854121,2631.6,8.397,4,OK
25720,DESCENT,-0.8108,0.0159,0.939,0.00024,0.00587,0.00016,73457.2,2630.6,39.920092,32.854154,2630.6,8.397,4,OK
25730,DESCENT,-0.8797,-0.0287,1.0473,0.0008,-0.01682,0.00619,73497.0,2629.2,39.920087,32.854103,2629.2,8.397,4,OK
25740,DESCENT,-0.7783,0.0936,1.0125,-0.0071,0.00381,-0.01024,73394.7,2629.9,39.920077,32.854043,2629.9,8.397,4,OK
25750,DESCENT,-0.754,0.0267,1.0107,0.00031,0.00137,-0.00911,73502.6,2628.1,39.92009,32.854116,2628.3,8.397,4,OK
25760,DESCENT,-0.8179,0.0021,0.9987,0.02079,0.00421,0.00781,73532.6,2627.9,39.920094,32.854077,2628.0,8.397,4,OK
25770,DESCENT,-0.7751,0.0071,0.9734,0.01062,-0.00342,-0.00051,73502.7,2627.3,39.920127,32.854098,2627.4,8.397,4,OK
25780,DESCENT,-0.7684,0.1048,0.9871,0.00115,-0.00267,0.00314,73502.5,2627.1,39.920105,32.854092,2627.0,8.397,4,OK
25790,DESCENT,-0.786,-0.0478,0.9928,0.00149,-0.01065,0.00562,73520.3,2625.3,39.920107,32.854089,2625.1,8.397,4,OK
25800,DESCENT,-0.8386,-0.0364,0.9812,-0.00752,0.00595,-0.01272,73542.8,2624.8,39.920141,32.854066,2624.7,8.397,4,OK
25810,DESCENT,-0.8853,-0.0498,1.0132,0.00051,-0.00964,0.01721,73458.7,2623.1,39.920083,32.854067,2623.2,8.397,4,OK
25820,DESCENT,-0.7071,-0.0679,0.9894,-0.00702,0.00236,-0.00451,73514.3,2624.1,39.920089,32.854134,2624.1,8.397,4,OK
25830,DESCENT,-0.7271,0.002,0.8776,-0.00102,-0.00225,0.00374,73582.8,2622.5,39.92008,32.854084,2622.4,8.397,4,OK
25840,DESCENT,-0.8883,0.0738,1.0515,0.0013,0.01653,0.00951,73456.5,2623.3,39.920105,32.854039,2623.2,8.397,4,OK
25850,DESCENT,-0.7601,0.0258,0.974,-0.00709,-0.00549,-0.0273,73553.3,2621.4,39.920083,32.854095,2621.5,8.397,4,OK
25860,DESCENT,-0.8429,0.0378,1.0674,0.01303,0.02415,-0.00293,73501.9,2621.6,39.920165,32.854116,2621.7,8.397,4,OK
25870,DESCENT,-0.8503,0.0059,1.1043,-0.00949,0.0154,-0.00266,73546.3,2619.9,39.920092,32.854117,2619.9,8.397,4,OK
25880,DESCENT,-0.7955,-0.07,1.0592,0.0148,0.00338,-0.01805,73609.5,2619.7,39.920081,32.854097,2619.7,8.397,4,OK
25890,DESCENT,-0.7944,0.016,1.0667,-0.00831,0.0023,0.00027,73629.4,2617.9,39.920122,32.854101,2617.9,8.397,4,OK
25900,DESCENT,-0.7457,-0.0332,0.9995,-0.00933,0.00333,-0.00793,73734.1,2617.4,39.920152,32.854105,2617.5,8.397,4,OK
25910,DESCENT,-0.7844,-0.013,1.0636,0.01562,0.00266,0.02168,73683.5,2617.2,39.920088,32.854054,2617.4,8.397,4,OK
25920,DESCENT,-0.7542,-0.0421,1.0071,-0.0015,-0.01941,0.01694,73649.7,2616.3,39.920081,32.854105,2616.4,8.397,4,OK
25930,DESCENT,-0.7931,0.034,0.9445,-0.00625,-0.00379,0.00026,73639.8,2616.5,39.920078,32.854165,2616.5,8.397,4,OK
25940,DESCENT,-0.8261,0.0521,1.0029,0.00471,-0.01023,-0.01778,73744.3,2615.5,39.920112,32.854123,2615.4,8.397,4,OK
25950,DESCENT,-0.7975,0.0305,1.0298,0.00561,0.00283,0.00969,73595.9,2613.9,39.92014,32.854106,2613.9,8.397,4,OK
25960,DESCENT,-0.7363,0.0367,1.0358,0.00011,0.00464,-0.01831,73651.6,2613.1,39.920171,32.854113,2613.0,8.397,4,OK
25970,DESCENT,-0.8224,0.0026,0.9925,0.01142,-0.01624,0.00024,73607.8,2613.1,39.92011,32.854112,2613.2,8.397,4,OK
25980,DESCENT,-0.7576,-0.0675,0.9309,0.00549,0.00414,0.01385,73596.4,2612.3,39.920104,32.854034,2612.3,8.397,4,OK
25990,DESCENT,-0.7603,-0.0065,0.9667,0.00693,-0.01436,0.00506,73550.6,2611.0,39.920133,32.854147,2610.9,8.397,4,OK
26000,DESCENT,-0.7888,-0.0315,1.1039,-0.00355,0.01023,0.00353,73640.2,2609.9,39.920096,32.854151,2610.1,8.397,4,OK
26010,DESCENT,-0.7151,0.0561,1.055,0.01199,0.00716,-0.00742,73685.8,2609.8,39.920124,32.854106,2609.8,8.397,4,OK
26020,DESCENT,-0.7892,0.0982,1.0255,0.00153,-0.01227,-0.01261,73557.3,2609.2,39.920149,32.854087,2609.2,8.397,4,OK
26030,DESCENT,-0.7819,-0.0285,1.0486,-0.00862,0.00528,-0.02417,73633.8,2609.1,39.920098,32.854097,2609.0,8.397,4,OK
26040,DESCENT,-0.7483,-0.0441,1.0281,-0.00378,-0.01293,-0.00038,73665.5,2608.0,39.920084,32.854116,2608.1,8.397,4,OK
26050,DESCENT,-0.7887,0.0147,0.9763,-0.00757,0.0038,0.00308,73768.0,2606.7,39.920102,32.854084,2606.6,8.397,4,OK
26060,DESCENT,-0.8357,-0.0441,0.9709,0.0084,0.00491,0.00646,73781.6,2606.8,39.920077,32.85413,2606.8,8.397,4,OK
26070,DESCENT,-0.7673,-0.0644,0.9717,-0.00075,0.00046,-0.0074,73656.0,2605.1,39.920054,32.85409,2605.1,8.397,4,OK
26080,DESCENT,-0.764,0.0408,1.0184,0.00536,-0.00221,0.001,73692.0,2605.8,39.920064,32.854124,2605.9,8.397,4,OK
26090,DESCENT,-0.8658,0.0117,1.0596,-0.02025,0.00112,-0.00541,73714.5,2604.9,39.920077,32.85414,2604.7,8.397,4,OK
26100,DESCENT,-0.8346,-0.0119,1.1103,-0.0178,0.00446,0.02202,73677.4,2603.1,39.920106,32.854129,2603.2,8.397,4,OK
26110,DESCENT,-0.811,-0.0386,0.9275,-0.00576,0.01493,-0.01188,73781.3,2603.4,39.920106,32.85401,2603.3,8.397,4,OK
26120,DESCENT,-0.6839,-0.0385,0.9297,-0.00025,-0.00799,0.02688,73819.3,2601.5,39.920069,32.854109,2601.6,8.397,4,OK
26130,DESCENT,-0.7659,0.021,0.9665,-0.00166,-0.00178,-0.00198,73659.1,2601.2,39.920072,32.854129,2601.0,8.397,4,OK
26140,DESCENT,-0.7974,0.0615,0.989,0.01593,0.01273,0.00973,73682.1,2601.0,39.920106,32.854073,2600.9,8.397,4,OK
26150,DESCENT,-0.7896,-0.0248,1.085,0.00156,-0.01442,0.00182,73791.2,2600.5,39.920086,32.854083,2600.4,8.397,4,OK
26160,DESCENT,-0.8015,-0.022,0.9795,0.00217,0.01622,0.01836,73794.1,2598.9,39.920096,32.854083,2598.8,8.397,4,OK
26170,DESCENT,-0.7138,-0.0142,1.0125,0.00263,0.00537,0.01897,73710.7,2597.8,39.920107,32.854151,2597.7,8.397,4,OK
26180,DESCENT,-0.7776,0.0316,1.0245,-0.00658,0.008,0.01387,73743.5,2597.6,39.920096,32.854128,2597.6,8.397,4,OK
26190,DESCENT,-0.7194,0.0214,1.0056,-0.00068,-0.01967,0.00333,73775.0,2596.2,39.920089,32.854048,2596.1,8.397,4,OK
26200,DESCENT,-0.7174,0.1099,0.973,0.00135,-0.00355,-0.00583,73812.8,2596.1,39.920043,32.85408,2596.0,8.397,4,OK
26210,DESCENT,-0.7444,-0.0215,0.9161,-0.0086,0.00207,-0.01359,73810.7,2595.9,39.920076,32.854048,2595.8,8.397,4,OK
26220,DESCENT,-0.8264,-0.0114,0.9646,0.00445,-0.00328,0.00612,73805.4,2594.1,39.920103,32.854148,2594.2,8.397,4,OK
26230,DESCENT,-0.8385,-0.0399,1.0009,0.00241,0.0028,0.01261,73736.9,2594.0,39.920105,32.854121,2594.1,8.397,4,OK
26240,DESCENT,-0.7718,0.0091,0.9095,0.01841,-0.01714,-0.00167,73717.0,2593.5,39.920071,32.854056,2593.7,8.397,4,OK
26250,DESCENT,-0.8008,0.0156,0.9188,0.02307,-0.01816,0.00212,73862.5,2592.0,39.920123,32.854066,2591.9,8.397,4,OK
26260,DESCENT,-0.7538,-0.0219,1.0956,0.00936,0.01348,-0.02242,73831.6,2591.8,39.920066,32.854063,2591.8,8.397,4,OK
26270,DESCENT,-0.803,0.0288,0.9778,0.01024,-0.01764,0.00227,73846.8,2591.0,39.920086,32.854063,2591.2,8.397,4,OK
26280,DESCENT,-0.8185,-0.0368,0.9869,0.0118,0.00449,-0.00388,73800.4,2590.6,39.920091,32.854119,2590.6,8.397,4,OK
26290,DESCENT,-0.8389,-0.0362,0.9791,-0.00718,-0.00268,-0.00073,73861.0,2589.7,39.920156,32.854105,2589.6,8.397,4,OK
26300,DESCENT,-0.7332,0.0672,1.0642,-0.00046,-0.00927,-0.00204,73869.7,2589.2,39.920067,32.854058,2589.1,8.397,4,OK
26310,DESCENT,-0.7573,-0.0213,1.081,0.0155,-0.01795,0.01674,73857.7,2587.9,39.920128,32.854125,2587.7,8.397,4,OK
26320,DESCENT,-0.7789,0.05,0.9996,0.00299,-0.00011,0.00099,73772.5,2587.6,39.920113,32.8541,2587.5,8.397,4,OK
26330,DESCENT,-0.6685,-0.0083,0.9366,-0.00456,0.00042,0.00413,73823.0,2586.3,39.920112,32.854096,2586.4,8.397,4,OK
26340,DESCENT,-0.834,-0.0126,1.0248,0.01854,6e-05,-0.00403,73822.9,2585.3,39.920122,32.854061,2585.4,8.397,4,OK
26350,DESCENT,-0.8473,-0.1686,1.0119,-0.02306,0.00441,-0.0067,73948.9,2584.7,39.920104,32.854088,2584.7,8.397,4,OK
26360,DESCENT,-0.7384,-0.0243,0.9776,0.01608,-0.00166,-0.01337,73869.1,2584.3,39.920115,32.854091,2584.4,8.397,4,OK
26370,DESCENT,-0.8164,-0.1,1.0402,-0.02194,0.00065,-0.01496,73842.4,2582.4,39.920095,32.854075,2582.5,8.397,4,OK
26380,DESCENT,-0.7821,0.0114,0.965,-0.00586,-0.01061,0.01184,73880.4,2583.0,39.920084,32.854067,2583.0,8.397,4,OK
26390,DESCENT,-0.7551,-0.0358,1.1304,0.00215,0.00779,-0.00788,73917.5,2581.1,39.920046,32.854091,2581.2,8.397,4,OK
26400,DESCENT,-0.7439,0.0189,0.9927,0.01925,-0.00309,0.01864,73896.4,2581.6,39.920071,32.854112,2581.7,8.397,4,OK
26410,DESCENT,-0.7502,-0.0168,1.0283,-0.00689,0.01158,-0.0054,73843.1,2580.0,39.920111,32.854117,2580.1,8.397,4,OK
26420,DESCENT,-0.7356,0.035,0.9238,-0.00462,-0.01623,0.00332,73975.7,2580.4,39.920084,32.854118,2580.4,8.397,4,OK
26430,DESCENT,-0.8204,-0.0587,1.0481,-0.00373,0.00079,0.0012,73943.7,2578.8,39.920106,32.854103,2578.7,8.397,4,OK
26440,DESCENT,-0.7048,0.017,0.9544,-0.02439,-0.00249,-0.01897,74010.2,2578.1,39.920083,32.85408,2578.0,8.397,4,OK
26450,DESCENT,-0.7559,0.0458,1.0597,-0.00111,-0.00123,-0.00514,74000.0,2577.0,39.920127,32.854059,2577.0,8.397,4,OK
26460,DESCENT,-0.7712,0.035,1.0216,0.00254,0.00389,-0.00278,73881.3,2576.0,39.920116,32.854104,2576.0,8.397,4,OK
26470,DESCENT,-0.7481,0.0641,0.9632,0.00505,-0.00747,-0.02613,73947.5,2576.6,39.920128,32.854077,2576.5,8.397,4,OK
26480,DESCENT,-0.7401,0.025,1.0022,-0.00843,0.01469,-0.01314,73952.1,2574.6,39.920164,32.854127,2574.5,8.397,4,OK
26490,DESCENT,-0.7264,0.035,1.0087,-0.01553,0.01443,-0.00448,73955.2,2573.6,39.920087,32.854072,2573.7,8.397,4,OK
26500,DESCENT,-0.8497,-0.022,1.0855,-0.00814,0.01562,-0.00146,73972.0,2574.3,39.920088,32.854099,2574.4,8.397,4,OK
26510,DESCENT,-0.7407,-0.0438,0.9688,0.01471,0.00419,0.00693,74030.0,2571.7,39.920095,32.85405,2571.7,8.397,4,OK
26520,DESCENT,-0.7202,-0.0894,0.9919,-0.0199,0.00917,0.00626,74026.6,2573.0,39.920076,32.854118,2573.1,8.397,4,OK
26530,DESCENT,-0.7076,0.0739,0.8729,0.00383,-0.01987,-0.00611,74002.1,2571.5,39.920134,32.854102,2571.5,8.397,4,OK
26540,DESCENT,-0.7666,0.0055,1.0582,-0.00667,-0.0083,-0.01062,74090.2,2569.3,39.920076,32.854092,2569.5,8.397,4,OK
26550,DESCENT,-0.7235,0.0701,0.9492,-0.01019,0.0169,-0.00586,74001.5,2569.1,39.920101,32.854105,2569.1,8.397,4,OK
26560,DESCENT,-0.7164,0.1038,1.0678,-0.00599,-0.01428,-0.01667,74088.4,2569.0,39.920069,32.854069,2569.0,8.397,4,OK
26570,DESCENT,-0.7775,0.0156,1.0247,0.00027,-0.01056,0.00315,73971.8,2568.2,39.920092,32.854113,2568.2,8.397,4,OK
26580,DESCENT,-0.7797,0.0281,1.0069,-0.01198,-0.00161,0.00011,74106.7,2567.7,39.920137,32.854119,2567.7,8.397,4,OK
26590,DESCENT,-0.7646,-0.012,1.0637,0.00676,-0.0237,0.01002,74101.2,2566.4,39.920102,32.854052,2566.4,8.397,4,OK
26600,DESCENT,-0.8079,0.0197,0.9804,-0.00963,0.00639,-0.00834,74085.2,2565.6,39.920097,32.854083,2565.5,8.397,4,OK
26610,DESCENT,-0.7646,0.0245,0.9884,-0.00348,-0.01108,-0.00543,74025.3,2565.2,39.920109,32.854152,2565.2,8.397,4,OK
26620,DESCENT,-0.7664,0.0669,0.9637,-0.0056,-0.01182,0.01011,73998.7,2565.2,39.920128,32.854091,2565.3,8.397,4,OK
26630,DESCENT,-0.734,0.0331,1.0013,-0.00106,0.01562,-0.00175,74112.0,2563.9,39.920124,32.854064,2564.0,8.397,4,OK
26640,DESCENT,-0.8042,0.1149,0.9818,0.00451,-0.00541,0.0014,74107.9,2562.5,39.920098,32.854169,2562.5,8.397,4,OK
26650,DESCENT,-0.6927,0.0847,1.0598,0.01457,-0.00526,-0.0043,74126.1,2561.9,39.920073,32.854096,2561.9,8.397,4,OK
26660,DESCENT,-0.796,0.0057,1.0041,-0.00647,0.01307,-0.00103,74017.6,2561.7,39.920109,32.854121,2561.7,8.397,4,OK
26670,DESCENT,-0.7509,-0.0604,1.0161,-0.00261,-0.00218,0.00062,74126.8,2561.2,39.920075,32.854085,2561.1,8.397,4,OK
26680,DESCENT,-0.8008,0.0638,0.9424,-0.00798,-0.00939,-0.02582,74156.8,2559.5,39.920093,32.854055,2559.4,8.397,4,OK
26690,DESCENT,-0.7037,0.0319,1.012,-0.0094,-0.00686,-0.01256,74109.4,2559.1,39.920003,32.854117,2559.2,8.397,4,OK
26700,DESCENT,-0.7177,-0.1057,0.99,0.00201,-0.00625,-0.00296,74079.1,2558.1,39.920146,32.854129,2558.2,8.397,4,OK
26710,DESCENT,-0.7793,0.0307,0.9459,-0.01576,0.00029,-0.00249,74188.1,2557.9,39.920101,32.854097,2557.8,8.397,4,OK
26720,DESCENT,-0.7435,0.059,0.9588,0.02469,0.00594,-0.00279,74130.3,2557.1,39.920109,32.85408,2557.1,8.397,4,OK
26730,DESCENT,-0.7778,-0.0318,0.9849,-0.0172,0.00621,0.00638,74153.9,2556.8,39.920105,32.854117,2556.9,8.397,4,OK
26740,DESCENT,-0.7238,0.0423,0.9357,-0.01501,-0.00293,0.0012,74154.3,2556.2,39.920101,32.854086,2556.3,8.397,4,OK
26750,DESCENT,-0.7711,-0.02,0.9886,0.00141,-0.00501,0.01454,74156.1,2554.7,39.920074,32.854099,2554.7,8.397,4,OK
26760,DESCENT,-0.7586,0.0019,0.987,0.00094,-0.00069,0.00072,74192.9,2553.2,39.920081,32.854062,2553.1,8.397,4,OK
26770,DESCENT,-0.8026,0.0253,1.028,-0.00483,-0.01716,0.00192,74177.8,2551.8,39.920078,32.85402,2551.9,8.397,4,OK
26780,DESCENT,-0.7555,-0.0234,0.9631,0.00382,0.00319,-0.01378,74136.8,2551.9,39.920069,32.85411,2551.9,8.397,4,OK
26790,DESCENT,-0.7181,0.0372,0.9708,-0.00136,0.00769,-0.0032,74271.3,2552.1,39.920103,32.854092,2552.1,8.397,4,OK
26800,DESCENT,-0.7304,-0.0673,1.0468,0.00572,-0.0013,0.00531,74201.2,2550.9,39.920101,32.854175,2550.9,8.397,4,OK
26810,DESCENT,-0.6925,-0.0326,1.0121,-0.0006,-0.01244,-0.00088,74208.3,2549.4,39.920113,32.854038,2549.3,8.397,4,OK
26820,DESCENT,-0.6694,0.0004,0.878,0.00904,0.0045,0.00283,74317.8,2548.1,39.920141,32.85411,2548.2,8.397,4,OK
26830,DESCENT,-0.6941,-0.1135,0.9598,-0.00644,0.00448,-0.00257,74166.9,2547.9,39.920066,32.854101,2547.8,8.397,4,OK
26840,DESCENT,-0.7075,-0.0009,1.0205,0.0069,0.01053,0.0072,74287.6,2546.7,39.92009,32.854111,2546.7,8.397,4,OK
26850,DESCENT,-0.7145,0.1047,0.9726,-0.01137,0.00949,-0.01019,74294.3,2546.7,39.920082,32.854074,2546.7,8.397,4,OK
26860,DESCENT,-0.7222,0.0365,1.0421,-0.00988,0.00839,-0.01487,74222.2,2546.3,39.920116,32.854124,2546.2,8.397,4,OK
26870,DESCENT,-0.7607,-0.0334,0.9416,0.0043,-0.00624,0.01091,74224.1,2545.9,39.920104,32.854086,2546.0,8.397,4,OK
26880,DESCENT,-0.6874,0.1123,1.019,-0.00011,-0.00047,0.00285,74273.9,2544.0,39.920111,32.854161,2543.7,8.397,4,OK
26890,DESCENT,-0.6041,0.0025,1.0461,0.01676,0.00372,-0.02033,74302.2,2543.8,39.92014,32.854046,2543.7,8.397,4,OK
26900,DESCENT,-0.665,-0.0361,1.1437,-0.00553,0.00675,-0.00452,74234.5,2542.6,39.920077,32.854087,2542.5,8.397,4,OK
26910,DESCENT,-0.7048,-0.0294,1.0006,-0.00851,-0.01635,0.01064,74294.1,2541.6,39.920048,32.854079,2541.5,8.397,4,OK
26920,DESCENT,-0.7239,-0.0332,0.9905,0.00357,-0.00579,-0.00937,74259.7,2540.3,39.920088,32.854061,2540.3,8.397,4,OK
26930,DESCENT,-0.7448,-0.1128,1.0571,0.00285,0.01163,0.00528,74238.0,2539.9,39.920151,32.854085,2539.9,8.397,4,OK
26940,DESCENT,-0.7269,0.0231,1.0014,0.00543,-0.00662,0.01447,74387.4,2539.2,39.920062,32.854123,2539.1,8.397,4,OK
26950,DESCENT,-0.6839,0.13,0.9654,0.0052,-0.00237,0.00832,74335.2,2538.2,39.920105,32.854103,2538.3,8.397,4,OK
26960,DESCENT,-0.7237,-0.0673,0.9692,-0.00235,0.00337,0.00542,74401.6,2537.4,39.92009,32.854032,2537.4,8.397,4,OK
26970,DESCENT,-0.8917,-0.0048,0.9521,0.00762,0.00884,-0.00649,74336.3,2536.1,39.920108,32.85412,2536.0,8.397,4,OK
26980,DESCENT,-0.7266,0.0666,1.0653,0.01813,0.01013,-0.00589,74268.4,2536.8,39.920164,32.854066,2536.9,8.397,4,OK
26990,DESCENT,-0.7041,-0.0473,1.0319,-0.00179,0.00074,-0.01469,74325.8,2536.1,39.920121,32.854149,2536.0,8.397,4,OK
27000,DESCENT,-0.7127,0.0465,1.0029,-0.00371,0.02326,-0.00663,74442.0,2534.8,39.920075,32.854103,2534.7,8.397,4,OK
27010,DESCENT,-0.7653,-0.0254,1.0004,-0.01197,0.00352,0.01213,74346.7,2534.3,39.920124,32.854076,2534.3,8.397,4,OK
27020,DESCENT,-0.7423,0.0418,0.9741,0.01058,0.00537,0.00176,74309.0,2532.1,39.920111,32.854122,2532.1,8.397,4,OK
27030,DESCENT,-0.7504,-0.0625,0.9307,-0.01053,0.00178,0.00583,74318.9,2532.2,39.92005,32.8541,2532.0,8.397,4,OK
27040,DESCENT,-0.7786,-0.048,0.9633,-0.00168,0.00184,0.0086,74418.5,2531.7,39.920128,32.854078,2531.8,8.397,4,OK
27050,DESCENT,-0.6747,0.0312,1.0382,-0.00808,-0.01572,0.00989,74383.9,2531.1,39.920122,32.854043,2531.0,8.397,4,OK
27060,DESCENT,-0.8103,0.008,0.9828,-0.00406,-0.01284,-0.00218,74368.0,2529.6,39.920086,32.854093,2529.7,8.397,4,OK
27070,DESCENT,-0.8193,0.0467,0.9957,0.01925,0.00632,-0.02148,74412.2,2529.5,39.92011,32.854111,2529.6,8.397,4,OK
27080,DESCENT,-0.7966,-0.069,0.982,-0.00052,-0.00676,0.00339,74378.3,2528.2,39.920112,32.854102,2528.2,8.397,4,OK
27090,DESCENT,-0.6063,0.0366,1.0151,-0.00349,-0.02643,-0.01219,74477.8,2528.3,39.920105,32.854045,2528.4,8.397,4,OK
27100,DESCENT,-0.6866,-0.0244,1.0965,-0.00658,-0.01,0.01023,74367.9,2525.7,39.920107,32.854173,2525.6,8.397,4,OK
27110,DESCENT,-0.7154,-0.0882,1.0095,0.00367,-0.00142,0.01513,74381.0,2525.3,39.920145,32.854023,2525.3,8.397,4,OK
27120,DESCENT,-0.7262,-0.0591,1.0694,-0.00417,-0.00931,-0.01785,74492.4,2525.2,39.920024,32.854015,2525.2,8.397,4,OK
27130,DESCENT,-0.7438,-0.0122,0.9551,-0.00012,-0.00674,-0.00758,74441.2,2523.0,39.920122,32.854089,2523.0,8.397,4,OK
27140,DESCENT,-0.6682,0.113,0.9423,-0.00521,0.00573,0.0144,74470.3,2522.6,39.920079,32.854095,2522.6,8.397,4,OK
27150,DESCENT,-0.6173,-0.0213,0.9906,-0.00872,0.0014,-0.02411,74458.5,2522.2,39.920069,32.854087,2522.3,8.397,4,OK
27160,DESCENT,-0.7451,-0.0748,1.0117,0.01527,0.01193,0.00209,74540.7,2521.1,39.920091,32.854116,2521.1,8.397,4,OK
27170,DESCENT,-0.7484,-0.0042,1.0812,-0.02005,-0.00065,-0.00894,74514.9,2520.9,39.920087,32.854082,2520.9,8.397,4,OK
27180,DESCENT,-0.7007,0.0368,0.9718,-0.00751,-0.00298,0.01376,74464.0,2520.3,39.920087,32.854131,2520.2,8.397,4,OK
27190,DESCENT,-0.7471,0.0406,1.0489,0.022,0.00604,-0.00084,74440.1,2519.7,39.920141,32.854074,2519.9,8.397,4,OK
27200,DESCENT,-0.6833,-0.0105,0.9281,0.01206,-0.01228,-0.00735,74560.1,2517.8,39.920127,32.854145,2517.7,8.397,4,OK
27210,DESCENT,-0.7556,-0.0348,0.9956,-0.00839,0.00231,-0.02609,74456.3,2517.6,39.920082,32.854077,2517.7,8.397,4,OK
27220,DESCENT,-0.7236,0.0393,0.9987,-0.01598,-0.00703,0.00559,74475.5,2516.4,39.920076,32.854103,2516.2,8.397,4,OK
27230,DESCENT,-0.7104,-0.052,0.9335,0.00173,0.00728,0.00159,74469.3,2516.4,39.920079,32.854084,2516.7,8.397,4,OK
27240,DESCENT,-0.6796,0.0041,0.9066,0.00277,0.00428,0.01019,74479.6,2514.4,39.920073,32.854118,2514.5,8.397,4,OK
27250,DESCENT,-0.6181,0.0064,1.0467,0.00389,0.0189,-0.01214,74504.4,2513.4,39.920115,32.854085,2513.5,8.397,4,OK
27260,DESCENT,-0.6592,0.0593,0.9719,0.0049,0.00268,0.00517,74597.7,2514.0,39.920114,32.854123,2513.9,8.397,4,OK
27270,DESCENT,-0.7678,0.056,0.8749,-0.01047,0.00581,-0.00539,74496.3,2513.0,39.92011,32.854115,2513.1,8.397,4,OK
27280,DESCENT,-0.6733,-0.1135,0.9098,-0.0086,-0.00779,-0.00066,74609.6,2511.9,39.920107,32.854124,2511.8,8.397,4,OK
27290,DESCENT,-0.8765,0.0675,1.1116,-0.01804,0.00779,0.00135,74513.9,2511.0,39.920111,32.854112,2510.9,8.397,4,OK
27300,DESCENT,-0.7769,0.0482,1.0386,0.0096,0.00973,-0.00644,74634.1,2510.3,39.920063,32.854051,2510.2,8.397,4,OK
27310,DESCENT,-0.7632,0.0758,0.9243,0.00166,-0.00189,-0.00782,74640.8,2509.0,39.920062,32.854041,2509.0,8.397,4,OK
27320,DESCENT,-0.6326,-0.0049,0.9165,0.00338,-0.00366,0.01027,74604.0,2508.1,39.92009,32.854115,2508.1,8.397,4,OK
27330,DESCENT,-0.622,0.0203,1.0197,-0.02434,-0.00666,-0.01204,74598.2,2508.1,39.920129,32.854121,2508.2,8.397,4,OK
27340,DESCENT,-0.6839,-0.0722,1.0179,0.00098,0.01437,0.00729,74651.4,2507.0,39.920121,32.854101,2507.0,8.397,4,OK
27350,DESCENT,-0.7458,-0.0577,1.0618,-0.00936,-0.00154,-0.0048,74689.1,2506.5,39.920087,32.853991,2506.6,8.397,4,OK
27360,DESCENT,-0.7057,-0.018,0.9824,0.00489,0.00879,0.01633,74618.8,2505.4,39.920124,32.854066,2505.5,8.397,4,OK
27370,DESCENT,-0.719,0.0315,0.9954,-0.01671,-0.00435,-0.00568,74620.4,2504.6,39.920029,32.854085,2504.5,8.397,4,OK
27380,DESCENT,-0.6569,0.0149,0.9652,-0.00979,0.0032,0.00432,74699.0,2502.7,39.920068,32.854114,2502.6,8.397,4,OK
27390,DESCENT,-0.7705,-0.0099,1.0159,0.00445,0.02706,0.00929,74560.8,2503.3,39.920047,32.85409,2503.5,8.397,4,OK
27400,DESCENT,-0.7404,0.0273,0.9916,0.00635,0.02716,0.01305,74564.8,2502.8,39.920129,32.854067,2503.0,8.397,4,OK
27410,DESCENT,-0.6754,-0.024,1.0383,0.00404,0.0142,0.01611,74688.6,2500.6,39.920112,32.854097,2500.7,8.397,4,OK
27420,DESCENT,-0.7338,-0.0173,0.9959,-0.01297,0.00474,0.01404,74719.9,2500.2,39.920104,32.854064,2500.4,8.397,4,OK
27430,DESCENT,-0.704,0.0792,1.1279,0.00036,-0.00761,-0.0171,74638.6,2499.9,39.920089,32.854143,2500.0,8.397,4,OK
27440,DESCENT,-0.7267,-0.1026,1.0438,0.00357,0.00187,-0.00706,74598.9,2499.3,39.920087,32.854106,2499.3,8.397,4,OK
27450,DESCENT,-0.7295,-0.0606,1.0217,-0.00333,5e-05,0.00216,74612.6,2496.8,39.920104,32.854079,2496.7,8.397,4,OK
27460,DESCENT,-0.7524,0.083,1.06,-0.01121,-0.00077,-0.01268,74686.3,2496.9,39.920071,32.854118,2496.9,8.397,4,OK
27470,DESCENT,-0.6982,-0.0905,0.9822,0.0024,0.0001,0.01416,74778.0,2495.1,39.920134,32.8541,2495.1,8.397,4,OK
27480,DESCENT,-0.7862,0.0125,1.0243,-0.00604,0.01493,8e-05,74705.8,2495.5,39.920128,32.854104,2495.5,8.397,4,OK
27490,DESCENT,-0.7876,-0.0305,1.0159,-0.00012,-0.00714,-0.00024,74718.3,2494.5,39.92013,32.854122,2494.5,8.397,4,OK
27500,DESCENT,-0.7118,-0.0138,0.9889,0.00232,0.01401,0.00787,74652.1,2492.9,39.920112,32.854141,2492.7,8.397,4,OK
27510,DESCENT,-0.5817,0.1264,0.9678,-0.00703,-0.01279,-0.01691,74750.1,2492.6,39.920081,32.854083,2492.7,8.397,4,OK
27520,DESCENT,-0.7128,-0.0817,0.997,-0.00374,0.00033,-0.00129,74834.7,2491.2,39.920126,32.854086,2491.0,8.397,4,OK
27530,DESCENT,-0.5991,0.0383,0.9848,-0.00256,0.00241,0.0009,74711.9,2490.6,39.920098,32.854038,2490.5,8.397,4,OK
27540,DESCENT,-0.679,-0.0237,0.9068,0.00335,-0.00909,-0.00308,74792.3,2490.4,39.920061,32.854128,2490.4,8.397,4,OK
27550,DESCENT,-0.6252,-0.0711,0.9213,0.01301,0.01444,0.00978,74801.5,2489.2,39.920085,32.8541,2489.2,8.397,4,OK
27560,DESCENT,-0.7383,-0.0042,0.9997,-0.00411,0.00036,-0.00407,74821.5,2487.4,39.920143,32.854059,2487.4,8.397,4,OK
27570,DESCENT,-0.7359,0.2165,1.0036,0.00882,0.00777,-0.00662,74819.8,2486.8,39.92012,32.85409,2487.0,8.397,4,OK
27580,DESCENT,-0.658,-0.1044,0.9083,-0.02357,0.00647,0.01172,74785.1,2485.9,39.9201,32.85409,2485.8,8.397,4,OK
27590,DESCENT,-0.7638,-0.0686,0.9868,-0.0077,0.00528,0.00333,74831.7,2484.9,39.920132,32.854096,2484.9,8.397,4,OK
27600,DESCENT,-0.7312,0.0167,0.9865,0.00089,0.01569,0.00808,74770.6,2485.1,39.92008,32.854133,2484.9,8.397,4,OK
27610,DESCENT,-0.6968,0.0093,0.9792,-0.01511,-0.00239,-0.02123,74780.3,2484.0,39.920086,32.854073,2484.0,8.397,4,OK
27620,DESCENT,-0.6767,-0.0248,1.0184,0.01152,-0.0073,0.00789,74801.1,2483.1,39.92009,32.854116,2483.0,8.397,4,OK
27630,DESCENT,-0.7264,-0.0466,0.9823,0.00658,0.00063,0.01752,74776.6,2482.7,39.920094,32.854101,2482.6,8.397,4,OK
27640,DESCENT,-0.7091,0.0092,1.0485,0.00765,0.00131,0.00592,74770.3,2481.6,39.920091,32.854082,2481.4,8.397,4,OK
27650,DESCENT,-0.7547,0.0668,1.0484,0.0051,0.01083,0.00027,74791.8,2481.7,39.920098,32.854064,2481.8,8.397,4,OK
27660,DESCENT,-0.6333,-0.03,1.0182,-0.00428,0.00756,0.00032,74778.3,2479.1,39.920102,32.854116,2478.9,8.397,4,OK
27670,DESCENT,-0.743,-0.0326,0.9648,-0.01986,0.00116,-0.00351,74853.9,2478.8,39.920091,32.854102,2478.8,8.397,4,OK
27680,DESCENT,-0.694,0.0794,0.9691,-0.01437,0.00646,-0.00902,75016.2,2479.6,39.920094,32.854041,2479.7,8.397,4,OK
27690,DESCENT,-0.7567,-0.0923,1.0156,0.01017,-0.00066,0.00449,74946.2,2478.1,39.920083,32.85407,2478.2,8.397,4,OK
27700,DESCENT,-0.6611,0.0321,1.0125,0.00112,0.00119,0.00781,74927.0,2476.2,39.920101,32.854072,2476.1,8.397,4,OK
27710,DESCENT,-0.6935,-0.057,1.0507,0.00819,-0.00061,0.00751,74912.0,2475.5,39.920099,32.854109,2475.3,8.397,4,OK
27720,DESCENT,-0.6086,0.029,1.0044,-0.02196,-0.00292,-0.00488,74992.6,2475.6,39.920146,32.854141,2475.6,8.397,4,OK
27730,DESCENT,-0.6698,0.0575,1.037,-0.02281,0.00453,0.01006,74892.1,2474.2,39.920063,32.85405,2474.2,8.397,4,OK
27740,DESCENT,-0.7009,-0.0626,1.0849,-0.00312,0.00066,-0.00175,74822.4,2473.7,39.920095,32.854102,2473.6,8.397,4,OK
27750,DESCENT,-0.6486,0.0891,1.0251,0.00476,-0.00236,0.01133,74873.1,2472.6,39.92012,32.854082,2472.6,8.397,4,OK
27760,DESCENT,-0.6506,-0.0078,0.8978,-0.0071,-0.00947,0.00311,74895.7,2471.6,39.920104,32.854098,2471.3,8.397,4,OK
27770,DESCENT,-0.6363,0.0178,0.9199,0.02164,0.0075,0.00941,75005.5,2470.6,39.920063,32.854091,2470.7,8.397,4,OK
27780,DESCENT,-0.6408,0.0106,1.0204,0.01933,0.00175,0.00556,74900.0,2470.3,39.920096,32.854094,2470.1,8.397,4,OK
27790,DESCENT,-0.7324,-0.0377,0.9862,0.01921,-0.00173,-0.00053,74919.4,2469.9,39.920101,32.854119,2469.9,8.397,4,OK
27800,DESCENT,-0.69,0.009,1.0198,0.0065,0.01134,-0.0031,74965.5,2468.8,39.920062,32.854088,2468.7,8.397,4,OK
27810,DESCENT,-0.6991,0.0509,1.0148,0.01086,-0.00177,-0.01563,74971.6,2466.8,39.920121,32.854093,2466.9,8.397,4,OK
27820,DESCENT,-0.7287,-0.0816,0.9985,-0.00233,-8e-05,-0.008,74954.8,2467.3,39.920085,32.854052,2467.2,8.397,4,OK
27830,DESCENT,-0.7221,-0.0555,0.9926,0.00374,0.00862,0.02025,74985.1,2466.1,39.920071,32.854112,2466.2,8.397,4,OK
27840,DESCENT,-0.68,-0.0933,1.0368,-0.00046,0.01124,0.01157,75027.7,2464.5,39.920101,32.854029,2464.5,8.397,4,OK
27850,DESCENT,-0.676,-0.0107,1.0119,0.02444,-0.02172,0.00233,74992.3,2463.7,39.920097,32.854088,2463.8,8.397,4,OK
27860,DESCENT,-0.7903,0.0567,1.0027,0.01218,0.01033,0.01357,75060.2,2463.3,39.920138,32.854088,2463.3,8.397,4,OK
27870,DESCENT,-0.7607,0.0328,0.9699,-0.00356,0.00192,-0.02314,75031.5,2462.4,39.920107,32.854096,2462.3,8.397,4,OK
27880,DESCENT,-0.605,0.0406,0.9994,-0.00441,-0.00287,-0.0034,75134.3,2462.1,39.920106,32.854085,2462.0,8.397,4,OK
27890,DESCENT,-0.6082,-0.0218,0.8701,-0.01251,-0.01338,-0.00666,75097.4,2460.6,39.920082,32.854084,2460.6,8.397,4,OK
27900,DESCENT,-0.6592,-0.1359,1.0065,0.00259,0.0118,-0.01786,75050.6,2459.0,39.920037,32.854093,2459.1,8.397,4,OK
27910,DESCENT,-0.6756,-0.0212,1.0116,-0.01551,0.01463,-0.00738,75066.3,2459.1,39.920069,32.854145,2459.2,8.397,4,OK
27920,DESCENT,-0.6827,-0.1034,0.9585,-0.01313,-0.01044,-0.01313,75025.8,2457.8,39.92013,32.854106,2457.9,8.397,4,OK
27930,DESCENT,-0.71,0.0228,0.9751,-0.00392,-0.00298,0.02164,75080.5,2457.2,39.920066,32.854057,2457.2,8.397,4,OK
27940,DESCENT,-0.688,-0.037,1.022,-0.00254,0.00446,0.00155,75098.0,2455.7,39.920065,32.854108,2455.7,8.397,4,OK
27950,DESCENT,-0.7208,-0.0205,0.8603,0.00876,-0.00209,-0.01142,75057.8,2455.1,39.920067,32.854032,2455.2,8.397,4,OK
27960,DESCENT,-0.6966,0.003,1.0338,0.01484,0.00503,-0.00865,75057.9,2453.7,39.920103,32.85415,2453.6,8.397,4,OK
27970,DESCENT,-0.6254,0.0859,1.0585,0.00383,0.00707,-0.00177,75132.1,2453.5,39.920122,32.854118,2453.3,8.397,4,OK
27980,DESCENT,-0.7088,0.023,0.9886,0.01973,-0.01097,0.01232,75129.8,2452.9,39.920137,32.854078,2453.0,8.397,4,OK
27990,DESCENT,-0.7075,0.0794,0.9763,0.00545,0.00127,-0.00353,75096.2,2452.3,39.920041,32.854109,2452.3,8.397,4,OK
28000,DESCENT,-0.7195,-0.018,1.0484,0.00517,-0.00485,0.00523,75122.2,2450.9,39.920099,32.854162,2451.0,8.397,4,OK
28010,DESCENT,-0.6297,0.0131,0.9804,-0.01075,0.0018,-0.0061,75175.1,2449.9,39.920145,32.854113,2449.9,8.397,4,OK
28020,DESCENT,-0.617,0.0098,0.9287,0.0039,-0.00875,0.00394,75181.6,2448.9,39.920096,32.85406,2448.9,8.397,4,OK
28030,DESCENT,-0.787,-0.0504,1.041,0.00186,0.00917,0.00245,75130.4,2448.4,39.92009,32.854084,2448.4,8.397,4,OK
28040,DESCENT,-0.6213,-0.0214,0.9935,-0.00602,-0.00382,0.00086,75198.8,2447.1,39.920086,32.854062,2447.1,8.397,4,OK
28050,DESCENT,-0.6886,-0.0668,1.0408,-0.0063,-0.00019,0.00636,75270.7,2446.7,39.920094,32.854142,2446.6,8.397,4,OK
28060,DESCENT,-0.5875,-0.0582,1.0634,-0.00764,-0.00042,-0.01854,75234.8,2445.5,39.920079,32.854055,2445.4,8.397,4,OK
28070,DESCENT,-0.633,0.0288,0.9692,-0.00776,0.00432,0.01589,75142.3,2444.4,39.920069,32.854129,2444.4,8.397,4,OK
28080,DESCENT,-0.6961,-0.0142,1.0463,-0.00036,-0.0031,0.00281,75223.0,2443.3,39.920084,32.854095,2443.4,8.397,4,OK
28090,DESCENT,-0.679,-0.1279,1.0085,-0.00764,-0.01326,0.0048,75173.6,2443.8,39.920124,32.854125,2443.7,8.397,4,OK
28100,DESCENT,-0.5795,-0.0303,0.9717,0.01353,-0.01022,0.00138,75194.6,2442.8,39.920103,32.854126,2442.7,8.397,4,OK
28110,DESCENT,-0.6172,-0.0116,0.9824,-0.00472,0.01146,-0.01401,75230.4,2441.4,39.920081,32.854045,2441.4,8.397,4,OK
28120,DESCENT,-0.7025,0.063,0.9821,0.00921,0.00242,0.01789,75165.0,2440.9,39.920082,32.854079,2440.9,8.397,4,OK
28130,DESCENT,-0.7244,0.0502,1.0106,-0.00968,-0.00523,-0.00482,75255.5,2439.9,39.920091,32.854087,2439.7,8.397,4,OK
28140,DESCENT,-0.7718,0.0021,0.9998,-0.00663,0.00653,-0.01314,75217.1,2438.9,39.920088,32.854086,2438.9,8.397,4,OK
28150,DESCENT,-0.6688,0.0524,1.0343,0.02025,-0.01413,0.01076,75281.0,2438.7,39.920151,32.854162,2438.7,8.397,4,OK
28160,DESCENT,-0.64,0.1357,1.0025,-0.0141,0.00252,-0.01186,75142.5,2437.4,39.920137,32.854085,2437.2,8.397,4,OK
28170,DESCENT,-0.6651,0.0692,1.04,-0.00249,0.00427,-0.01308,75238.0,2436.3,39.920136,32.854103,2436.4,8.397,4,OK
28180,DESCENT,-0.5751,-0.0055,0.8977,-0.01025,0.01172,-0.0003,75322.9,2435.1,39.920103,32.854122,2435.1,8.397,4,OK
28190,DESCENT,-0.6874,-0.0604,1.055,-0.00154,-0.00431,0.02288,75299.6,2435.1,39.920074,32.854028,2435.2,8.397,4,OK
28200,DESCENT,-0.6446,0.0082,1.0083,0.01943,0.00789,0.00576,75321.6,2433.5,39.920081,32.854119,2433.5,8.397,4,OK
28210,DESCENT,-0.6231,-0.0271,1.0614,0.00472,-0.00672,-0.00051,75387.2,2432.8,39.920125,32.854133,2432.8,8.397,4,OK
28220,DESCENT,-0.7337,0.0351,1.0288,-0.00795,-0.0064,0.01408,75302.2,2432.1,39.920078,32.854133,2432.2,8.397,4,OK
28230,DESCENT,-0.6717,-0.0006,0.9547,0.00047,0.01636,-0.00304,75258.4,2430.8,39.920117,32.854074,2430.6,8.397,4,OK
28240,DESCENT,-0.6519,-0.0691,0.9965,-0.00914,-0.00321,0.01738,75328.9,2430.6,39.920122,32.854104,2430.4,8.397,4,OK
28250,DESCENT,-0.7073,0.0137,1.0214,0.00441,0.0069,-0.00931,75294.8,2429.3,39.920119,32.854143,2429.4,8.397,4,OK
28260,DESCENT,-0.6329,-0.0878,1.0655,-0.01231,0.00015,0.00439,75334.0,2427.9,39.920117,32.854104,2427.9,8.397,4,OK
28270,DESCENT,-0.6623,-0.0171,0.9988,-0.00868,0.00012,-0.00365,75261.9,2426.8,39.920126,32.854126,2426.7,8.397,4,OK
28280,DESCENT,-0.7115,-0.0264,1.0325,-0.00402,-0.0034,0.00743,75338.1,2426.5,39.920106,32.854135,2426.6,8.397,4,OK
28290,DESCENT,-0.7234,-0.0142,0.9637,-0.00439,-0.00313,0.00765,75422.9,2425.1,39.920108,32.854055,2425.1,8.397,4,OK
28300,DESCENT,-0.6572,-0.0292,0.9802,0.02546,-0.01319,0.02698,75448.0,2424.2,39.920122,32.854068,2424.3,8.397,4,OK
28310,DESCENT,-0.6449,-0.0173,1.0172,-0.00904,-0.00866,0.00955,75327.6,2424.0,39.920073,32.854025,2424.1,8.397,4,OK
28320,DESCENT,-0.7126,0.0994,0.9694,-0.01561,0.00949,-0.00096,75412.7,2422.7,39.920085,32.854086,2422.7,8.397,4,OK
28330,DESCENT,-0.681,0.0047,1.0293,-0.015,0.01408,0.00059,75364.5,2421.8,39.920154,32.854183,2422.0,8.397,4,OK
28340,DESCENT,-0.6399,-0.0119,1.0115,0.01919,0.01436,-0.00138,75417.9,2421.9,39.920085,32.85409,2421.9,8.397,4,OK
28350,DESCENT,-0.6824,-0.041,1.0523,0.00914,0.0043,-0.01529,75416.7,2419.8,39.920126,32.85408,2419.7,8.397,4,OK
28360,DESCENT,-0.6928,0.0115,0.9751,0.0,-0.00926,-0.00512,75333.2,2419.3,39.920126,32.854052,2419.2,8.397,4,OK
28370,DESCENT,-0.627,-0.0853,0.9893,-0.00144,0.01141,0.01994,75416.7,2418.7,39.920133,32.854079,2418.4,8.397,4,OK
28380,DESCENT,-0.7736,-0.0088,0.9574,-0.01426,-0.00127,-0.00853,75460.4,2418.0,39.920143,32.854084,2418.2,8.397,4,OK
28390,DESCENT,-0.6809,-0.0913,0.9169,-0.01838,-0.02067,0.00617,75447.6,2416.0,39.920124,32.854116,2416.0,8.397,4,OK
28400,DESCENT,-0.5734,0.0243,0.9928,-0.01511,-0.00532,-0.00423,75411.0,2416.5,39.920036,32.8541,2416.4,8.397,4,OK
28410,DESCENT,-0.6203,-0.0214,1.0425,-0.01155,0.00728,-0.01004,75400.1,2415.1,39.920115,32.854096,2415.1,8.397,4,OK
28420,DESCENT,-0.6939,0.0153,1.036,0.0033,-0.0058,0.01261,75443.6,2414.2,39.920077,32.854092,2414.2,8.397,4,OK
28430,DESCENT,-0.6924,-0.0717,1.007,-0.00489,-0.0041,-0.01379,75419.0,2412.9,39.920139,32.854161,2412.9,8.397,4,OK
28440,DESCENT,-0.6091,0.0939,0.8988,0.01159,-0.00223,0.00549,75539.5,2412.5,39.920127,32.85408,2412.4,8.397,4,OK
28450,DESCENT,-0.6949,-0.0381,0.9906,-0.01541,-0.01538,0.00912,75637.2,2410.4,39.920097,32.854064,2410.4,8.397,4,OK
28460,DESCENT,-0.6674,-0.0632,1.0764,0.00183,0.00399,-0.00787,75507.7,2409.7,39.920034,32.854061,2409.6,8.397,4,OK
28470,DESCENT,-0.6178,-0.0308,0.9179,-0.01344,0.01117,0.02281,75551.8,2409.8,39.920084,32.85408,2409.8,8.397,4,OK
28480,DESCENT,-0.6284,-0.0457,0.9666,0.0014,0.00616,-0.00531,75554.9,2408.1,39.920096,32.854105,2408.2,8.397,4,OK
28490,DESCENT,-0.616,-0.0249,1.0229,-0.00363,0.0045,-0.00816,75554.9,2408.6,39.920103,32.854083,2408.8,8.397,4,OK
28500,DESCENT,-0.6838,0.0121,0.9727,-0.00291,0.00102,0.01554,75605.0,2407.1,39.920088,32.854118,2406.9,8.397,4,OK
28510,DESCENT,-0.6422,0.078,0.9593,-0.0079,-0.00295,0.01302,75588.2,2406.1,39.920122,32.854065,2406.0,8.397,4,OK
28520,DESCENT,-0.6865,-0.054,0.9814,0.00226,-0.01033,0.00379,75593.2,2404.8,39.920087,32.854118,2404.7,8.397,4,OK
28530,DESCENT,-0.6606,0.0141,0.9942,0.00186,0.00508,-0.00076,75583.7,2403.6,39.920118,32.854053,2403.5,8.397,4,OK
28540,DESCENT,-0.6561,0.0288,0.8826,-0.01113,-0.00301,-0.01773,75597.3,2403.6,39.920118,32.854064,2403.6,8.397,4,OK
28550,DESCENT,-0.6556,-0.0034,1.0071,-0.00463,0.00843,0.01054,75663.3,2402.3,39.920094,32.854096,2402.3,8.397,4,OK
28560,DESCENT,-0.661,-0.0496,1.0601,0.00814,0.00388,0.01249,75555.7,2401.4,39.920091,32.854098,2401.3,8.397,4,OK
28570,DESCENT,-0.5982,-0.0071,0.9956,-0.00103,0.01776,0.01476,75565.7,2400.9,39.920073,32.854061,2401.1,8.397,4,OK
28580,DESCENT,-0.6637,-0.0628,1.0078,-0.02225,-0.01302,0.00255,75602.2,2399.5,39.920116,32.854049,2399.4,8.397,4,OK
28590,DESCENT,-0.6764,-0.0572,0.911,-0.02057,-0.00476,0.0045,75688.9,2398.6,39.920089,32.854026,2398.6,8.397,4,OK
28600,DESCENT,-0.6371,-0.0136,1.0291,-0.00251,-0.00051,-0.00497,75670.8,2397.6,39.92008,32.854077,2397.4,8.397,4,OK
28610,DESCENT,-0.6589,0.0412,0.9603,0.00838,-0.00396,-0.01624,75603.3,2397.3,39.92018,32.854082,2397.1,8.397,4,OK
28620,DESCENT,-0.6479,0.0165,0.8891,0.01899,-0.01618,0.01584,75662.7,2396.1,39.920086,32.854179,2396.0,8.397,4,OK
28630,DESCENT,-0.6109,-0.0532,1.0318,0.01826,0.0203,-0.01844,75613.5,2395.5,39.920073,32.854079,2395.4,8.397,4,OK
28640,DESCENT,-0.7602,0.0425,0.9492,0.01184,-0.00115,-0.00626,75698.3,2393.2,39.92009,32.854107,2393.2,8.397,4,OK
28650,DESCENT,-0.6324,0.0253,1.0749,-0.01171,0.01062,-0.01638,75650.5,2393.7,39.920121,32.854151,2393.7,8.397,4,OK
28660,DESCENT,-0.6451,0.0563,0.8914,0.00884,0.00832,0.00043,75633.2,2391.9,39.920079,32.854107,2391.7,8.397,4,OK
28670,DESCENT,-0.6361,0.0352,0.9156,-0.00821,0.01381,0.00294,75668.4,2391.7,39.920113,32.854047,2391.8,8.397,4,OK
28680,DESCENT,-0.7379,0.0069,0.9066,0.00623,0.00886,-0.00199,75767.0,2390.9,39.920114,32.854024,2390.8,8.397,4,OK
28690,DESCENT,-0.6345,-0.0415,1.0598,0.01498,0.00797,0.00552,75713.6,2389.9,39.920068,32.85405,2390.0,8.397,4,OK
28700,DESCENT,-0.6143,0.0132,1.035,-0.00768,0.01182,-0.00738,75666.7,2388.7,39.920096,32.854077,2388.7,8.397,4,OK
28710,DESCENT,-0.6338,0.0399,0.9958,0.00378,0.00704,-0.01234,75674.1,2388.0,39.920115,32.854139,2388.0,8.397,4,OK
28720,DESCENT,-0.7262,-0.1226,1.0494,0.01135,-0.00241,0.00439,75669.5,2386.9,39.92012,32.854149,2387.0,8.397,4,OK
28730,DESCENT,-0.5995,0.0584,0.9205,0.00398,0.00646,0.01039,75829.4,2386.1,39.920051,32.85412,2386.1,8.397,4,OK
28740,DESCENT,-0.5589,0.0756,0.9908,-0.00909,0.00196,0.00286,75729.2,2385.1,39.920116,32.854086,2385.2,8.397,4,OK
28750,DESCENT,-0.6761,0.0487,0.9325,0.00865,-0.00606,0.002,75809.0,2383.6,39.920089,32.854132,2383.6,8.397,4,OK
28760,DESCENT,-0.6143,0.09,0.9718,-0.00399,0.00018,0.00996,75759.5,2382.7,39.920099,32.854154,2382.8,8.397,4,OK
28770,DESCENT,-0.6328,0.0635,1.039,-0.00595,0.01828,-0.00245,75820.5,2382.5,39.920063,32.854098,2382.5,8.397,4,OK
28780,DESCENT,-0.6358,-0.0412,0.9708,0.00744,0.00842,0.00606,75808.2,2381.8,39.920086,32.854067,2381.7,8.397,4,OK
28790,DESCENT,-0.5939,0.0013,1.1291,-0.00825,0.00121,0.01003,75763.8,2380.4,39.920122,32.854053,2380.6,8.397,4,OK
28800,DESCENT,-0.6455,-0.0575,1.0948,0.00233,0.00347,0.00386,75790.8,2380.6,39.920142,32.854086,2380.5,8.397,4,OK
28810,DESCENT,-0.6365,-0.1161,0.9702,-0.00724,-0.01296,-0.00365,75800.2,2378.3,39.920056,32.854103,2378.2,8.397,4,OK
28820,DESCENT,-0.6592,0.0022,0.9277,-0.00888,-0.01727,0.01137,75901.3,2378.3,39.920084,32.854146,2378.3,8.397,4,OK
28830,DESCENT,-0.6627,0.0053,1.0,-0.00349,0.01352,-0.00114,75828.2,2376.6,39.920097,32.854052,2376.5,8.397,4,OK
28840,DESCENT,-0.7132,0.0173,1.0185,0.01891,0.0024,0.01348,75924.9,2376.3,39.920101,32.854114,2376.3,8.397,4,OK
28850,DESCENT,-0.6194,-0.007,0.9326,-0.00986,0.01156,0.01343,75865.3,2374.5,39.920098,32.854141,2374.4,8.397,4,OK
28860,DESCENT,-0.5626,-0.0248,1.0763,-0.01193,-0.00711,0.00593,75876.0,2374.3,39.920097,32.854105,2374.1,8.397,4,OK
28870,DESCENT,-0.555,-0.0391,0.9834,0.01841,-0.00932,-0.01132,75841.8,2373.4,39.920121,32.854093,2373.4,8.397,4,OK
28880,DESCENT,-0.6058,-0.0126,1.011,0.00724,-0.00531,-0.00511,75968.5,2372.5,39.920125,32.854108,2372.5,8.397,4,OK
28890,DESCENT,-0.6943,0.0561,0.9689,-0.00718,-0.00032,-0.01235,75968.4,2370.7,39.920072,32.854072,2370.7,8.397,4,OK
28900,DESCENT,-0.6231,-0.0772,0.971,-0.00286,0.01922,-0.01403,75956.9,2370.5,39.920082,32.854077,2370.5,8.397,4,OK
28910,DESCENT,-0.6237,-0.018,1.0702,0.00431,0.00525,-0.00594,75938.6,2368.0,39.920121,32.854109,2368.1,8.397,4,OK
28920,DESCENT,-0.6005,0.0334,1.0676,-0.01221,0.00719,-0.00632,75903.9,2367.8,39.920147,32.854081,2367.6,8.397,4,OK
28930,DESCENT,-0.602,-0.102,1.0085,0.00779,-0.00446,0.00649,75887.8,2367.9,39.920097,32.854079,2368.0,8.397,4,OK
28940,DESCENT,-0.6861,0.0556,1.0505,0.00919,0.00042,-0.00597,75856.5,2366.1,39.920132,32.854088,2365.9,8.397,4,OK
28950,DESCENT,-0.6202,-0.0129,1.0224,0.00529,-0.0028,0.01314,75972.9,2366.1,39.92007,32.854056,2366.2,8.397,4,OK
28960,DESCENT,-0.6289,-0.0244,1.0211,-0.00587,0.00881,0.00582,75912.2,2364.6,39.920098,32.854174,2364.5,8.397,4,OK
28970,DESCENT,-0.7116,-0.027,1.0029,0.0131,-0.00333,-0.00054,76063.6,2363.6,39.92007,32.854082,2363.5,8.397,4,OK
28980,DESCENT,-0.6803,0.0042,1.0233,-0.0002,0.00122,0.00085,75930.1,2363.1,39.920073,32.854129,2363.1,8.397,4,OK
28990,DESCENT,-0.6465,-0.0079,0.9254,-0.00568,-0.01164,0.00429,75961.9,2361.9,39.920079,32.854154,2361.8,8.397,4,OK
29000,DESCENT,-0.6344,0.0242,1.0429,0.0243,-0.01693,0.00231,76089.4,2360.7,39.920105,32.854029,2360.7,8.397,4,OK
29010,DESCENT,-0.5838,0.0165,0.9666,0.00343,0.00153,0.0105,76028.0,2360.0,39.920067,32.854149,2359.9,8.397,4,OK
29020,DESCENT,-0.608,0.0382,0.9715,0.00746,0.01922,-0.00024,75990.8,2357.9,39.920098,32.854139,2357.9,8.397,4,OK
29030,DESCENT,-0.5725,-0.0348,0.9728,-0.00298,-0.0053,-0.0031,75926.2,2358.6,39.92013,32.854106,2358.6,8.397,4,OK
29040,DESCENT,-0.6656,-0.0439,0.9325,-0.01623,0.01224,-0.01284,76080.3,2357.2,39.920123,32.85409,2357.2,8.397,4,OK
29050,DESCENT,-0.514,0.0335,1.014,0.01148,0.00478,0.00463,75976.9,2355.8,39.920086,32.854131,2355.9,8.397,4,OK
29060,DESCENT,-0.6196,0.0272,0.9841,-0.01485,-0.00153,-0.00104,76103.9,2355.9,39.920104,32.854173,2355.9,8.397,4,OK
29070,DESCENT,-0.6235,-0.0211,0.9869,-0.00466,-4e-05,-0.00389,76145.4,2355.0,39.9201,32.854119,2355.1,8.397,4,OK
29080,DESCENT,-0.6619,0.0207,0.9105,-0.00437,-0.00737,0.00882,76037.0,2353.1,39.920087,32.854128,2353.2,8.397,4,OK
29090,DESCENT,-0.5621,-0.0904,0.9817,-0.01257,-0.0032,0.00731,76001.7,2353.3,39.920117,32.854169,2353.5,8.397,4,OK
29100,DESCENT,-0.508,-0.1152,1.063,0.0036,-0.00574,0.00066,76049.0,2351.9,39.920097,32.854132,2351.8,8.397,4,OK
29110,DESCENT,-0.6483,-0.0301,1.0119,0.00868,-0.00812,-0.00652,76041.3,2350.6,39.920127,32.854069,2350.5,8.397,4,OK
29120,DESCENT,-0.5655,0.0998,1.058,-0.00324,-0.00943,-0.00033,75995.9,2349.4,39.920127,32.854101,2349.3,8.397,4,OK
29130,DESCENT,-0.613,0.0218,1.0348,-0.00036,0.00184,0.01226,76061.6,2348.2,39.920089,32.85409,2348.3,8.397,4,OK
29140,DESCENT,-0.6163,0.0852,1.0121,0.00969,-0.01319,0.02028,76176.6,2347.4,39.920115,32.854109,2347.5,8.397,4,OK
29150,DESCENT,-0.6089,0.0063,1.0178,0.01021,0.00469,0.00185,76138.9,2346.6,39.920054,32.854072,2346.7,8.397,4,OK
29160,DESCENT,-0.6148,0.0186,0.9901,-0.00983,0.00387,0.01958,76125.3,2345.5,39.92009,32.854185,2345.4,8.397,4,OK
29170,DESCENT,-0.6315,-0.0653,1.0356,-0.0056,0.01409,-0.02251,76099.4,2344.4,39.9201,32.854084,2344.4,8.397,4,OK
29180,DESCENT,-0.5399,0.0029,1.0552,0.01884,0.00638,-0.0049,76178.6,2344.2,39.920085,32.85413,2344.2,8.397,4,OK
29190,DESCENT,-0.661,-0.0195,0.9101,-0.00608,0.01284,0.00533,76105.8,2343.2,39.920134,32.854085,2343.2,8.397,4,OK
29200,DESCENT,-0.6031,0.0289,0.9958,0.00432,-0.0021,0.00189,76142.7,2342.0,39.920075,32.85409,2342.0,8.397,4,OK
29210,DESCENT,-0.5615,-0.021,1.0973,0.00797,-0.0172,0.00863,76286.6,2341.8,39.920093,32.854105,2341.8,8.397,4,OK
29220,DESCENT,-0.6533,-0.077,1.0409,0.00498,0.0125,0.00463,76250.1,2340.3,39.920089,32.854088,2340.3,8.397,4,OK
29230,DESCENT,-0.6134,-0.0132,1.0059,-0.00449,0.00506,-0.01611,76284.3,2339.6,39.920084,32.854102,2339.6,8.397,4,OK
29240,DESCENT,-0.661,0.0194,0.9609,0.00062,-0.02168,0.01053,76223.1,2338.2,39.920112,32.854134,2338.2,8.397,4,OK
29250,DESCENT,-0.558,0.1077,0.9987,-0.00841,-0.00207,0.00402,76304.1,2337.5,39.920089,32.854124,2337.4,8.397,4,OK
29260,DESCENT,-0.6681,-0.0066,1.0677,0.00082,-0.00453,0.00642,76242.5,2336.8,39.920131,32.854109,2336.9,8.397,4,OK
29270,DESCENT,-0.5697,-0.0561,0.9864,0.00928,-0.01453,0.01094,76107.6,2335.3,39.920067,32.854089,2335.3,8.397,4,OK
29280,DESCENT,-0.6679,-0.0595,0.9956,0.00614,-0.0177,-0.00534,76271.9,2335.6,39.920092,32.854065,2335.7,8.397,4,OK
29290,DESCENT,-0.6643,0.0141,1.0243,0.01843,-0.00971,0.0004,76284.4,2334.0,39.920083,32.854079,2334.0,8.397,4,OK
29300,DESCENT,-0.6553,0.0389,1.013,-0.019,0.00193,0.00052,76214.5,2332.8,39.920106,32.854099,2332.9,8.397,4,OK
29310,DESCENT,-0.6783,-0.0307,0.9917,-0.00173,0.02818,-0.00513,76259.7,2332.5,39.920041,32.854107,2332.6,8.397,4,OK
29320,DESCENT,-0.5925,-0.0246,0.9784,-0.0064,0.00411,-0.003,76299.5,2331.5,39.920079,32.85406,2331.4,8.397,4,OK
29330,DESCENT,-0.6166,-0.0651,0.9907,0.01701,-0.01291,-0.0063,76364.8,2330.3,39.920112,32.854124,2330.2,8.397,4,OK
29340,DESCENT,-0.6615,0.0114,1.0127,-0.00315,-0.00563,0.00885,76366.1,2328.4,39.920122,32.854065,2328.5,8.397,4,OK
29350,DESCENT,-0.539,-0.0788,0.9799,0.00868,-0.00171,-0.00196,76203.6,2328.0,39.920122,32.854147,2328.1,8.397,4,OK
29360,DESCENT,-0.6474,-0.0565,0.9962,0.00905,0.0085,0.00143,76338.4,2326.5,39.920071,32.854121,2326.4,8.397,4,OK
29370,DESCENT,-0.6245,-0.1216,0.9599,-0.00123,0.00413,0.00328,76352.1,2326.5,39.920155,32.854126,2326.5,8.397,4,OK
29380,DESCENT,-0.631,0.0879,0.8419,-0.02247,-8e-05,-0.00167,76393.3,2325.1,39.920132,32.854106,2324.9,8.397,4,OK
29390,DESCENT,-0.5982,-0.0607,0.9125,-0.02663,-0.00875,0.01373,76260.1,2324.9,39.920059,32.854127,2324.9,8.397,4,OK
29400,DESCENT,-0.5638,-0.0409,1.101,0.00142,-0.00045,-0.00436,76294.0,2322.4,39.920076,32.854042,2322.2,8.397,4,OK
29410,DESCENT,-0.6396,-0.0157,1.0385,0.01689,0.02273,0.00145,76337.5,2322.1,39.920116,32.854095,2322.1,8.397,4,OK
29420,DESCENT,-0.6471,-0.0333,1.0707,0.0094,-0.00494,-0.00791,76313.1,2322.1,39.920101,32.854159,2322.1,8.397,4,OK
29430,DESCENT,-0.5415,0.01,0.8729,0.00359,-0.00766,-0.00207,76342.6,2320.4,39.920106,32.854114,2320.4,8.397,4,OK
29440,DESCENT,-0.6048,0.0041,1.0637,-0.00091,-0.00403,0.00396,76447.7,2319.3,39.920124,32.854103,2319.4,8.397,4,OK
29450,DESCENT,-0.6561,-0.0949,1.035,0.00444,0.00377,0.0139,76375.8,2318.4,39.920121,32.854075,2318.4,8.397,4,OK
29460,DESCENT,-0.5812,-0.0244,0.9608,0.01819,-0.00266,0.00189,76532.1,2316.7,39.920077,32.854059,2316.7,8.397,4,OK
29470,DESCENT,-0.5791,0.057,0.9942,-0.01656,-0.00812,0.00063,76360.7,2315.9,39.920128,32.854105,2315.9,8.397,4,OK
29480,DESCENT,-0.605,0.0229,1.025,0.0146,0.00025,-0.01347,76410.0,2316.1,39.920079,32.854125,2316.1,8.397,4,OK
29490,DESCENT,-0.5628,0.0163,0.9167,0.02051,-0.00517,-0.01408,76481.9,2314.6,39.920133,32.854076,2314.6,8.397,4,OK
29500,DESCENT,-0.5469,0.0137,0.932,0.00421,0.00222,-0.0005,76447.3,2313.5,39.920085,32.854196,2313.6,8.397,4,OK
29510,DESCENT,-0.6217,-0.0105,0.9277,0.0048,0.01082,-0.02236,76511.2,2312.2,39.92011,32.85407,2312.3,8.397,4,OK
29520,DESCENT,-0.6065,0.001,0.9763,0.00645,-0.0005,0.01079,76536.8,2311.5,39.920118,32.854109,2311.5,8.397,4,OK
29530,DESCENT,-0.6206,-0.0598,0.9533,0.00572,0.00587,0.01268,76427.9,2310.6,39.92006,32.85411,2310.7,8.397,4,OK
29540,DESCENT,-0.5923,0.0128,1.0961,0.00498,0.00564,-0.00239,76471.4,2309.7,39.92009,32.854104,2309.8,8.397,4,OK
29550,DESCENT,-0.6071,-0.0478,0.9795,-0.01155,0.00462,0.00511,76517.9,2308.4,39.920117,32.854169,2308.4,8.397,4,OK
29560,DESCENT,-0.6229,-0.0001,0.9785,0.00472,-0.00238,-0.01842,76408.5,2308.1,39.920096,32.854095,2308.1,8.397,4,OK
29570,DESCENT,-0.5902,-0.0053,0.983,-0.01223,-0.0141,0.00658,76444.7,2306.1,39.920064,32.854116,2306.2,8.397,4,OK
29580,DESCENT,-0.5704,-0.0371,0.9845,0.00994,-0.02233,-0.00735,76536.4,2306.1,39.920114,32.854107,2306.0,8.397,4,OK
29590,DESCENT,-0.4752,-0.0706,0.9472,0.01792,0.02734,-0.00241,76432.5,2305.1,39.920128,32.854021,2305.0,8.397,4,OK
29600,DESCENT,-0.5631,-0.027,0.9843,-0.00801,-0.00636,0.00651,76561.0,2304.1,39.920097,32.854125,2304.1,8.397,4,OK
29610,DESCENT,-0.5614,-0.0163,1.0488,-0.00297,0.00873,-0.01278,76504.6,2302.8,39.9201,32.854126,2302.9,8.397,4,OK
29620,DESCENT,-0.5825,0.0602,0.9668,0.00411,0.01528,-0.00346,76487.0,2301.9,39.920085,32.854125,2302.1,8.397,4,OK
29630,DESCENT,-0.6288,-0.0806,0.9386,0.00314,0.00299,0.00628,76560.9,2301.2,39.920112,32.854129,2301.4,8.397,4,OK
29640,DESCENT,-0.6803,-0.0905,0.9338,-0.00416,0.00855,0.00626,76543.3,2299.8,39.920154,32.854121,2299.8,8.397,4,OK
29650,DESCENT,-0.6023,-0.0094,0.9177,-0.00636,-0.00551,0.00486,76581.8,2298.7,39.920084,32.854061,2298.6,8.397,4,OK
29660,DESCENT,-0.5821,-0.0415,0.984,-0.01042,0.00083,0.0181,76515.6,2298.1,39.92014,32.854144,2298.2,8.397,4,OK
29670,DESCENT,-0.6259,0.0572,0.9541,-0.0252,-0.00018,-0.00904,76586.0,2296.8,39.920111,32.854073,2296.8,8.397,4,OK
29680,DESCENT,-0.7015,-0.0224,0.9638,0.00203,0.00046,0.00644,76548.7,2296.4,39.92002,32.854104,2296.5,8.397,4,OK
29690,DESCENT,-0.5527,-0.0172,1.035,-0.0091,0.0206,-0.00502,76592.1,2295.6,39.920136,32.854146,2295.6,8.397,4,OK
29700,DESCENT,-0.5215,-0.0459,0.9627,0.00151,-0.00787,0.00373,76569.8,2293.4,39.920079,32.854094,2293.2,8.397,4,OK
29710,DESCENT,-0.5458,-0.1265,1.0639,0.00386,0.00407,0.00564,76645.9,2292.8,39.920113,32.854104,2292.8,8.397,4,OK
29720,DESCENT,-0.6411,-0.0716,1.0342,0.0029,-0.00484,-0.01712,76613.1,2292.3,39.920113,32.854082,2292.1,8.397,4,OK
29730,DESCENT,-0.605,-0.0581,1.0398,0.0111,0.00277,-0.00285,76680.9,2291.0,39.920091,32.854132,2291.1,8.397,4,OK
29740,DESCENT,-0.608,-0.0821,0.9959,-0.01378,0.02364,0.00556,76766.0,2289.9,39.920087,32.854129,2289.9,8.397,4,OK
29750,DESCENT,-0.5994,0.0439,0.8976,0.00304,-0.01246,0.00539,76642.1,2289.0,39.920083,32.854136,2288.8,8.397,4,OK
29760,DESCENT,-0.5649,-0.0223,0.9781,-0.00449,0.00064,0.0172,76707.0,2287.7,39.920096,32.854092,2287.5,8.397,4,OK
29770,DESCENT,-0.5645,0.0509,1.0277,-0.00576,-0.00624,-0.00914,76727.1,2287.7,39.920091,32.854121,2287.7,8.397,4,OK
29780,DESCENT,-0.562,-0.1306,0.9154,-0.01232,-0.00249,-0.00075,76727.1,2286.0,39.920097,32.854085,2286.0,8.397,4,OK
29790,DESCENT,-0.688,-0.0307,0.98,-0.00887,-0.0104,0.00847,76614.2,2285.6,39.920118,32.854119,2285.5,8.397,4,OK
29800,DESCENT,-0.5489,0.0144,1.0272,-0.00934,0.01042,-0.00244,76683.4,2284.2,39.920124,32.854075,2284.3,8.397,4,OK
29810,DESCENT,-0.6487,0.0025,1.0005,0.00542,0.01128,0.01084,76728.9,2284.7,39.920115,32.854079,2284.9,8.397,4,OK
29820,DESCENT,-0.4869,-0.0391,1.023,-0.00412,-0.00136,0.00265,76813.0,2282.7,39.920115,32.854073,2282.8,8.397,4,OK
29830,DESCENT,-0.5977,0.033,1.011,-0.00361,-0.00698,0.00835,76722.5,2281.5,39.920126,32.854141,2281.4,8.397,4,OK
29840,DESCENT,-0.5827,-0.0637,1.0524,0.0065,0.02457,-0.00642,76781.8,2281.2,39.920085,32.854095,2281.1,8.397,4,OK
29850,DESCENT,-0.5279,0.0425,1.0748,-0.01173,-0.00049,0.00709,76701.1,2279.1,39.920099,32.854085,2279.1,8.397,4,OK
29860,DESCENT,-0.4688,0.0294,0.9157,0.01466,0.00626,0.00157,76773.6,2279.1,39.920124,32.854034,2279.2,8.397,4,OK
29870,DESCENT,-0.5663,-0.0108,0.9432,0.00358,0.01573,-0.01421,76764.4,2277.9,39.920086,32.854103,2277.9,8.397,4,OK
29880,DESCENT,-0.6322,0.0042,1.0608,-0.01921,0.0063,-0.00164,76754.8,2277.2,39.920125,32.854063,2277.2,8.397,4,OK
29890,DESCENT,-0.5829,-0.0183,1.0745,0.01954,0.00527,0.00251,76900.7,2275.9,39.920114,32.854103,2275.9,8.397,4,OK
29900,DESCENT,-0.5553,-0.0312,0.9775,0.00596,0.00674,0.00263,76819.6,2274.9,39.919998,32.854069,2275.0,8.397,4,OK
29910,DESCENT,-0.5313,-0.0132,1.0006,-0.00044,0.00627,-0.02341,76772.6,2273.3,39.920032,32.854083,2273.2,8.397,4,OK
29920,DESCENT,-0.598,-0.0124,1.0174,0.0242,0.01075,0.00679,76808.1,2272.6,39.920085,32.854108,2272.5,8.397,4,OK
29930,DESCENT,-0.6062,-0.0338,1.007,-0.03553,-0.00674,0.00903,76868.3,2271.6,39.920089,32.854106,2271.6,8.397,4,OK
29940,DESCENT,-0.544,0.0193,0.958,0.00938,-0.00511,0.00561,76901.0,2271.1,39.920127,32.854134,2271.0,8.397,4,OK
29950,DESCENT,-0.6406,0.0764,0.9438,-0.00056,-0.00746,0.02262,76883.3,2269.6,39.920079,32.854042,2269.5,8.397,4,OK
29960,DESCENT,-0.6077,0.0069,0.923,0.00106,0.00762,0.01198,76834.0,2267.6,39.920063,32.854077,2267.7,8.397,4,OK
29970,DESCENT,-0.5947,0.0814,0.9723,-0.00866,-0.01721,0.01102,76857.1,2266.9,39.920098,32.854074,2266.7,8.397,4,OK
29980,DESCENT,-0.6085,0.0259,1.0056,0.00589,-0.00359,0.01712,76884.4,2266.8,39.920115,32.854077,2266.8,8.397,4,OK
29990,DESCENT,-0.5333,-0.0039,1.0481,-0.01094,1e-05,-0.02911,76860.0,2266.2,39.92008,32.854096,2266.3,8.397,4,OK
30000,DESCENT,-0.647,0.0115,1.0419,-0.00168,0.00885,-0.00248,76860.7,2265.1,39.920152,32.85404,2265.0,8.397,4,OK
30010,DESCENT,-0.5288,-0.0608,0.9652,0.00387,0.00622,-0.00245,76910.9,2264.3,39.920109,32.85409,2264.1,8.397,4,OK
30020,DESCENT,-0.612,-0.0681,0.9912,0.00406,-0.0138,-0.00309,77032.8,2262.5,39.920081,32.854141,2262.6,8.397,4,OK
30030,DESCENT,-0.5975,0.1007,0.9768,-0.00861,0.00472,0.00065,76869.8,2261.9,39.920101,32.85414,2262.0,8.397,4,OK
30040,DESCENT,-0.5727,-0.0332,1.0318,-0.00706,-0.01036,0.00758,76904.8,2260.6,39.920122,32.854116,2260.6,8.397,4,OK
30050,DESCENT,-0.5478,0.0106,0.9698,-0.00547,-0.00172,-0.00961,76951.8,2259.3,39.920127,32.854027,2259.3,8.397,4,OK
30060,DESCENT,-0.5126,-0.0128,1.0229,0.00814,-0.01065,0.00453,76931.4,2259.3,39.92003,32.854105,2259.3,8.397,4,OK
30070,DESCENT,-0.5926,-0.0585,1.1335,-0.01587,-0.01335,-0.00054,77012.5,2258.8,39.920142,32.854086,2258.7,8.397,4,OK
30080,DESCENT,-0.5714,-0.0106,0.9645,-0.00927,-0.01205,0.00205,77039.5,2256.9,39.920142,32.854058,2256.9,8.397,4,OK
30090,DESCENT,-0.6414,0.0784,0.9602,-0.00052,0.00912,-0.00305,76880.3,2255.9,39.920115,32.854108,2256.0,8.397,4,OK
30100,DESCENT,-0.5792,-0.0277,0.9796,-0.00385,0.01167,-0.01423,77016.7,2254.9,39.920125,32.854096,2255.0,8.397,4,OK
30110,DESCENT,-0.5576,0.0329,0.9445,0.00217,0.00541,0.01462,77040.6,2253.4,39.920091,32.854107,2253.3,8.397,4,OK
30120,DESCENT,-0.5471,0.0726,1.027,-0.02428,-0.00255,0.0048,77018.0,2253.2,39.920093,32.85412,2253.3,8.397,4,OK
30130,DESCENT,-0.6271,-0.1096,0.9649,0.00865,-0.00481,-0.00289,76999.3,2252.0,39.920046,32.854074,2252.0,8.397,4,OK
30140,DESCENT,-0.5723,0.0463,1.0087,-0.01137,-0.01245,-0.01152,77047.4,2250.4,39.920151,32.854107,2250.4,8.397,4,OK
30150,DESCENT,-0.6029,0.0485,1.1048,0.01115,0.00045,-0.00144,77045.5,2249.7,39.920097,32.854089,2249.7,8.397,4,OK
30160,DESCENT,-0.5893,0.0208,0.994,0.00886,-0.00864,-0.00711,77112.9,2248.2,39.920116,32.854147,2248.4,8.397,4,OK
30170,DESCENT,-0.596,-0.0548,0.8971,-0.01077,-0.00083,0.00893,77077.7,2247.5,39.92015,32.854037,2247.6,8.397,4,OK
30180,DESCENT,-0.4966,-0.0331,0.9271,-0.00523,0.00029,0.00304,77160.1,2247.3,39.920088,32.85414,2247.3,8.397,4,OK
30190,DESCENT,-0.5669,-0.0417,0.9464,-0.00544,-0.00865,0.0123,77096.2,2244.7,39.920114,32.854066,2244.7,8.397,4,OK
30200,DESCENT,-0.5627,0.0288,0.9249,0.00165,-0.00657,-0.00528,77078.5,2245.0,39.920108,32.854188,2245.1,8.397,4,OK
30210,DESCENT,-0.5328,0.0264,1.0432,0.00059,-0.01308,-0.01468,77053.6,2244.1,39.920118,32.854147,2244.1,8.397,4,OK
30220,DESCENT,-0.5448,0.0038,0.9522,-0.01644,-0.00733,0.02139,77060.7,2242.1,39.920078,32.854073,2242.1,8.397,4,OK
30230,DESCENT,-0.5672,-0.0237,0.9934,0.01981,-0.00028,-0.0021,77141.2,2240.6,39.920047,32.854119,2240.6,8.397,4,OK
30240,DESCENT,-0.5884,0.0339,1.0306,0.00564,-0.00135,0.01579,77055.1,2241.1,39.920127,32.854077,2241.2,8.397,4,OK
30250,DESCENT,-0.6883,-0.011,0.979,0.00789,-0.00921,0.01113,77163.3,2239.1,39.920121,32.854126,2239.1,8.397,4,OK
30260,DESCENT,-0.5832,-0.0342,0.9438,0.01804,-0.01719,0.01126,77107.1,2238.3,39.920072,32.854061,2238.4,8.397,4,OK
30270,DESCENT,-0.5668,-0.0007,0.9658,-0.00805,-0.00533,0.00852,77232.4,2238.2,39.920081,32.854121,2238.2,8.397,4,OK
30280,DESCENT,-0.5978,0.0271,0.9692,0.00609,0.01199,-0.00362,77111.9,2236.1,39.920082,32.854084,2236.1,8.397,4,OK
30290,DESCENT,-0.5677,-0.0379,1.0471,0.00867,-0.0066,-0.00116,77177.3,2236.2,39.920081,32.854074,2236.1,8.397,4,OK
30300,DESCENT,-0.41,-0.0489,0.966,-0.00352,0.00395,0.01032,77243.1,2234.7,39.920054,32.854079,2234.7,8.397,4,OK
30310,DESCENT,-0.6013,0.0172,0.9642,-0.01217,-0.00514,0.00521,77265.3,2233.7,39.920096,32.854121,2233.7,8.397,4,OK
30320,DESCENT,-0.5109,-0.0276,1.0192,0.00631,-0.00815,-0.00956,77139.5,2232.9,39.920127,32.854092,2232.8,8.397,4,OK
30330,DESCENT,-0.5363,-0.0383,0.9436,-0.00258,0.01476,0.02131,77247.7,2231.7,39.920111,32.85404,2231.6,8.397,4,OK
30340,DESCENT,-0.529,0.0534,0.9953,-0.00352,0.0106,0.00216,77180.7,2230.8,39.920116,32.854095,2230.8,8.397,4,OK
30350,DESCENT,-0.6327,-0.0219,0.9443,-0.00728,-0.01098,0.00825,77261.0,2230.0,39.920048,32.854168,2230.0,8.397,4,OK
30360,DESCENT,-0.513,0.1023,0.9887,-0.00391,0.01032,-0.00537,77225.5,2228.6,39.92008,32.854076,2228.8,8.397,4,OK
30370,DESCENT,-0.5381,-0.0275,1.0896,0.00291,0.00748,0.002,77270.2,2227.3,39.920071,32.854142,2227.2,8.397,4,OK
30380,DESCENT,-0.5087,-0.0108,0.984,0.00594,-0.00626,0.00559,77329.2,2226.8,39.92008,32.854092,2226.7,8.397,4,OK
30390,DESCENT,-0.5699,-0.0311,0.9663,0.00027,0.01989,-0.03498,77343.3,2225.7,39.920086,32.854119,2225.8,8.397,4,OK
30400,DESCENT,-0.581,0.0249,1.0307,0.0096,-0.00053,0.00305,77271.3,2225.0,39.920132,32.854064,2225.0,8.397,4,OK
30410,DESCENT,-0.6006,0.0096,1.0307,-0.00163,0.00232,0.00268,77308.4,2224.8,39.920096,32.854093,2224.8,8.397,4,OK
30420,DESCENT,-0.5664,-0.044,1.0014,-0.00742,-0.0015,-0.00246,77238.6,2222.8,39.920071,32.854049,2222.7,8.397,4,OK
30430,DESCENT,-0.5985,0.0921,0.9718,0.0021,-0.00066,-0.00609,77424.1,2222.4,39.92006,32.854151,2222.3,8.397,4,OK
30440,DESCENT,-0.5321,0.0142,1.0428,0.01011,0.00511,0.01017,77246.8,2220.4,39.920149,32.854064,2220.3,8.397,4,OK
30450,DESCENT,-0.5709,0.0233,1.0311,0.00557,-0.00417,-0.00418,77317.2,2220.2,39.920085,32.854133,2220.2,8.397,4,OK
30460,DESCENT,-0.57,0.0294,0.9418,0.00241,-0.00213,-0.00912,77387.9,2218.4,39.920133,32.854063,2218.3,8.397,4,OK
30470,DESCENT,-0.5651,-0.021,0.9314,0.00549,-0.02099,0.00925,77385.0,2217.6,39.920106,32.85404,2217.7,8.397,4,OK
30480,DESCENT,-0.5063,0.0122,1.0076,-0.0094,0.05007,0.00605,77360.2,2217.3,39.920111,32.854132,2217.2,8.397,4,OK
30490,DESCENT,-0.495,-0.0373,0.939,-0.01959,-0.01696,0.00046,77508.5,2216.0,39.920099,32.854055,2216.0,8.397,4,OK
30500,DESCENT,-0.4916,0.0288,1.037,-0.01185,-0.02008,0.02093,77419.1,2214.6,39.920024,32.854154,2214.7,8.397,4,OK
30510,DESCENT,-0.5584,-0.0631,1.0524,0.00324,-0.01566,-0.01037,77389.7,2213.5,39.920094,32.854091,2213.3,8.397,4,OK
30520,DESCENT,-0.5107,0.0216,0.9698,-0.01018,0.01543,-0.00021,77410.6,2211.7,39.920044,32.854109,2211.7,8.397,4,OK
30530,DESCENT,-0.5885,-0.004,1.0603,-0.0094,-0.01318,0.01359,77400.9,2212.1,39.920066,32.854068,2212.1,8.397,4,OK
30540,DESCENT,-0.4762,0.0326,0.9565,-0.01501,0.00323,0.009,77491.1,2210.3,39.92009,32.854103,2210.3,8.397,4,OK
30550,DESCENT,-0.5158,0.0039,0.8884,-0.00531,-0.00194,0.00531,77418.1,2209.4,39.920021,32.854119,2209.4,8.397,4,OK
30560,DESCENT,-0.5386,-0.0274,1.0121,0.0066,0.00416,0.00478,77441.8,2208.6,39.920124,32.854041,2208.5,8.397,4,OK
30570,DESCENT,-0.573,0.0695,0.9584,0.01198,-0.00289,-0.00221,77455.0,2206.5,39.920118,32.854085,2206.4,8.397,4,OK
30580,DESCENT,-0.5696,-0.0258,1.0152,-0.0174,0.00071,-0.0004,77463.4,2207.0,39.920095,32.854165,2206.9,8.397,4,OK
30590,DESCENT,-0.5352,-0.0323,1.0234,0.00601,0.0089,0.00342,77402.5,2204.9,39.920141,32.854107,2204.9,8.397,4,OK
30600,DESCENT,-0.591,-0.0905,1.006,0.01392,0.00843,-0.02562,77470.5,2205.8,39.920133,32.854119,2205.8,8.397,4,OK
30610,DESCENT,-0.5929,-0.0082,1.0825,0.00097,0.02093,-0.00436,77530.4,2203.1,39.920093,32.854134,2203.2,8.397,4,OK
30620,DESCENT,-0.4686,-0.0273,1.035,-0.00618,-0.00491,-0.00092,77516.6,2202.9,39.9201,32.854094,2202.9,8.397,4,OK
30630,DESCENT,-0.4965,0.0035,1.0384,-0.00342,-0.01006,0.00989,77528.4,2200.9,39.920134,32.854074,2200.9,8.397,4,OK
30640,DESCENT,-0.5292,0.0461,1.0638,0.01605,0.00257,-0.0079,77524.4,2200.3,39.920148,32.854096,2200.4,8.397,4,OK
30650,DESCENT,-0.5329,-0.0129,0.9636,0.0096,0.01441,-0.00592,77592.9,2199.9,39.920123,32.854078,2199.9,8.397,4,OK
30660,DESCENT,-0.4302,-0.0091,0.9515,-0.00684,0.00361,-0.01424,77457.4,2197.9,39.920138,32.854104,2197.9,8.397,4,OK
30670,DESCENT,-0.4761,0.0035,1.0277,0.00735,0.0087,0.00664,77525.7,2197.7,39.920125,32.854084,2197.4,8.397,4,OK
30680,DESCENT,-0.5614,0.042,1.1005,-0.00525,-0.01988,0.00278,77516.0,2195.9,39.920092,32.854072,2195.8,8.397,4,OK
30690,DESCENT,-0.5269,0.08,0.9386,-0.01326,-0.0008,-0.01642,77561.2,2194.6,39.920131,32.854145,2194.7,8.397,4,OK
30700,DESCENT,-0.5611,0.0892,0.977,-0.00158,-0.00267,0.00549,77610.5,2193.8,39.920115,32.854112,2193.7,8.397,4,OK
30710,DESCENT,-0.5584,-0.0332,1.0095,-0.01618,-0.0133,0.01205,77580.7,2193.0,39.92013,32.854095,2192.9,8.397,4,OK
30720,DESCENT,-0.5002,0.0421,0.9888,0.00048,-0.0202,0.00023,77698.8,2192.4,39.920129,32.854168,2192.6,8.397,4,OK
30730,DESCENT,-0.5297,-0.0834,1.0284,-0.00283,-0.01542,0.01583,77706.1,2191.3,39.92012,32.854148,2191.4,8.397,4,OK
30740,DESCENT,-0.556,-0.0482,1.0022,0.0046,-0.01331,0.00819,77693.1,2189.8,39.920082,32.854147,2189.9,8.397,4,OK
30750,DESCENT,-0.4591,0.0246,1.0401,0.00066,0.00049,0.00074,77596.8,2189.0,39.920059,32.85404,2189.0,8.397,4,OK
30760,DESCENT,-0.4932,-0.015,0.9871,0.00419,-0.01958,-0.02242,77671.2,2187.9,39.920126,32.854094,2187.9,8.397,4,OK
30770,DESCENT,-0.5353,-0.0563,0.9734,0.00775,-0.00711,0.00651,77630.9,2186.4,39.920107,32.854077,2186.4,8.397,4,OK
30780,DESCENT,-0.4865,-0.0472,0.9607,-0.00516,-0.00962,0.01104,77736.7,2186.6,39.920136,32.854079,2186.8,8.397,4,OK
30790,DESCENT,-0.605,0.0164,1.0075,0.00537,0.00411,0.00655,77643.7,2184.8,39.92006,32.854097,2184.7,8.397,4,OK
30800,DESCENT,-0.6309,0.0256,0.9906,-0.00831,-0.00894,0.00085,77717.4,2183.9,39.92007,32.854069,2184.0,8.397,4,OK
30810,DESCENT,-0.5086,0.0229,1.0577,-0.00455,-0.01249,-0.01062,77694.5,2182.7,39.920104,32.854058,2182.8,8.397,4,OK
30820,DESCENT,-0.5551,0.0332,0.973,-0.00324,0.01219,0.01055,77717.5,2182.0,39.920162,32.854116,2182.0,8.397,4,OK
30830,DESCENT,-0.508,0.0515,0.9642,-0.014,-0.00736,-0.0034,77784.6,2181.2,39.920152,32.854104,2181.2,8.397,4,OK
30840,DESCENT,-0.568,-0.0183,0.8967,0.01067,0.0024,0.00798,77696.9,2178.9,39.920081,32.854093,2178.9,8.397,4,OK
30850,DESCENT,-0.5199,0.1095,0.9547,-0.01885,0.0009,0.00691,77771.4,2178.1,39.920102,32.854038,2178.2,8.397,4,OK
30860,DESCENT,-0.5806,0.047,1.0148,0.00203,-0.00068,-0.00516,77797.2,2177.6,39.920111,32.854032,2177.4,8.397,4,OK
30870,DESCENT,-0.5917,-0.0226,0.9984,-0.00049,0.01144,-0.01677,77776.7,2176.8,39.920066,32.854119,2176.8,8.397,4,OK
30880,DESCENT,-0.6441,0.0114,0.8306,-0.00532,-0.01434,0.01293,77844.3,2175.0,39.920126,32.854108,2175.1,8.397,4,OK
30890,DESCENT,-0.561,-0.0469,0.984,-0.00882,0.01865,0.00775,77730.3,2174.2,39.920109,32.854142,2174.2,8.397,4,OK
30900,DESCENT,-0.5941,0.0159,1.0505,0.00527,0.00237,0.00507,77765.6,2172.8,39.920072,32.854114,2172.7,8.397,4,OK
30910,DESCENT,-0.5299,-0.0598,0.9466,-0.00964,-0.00143,0.01194,77711.7,2172.0,39.920075,32.854086,2172.2,8.397,4,OK
30920,DESCENT,-0.5588,0.0786,0.9887,-0.00405,0.00696,-0.00525,77863.8,2171.8,39.920117,32.854092,2171.7,8.397,4,OK
30930,DESCENT,-0.5541,-0.0119,0.9689,-0.01375,-0.00959,0.0169,77772.9,2170.6,39.920135,32.854092,2170.8,8.397,4,OK
30940,DESCENT,-0.4919,0.0744,1.0701,-0.00624,-0.00361,9e-05,77814.3,2169.8,39.920144,32.854147,2169.8,8.397,4,OK
30950,DESCENT,-0.4696,0.0371,1.0629,-0.01386,-0.00662,0.00438,77809.6,2168.6,39.920091,32.854133,2168.7,8.397,4,OK
30960,DESCENT,-0.5495,0.0128,1.0076,-0.00925,0.01787,-0.02103,77861.9,2167.7,39.920113,32.854072,2167.7,8.397,4,OK
30970,DESCENT,-0.5229,0.0857,1.0018,0.00099,0.01684,-0.00743,77903.7,2165.7,39.920112,32.854065,2165.8,8.397,4,OK
30980,DESCENT,-0.563,0.0171,1.0193,0.00626,0.00914,0.00107,77883.2,2165.0,39.920132,32.854122,2165.0,8.397,4,OK
30990,DESCENT,-0.4343,0.0077,0.9729,0.00329,0.01876,0.00654,77877.2,2164.9,39.920087,32.854141,2164.7,8.397,4,OK
31000,DESCENT,-0.4655,-0.105,0.9944,0.00475,0.00514,-6e-05,77913.4,2163.4,39.920097,32.854119,2163.3,8.397,4,OK
31010,DESCENT,-0.5589,0.0232,1.0318,0.01543,-0.0102,0.00954,77891.3,2162.6,39.920122,32.854091,2162.7,8.397,4,OK
31020,DESCENT,-0.4438,0.0046,1.0749,-0.00229,-0.00542,0.0112,77895.1,2161.4,39.920073,32.85406,2161.5,8.397,4,OK
31030,DESCENT,-0.5068,-0.0974,0.9852,0.00981,-0.01469,0.01054,77836.0,2160.8,39.9201,32.854118,2160.9,8.397,4,OK
31040,DESCENT,-0.4981,-0.0141,0.9893,0.0045,-0.0012,0.00241,77976.8,2159.2,39.920079,32.854105,2159.2,8.397,4,OK
31050,DESCENT,-0.5621,-0.023,1.0482,0.00452,0.0151,0.00773,77871.6,2157.9,39.920118,32.854149,2157.8,8.397,4,OK
31060,DESCENT,-0.5674,0.0041,1.001,-0.00497,0.02135,-0.00372,77975.5,2156.7,39.920092,32.854127,2156.7,8.397,4,OK
31070,DESCENT,-0.5442,-0.0415,1.0147,-0.00815,-0.01465,-0.01147,77997.0,2156.0,39.920086,32.854086,2156.1,8.397,4,OK
31080,DESCENT,-0.4536,-0.0415,0.9845,-0.00789,0.00893,0.01449,77922.6,2154.8,39.920141,32.854113,2154.8,8.397,4,OK
31090,DESCENT,-0.4559,-0.0601,0.957,0.0096,0.01378,0.0021,78014.5,2153.2,39.920138,32.854112,2153.1,8.397,4,OK
31100,DESCENT,-0.5811,-0.0129,0.94,0.0025,0.00522,-0.00215,77998.4,2151.5,39.920149,32.854116,2151.5,8.397,4,OK
31110,DESCENT,-0.4825,0.0354,1.0061,-0.00461,0.00372,-0.01946,78030.5,2151.4,39.920119,32.854099,2151.2,8.397,4,OK
31120,DESCENT,-0.4316,-0.0212,1.0417,0.01097,0.01015,-0.01532,78044.9,2150.3,39.920098,32.854113,2150.3,8.397,4,OK
31130,DESCENT,-0.5224,-0.0361,0.9976,0.00568,-0.00285,0.01676,77998.7,2150.1,39.920105,32.854143,2150.0,8.397,4,OK
31140,DESCENT,-0.4448,0.0538,0.9873,-0.01342,0.00137,0.01232,78087.5,2149.0,39.920121,32.854178,2148.8,8.397,4,OK
31150,DESCENT,-0.5561,-0.0276,0.9776,0.0042,-0.00109,-0.00014,78090.2,2147.5,39.920097,32.854131,2147.6,8.397,4,OK
31160,DESCENT,-0.4145,-0.0215,1.052,0.0059,0.00202,-0.03451,78088.4,2145.8,39.920073,32.854118,2145.9,8.397,4,OK
31170,DESCENT,-0.5965,0.0343,0.896,0.00081,-0.01468,0.0009,78182.7,2145.2,39.920085,32.854137,2145.3,8.397,4,OK
31180,DESCENT,-0.5018,-0.0371,0.9796,-0.01138,-0.005,-0.00195,78097.1,2144.3,39.920095,32.854073,2144.3,8.397,4,OK
31190,DESCENT,-0.5315,-0.0222,1.0573,0.00694,-3e-05,0.01901,78155.9,2143.1,39.920133,32.85414,2143.1,8.397,4,OK
31200,DESCENT,-0.5064,-0.0394,1.0834,0.00623,0.00954,-0.01221,78112.1,2141.9,39.920099,32.854057,2142.0,8.397,4,OK
31210,DESCENT,-0.5204,0.1015,0.9881,-0.01104,0.0023,0.02347,78105.4,2141.7,39.920142,32.854141,2141.5,8.397,4,OK
31220,DESCENT,-0.4997,0.0046,0.9604,-0.0012,-0.00331,0.00795,78030.9,2139.8,39.920088,32.854067,2139.7,8.397,4,OK
31230,DESCENT,-0.4649,-0.0634,0.9339,-0.00242,0.00071,0.00304,78087.2,2139.1,39.920102,32.854145,2138.9,8.397,4,OK
31240,DESCENT,-0.5635,0.0409,0.9574,0.00264,0.00375,-0.02371,78167.1,2138.0,39.920062,32.854121,2138.0,8.397,4,OK
31250,DESCENT,-0.5247,0.0172,0.9824,0.00086,-0.02357,0.00674,78150.8,2136.9,39.920119,32.854086,2136.9,8.397,4,OK
31260,DESCENT,-0.5008,0.0027,1.0451,-0.00343,-0.00978,-0.00975,78171.5,2136.5,39.920138,32.854154,2136.4,8.397,4,OK
31270,DESCENT,-0.5094,-0.07,1.0203,-0.01125,-0.0109,0.00444,78152.6,2135.8,39.920109,32.854079,2135.8,8.397,4,OK
31280,DESCENT,-0.5155,0.0054,1.0322,0.01129,0.00676,-0.00177,78133.0,2133.2,39.920095,32.854087,2133.1,8.397,4,OK
31290,DESCENT,-0.456,-0.0393,1.004,0.00415,0.00072,0.00347,78177.0,2133.4,39.920122,32.854118,2133.4,8.397,4,OK
31300,DESCENT,-0.5399,0.0217,1.0257,-0.01128,0.01518,-0.00396,78187.7,2132.3,39.920093,32.85413,2132.3,8.397,4,OK
31310,DESCENT,-0.5212,0.118,0.94,0.01177,0.01102,-0.00923,78272.2,2129.6,39.920072,32.854083,2129.6,8.397,4,OK
31320,DESCENT,-0.4543,-0.044,1.0649,-0.00279,0.00614,-0.0001,78256.2,2128.5,39.920129,32.854165,2128.3,8.397,4,OK
31330,DESCENT,-0.468,-0.0714,0.9776,-0.01276,-0.00083,0.00567,78238.3,2128.5,39.920112,32.854041,2128.5,8.397,4,OK
31340,DESCENT,-0.5184,-0.0372,1.0458,0.01527,0.01323,-0.01561,78272.4,2126.8,39.920135,32.854066,2126.8,8.397,4,OK
31350,DESCENT,-0.4851,0.0092,0.9184,0.03098,0.00069,0.02135,78168.1,2127.0,39.92011,32.854055,2127.0,8.397,4,OK
31360,DESCENT,-0.5772,-0.0272,0.9482,0.00149,0.01136,0.00274,78277.3,2125.2,39.920061,32.854133,2125.1,8.397,4,OK
31370,DESCENT,-0.4594,0.0301,0.9607,-0.00942,0.01751,0.00103,78296.4,2123.6,39.920109,32.854088,2123.5,8.397,4,OK
31380,DESCENT,-0.4501,0.0036,1.0241,-0.00635,-0.01272,0.01126,78186.1,2122.5,39.920135,32.854039,2122.5,8.397,4,OK
31390,DESCENT,-0.5331,-0.005,1.0396,-0.00647,0.01075,0.00376,78255.1,2122.4,39.920112,32.8541,2122.5,8.397,4,OK
31400,DESCENT,-0.3948,-0.0062,0.9997,-0.00629,0.00667,-0.00012,78280.0,2121.9,39.920097,32.854085,2122.1,8.397,4,OK
31410,DESCENT,-0.4912,-0.0563,0.9535,0.00034,0.01684,-0.00375,78294.8,2119.9,39.920099,32.854138,2119.9,8.397,4,OK
31420,DESCENT,-0.497,0.0098,0.9569,-0.00245,0.01765,-0.00042,78270.7,2119.1,39.920092,32.854065,2119.2,8.397,4,OK
31430,DESCENT,-0.4762,0.0139,0.8989,0.00117,-0.00923,-0.00643,78280.2,2117.5,39.920067,32.8541,2117.3,8.397,4,OK
31440,DESCENT,-0.5277,0.1194,1.0204,0.00221,0.0056,-0.00213,78377.5,2117.4,39.920119,32.85405,2117.4,8.397,4,OK
31450,DESCENT,-0.5369,-0.0027,1.0491,0.00935,0.00293,0.00056,78341.2,2115.4,39.920079,32.854085,2115.4,8.397,4,OK
31460,DESCENT,-0.5008,0.0485,1.0522,-0.01433,0.00657,-0.00476,78468.2,2114.7,39.920077,32.854065,2114.7,8.397,4,OK
31470,DESCENT,-0.4839,0.0085,1.009,-0.00393,0.01322,0.00798,78360.3,2112.8,39.920114,32.854066,2112.7,8.397,4,OK
31480,DESCENT,-0.4751,0.0117,0.9662,0.0074,-0.01109,0.01611,78420.4,2113.1,39.920053,32.854125,2113.0,8.397,4,OK
31490,DESCENT,-0.5645,-0.0176,1.0297,-0.00051,-0.00205,0.00737,78409.0,2112.3,39.920051,32.854045,2112.3,8.397,4,OK
31500,DESCENT,-0.4845,-0.0029,1.0309,-0.0102,0.00448,-0.01543,78391.6,2110.5,39.920104,32.854111,2110.5,8.397,4,OK
31510,DESCENT,-0.4891,0.0666,0.9992,-0.00512,-0.00463,0.00451,78328.7,2109.1,39.92013,32.854129,2109.2,8.397,4,OK
31520,DESCENT,-0.4807,0.0504,0.9824,-0.00059,0.00922,-0.00539,78405.0,2107.8,39.920113,32.854098,2107.7,8.397,4,OK
31530,DESCENT,-0.4829,0.0014,1.0394,0.00369,0.00335,0.0037,78385.8,2107.9,39.920089,32.854088,2108.0,8.397,4,OK
31540,DESCENT,-0.5288,0.0053,0.9811,-0.00687,-0.0091,-0.00344,78466.6,2107.3,39.920116,32.8541,2107.3,8.397,4,OK
31550,DESCENT,-0.4606,0.0009,1.0213,0.00084,0.02133,0.01051,78399.4,2104.6,39.920089,32.854062,2104.6,8.397,4,OK
31560,DESCENT,-0.5045,0.0074,0.9549,0.01215,0.00403,-0.00544,78395.0,2103.4,39.920058,32.854137,2103.5,8.397,4,OK
31570,DESCENT,-0.4194,0.0102,1.031,0.00154,-0.0024,-0.00107,78438.8,2102.0,39.920149,32.854071,2101.8,8.397,4,OK
31580,DESCENT,-0.4747,-0.0078,1.0766,-0.00521,0.00633,0.01118,78564.8,2101.4,39.92013,32.854056,2101.6,8.397,4,OK
31590,DESCENT,-0.521,0.0521,0.9686,-0.0026,-0.00378,0.00841,78467.2,2100.4,39.92006,32.854079,2100.4,8.397,4,OK
31600,DESCENT,-0.5734,-0.05,1.0785,0.00849,0.01025,0.00505,78554.4,2100.2,39.920091,32.854063,2100.1,8.397,4,OK
31610,DESCENT,-0.5406,-0.0075,0.9245,0.0003,-0.01251,-0.00556,78478.4,2099.0,39.920093,32.854105,2099.1,8.397,4,OK
31620,DESCENT,-0.4221,0.0243,1.0371,0.02028,-0.00278,-0.00016,78502.0,2097.2,39.920081,32.854099,2097.1,8.397,4,OK
31630,DESCENT,-0.6429,0.0823,0.9564,-0.01263,-0.01565,0.00639,78550.1,2097.0,39.920123,32.854116,2096.9,8.397,4,OK
31640,DESCENT,-0.4368,0.0404,0.987,0.00391,0.0036,0.00889,78580.6,2094.8,39.920069,32.854094,2094.8,8.397,4,OK
31650,DESCENT,-0.4831,0.0714,0.9765,-0.01876,-0.00217,-0.0094,78574.8,2094.1,39.920071,32.854071,2093.9,8.397,4,OK
31660,DESCENT,-0.5303,0.0753,0.9353,-0.00177,-0.01203,0.01843,78520.7,2093.5,39.92011,32.854048,2093.5,8.397,4,OK
31670,DESCENT,-0.4456,0.0011,0.8383,0.01562,-0.00658,0.00102,78524.1,2093.2,39.920101,32.854117,2093.3,8.397,4,OK
31680,DESCENT,-0.4233,0.0273,0.9955,0.00324,-0.00875,-0.00299,78572.3,2090.3,39.920131,32.854115,2090.3,8.397,4,OK
31690,DESCENT,-0.4656,0.0269,0.9796,-0.00316,0.00918,-0.00603,78505.1,2089.9,39.920092,32.854146,2089.9,8.397,4,OK
31700,DESCENT,-0.4332,-0.0173,1.1125,-0.00026,-0.0132,-0.00595,78532.4,2089.1,39.920079,32.854088,2089.1,8.397,4,OK
31710,DESCENT,-0.4461,0.1935,0.9161,-0.01038,-0.01032,-0.01348,78492.7,2088.0,39.920126,32.854129,2088.0,8.397,4,OK
31720,DESCENT,-0.5347,0.0276,0.9688,-0.00114,0.01319,0.0128,78618.8,2086.9,39.920114,32.85407,2087.0,8.397,4,OK
31730,DESCENT,-0.3829,-0.0462,0.9864,0.00999,0.01318,0.01703,78691.1,2085.6,39.920086,32.854108,2085.6,8.397,4,OK
31740,DESCENT,-0.3878,-0.0002,1.0322,-0.01097,-0.00299,-0.00596,78715.8,2083.4,39.92006,32.854044,2083.5,8.397,4,OK
31750,DESCENT,-0.4935,0.0538,1.0298,-0.01141,0.0033,0.00903,78590.8,2084.1,39.920092,32.854156,2084.2,8.397,4,OK
31760,DESCENT,-0.4778,-0.0186,1.0246,-0.01115,-0.0049,-0.00454,78692.3,2082.2,39.920105,32.854075,2082.3,8.397,4,OK
31770,DESCENT,-0.4043,-0.0529,0.9792,0.00313,0.00726,0.00147,78772.0,2081.0,39.920088,32.854126,2081.0,8.397,4,OK
31780,DESCENT,-0.4433,0.0153,1.0741,0.00494,0.0017,0.01028,78822.9,2080.3,39.9201,32.85414,2080.3,8.397,4,OK
31790,DESCENT,-0.4946,0.0249,0.9713,0.00015,0.0124,0.00081,78657.7,2079.1,39.920146,32.854139,2079.2,8.397,4,OK
31800,DESCENT,-0.4584,0.0387,1.026,-0.00717,-0.0104,-0.00641,78709.1,2078.2,39.920107,32.854064,2078.2,8.397,4,OK
31810,DESCENT,-0.4588,0.0202,1.0817,0.00357,0.00177,0.00687,78669.5,2077.4,39.920102,32.854179,2077.6,8.397,4,OK
31820,DESCENT,-0.4385,0.0178,0.9763,-0.00592,0.01682,-0.0048,78720.8,2076.4,39.920085,32.854114,2076.3,8.397,4,OK
31830,DESCENT,-0.4812,-0.0382,0.9984,-0.00076,0.00873,-0.00842,78751.3,2075.3,39.920063,32.854081,2075.2,8.397,4,OK
31840,DESCENT,-0.5136,0.0147,1.0605,0.01165,0.00061,0.005,78798.5,2073.0,39.920111,32.854134,2073.0,8.397,4,OK
31850,DESCENT,-0.488,0.0142,1.0323,-0.00463,0.01085,0.00539,78826.2,2073.2,39.920125,32.85414,2073.3,8.397,4,OK
31860,DESCENT,-0.5301,0.0366,0.9993,-0.00266,0.01224,-0.00117,78850.7,2071.3,39.920098,32.854091,2071.3,8.397,4,OK
31870,DESCENT,-0.489,0.0726,0.9777,-0.00995,0.00199,-0.0056,78753.0,2070.2,39.920105,32.854054,2070.2,8.397,4,OK
31880,DESCENT,-0.4361,0.0053,1.0779,0.01268,-0.01311,-0.00605,78838.1,2069.1,39.920086,32.85408,2069.0,8.397,4,OK
31890,DESCENT,-0.4397,-0.0256,0.8805,0.00485,0.00315,0.00172,78733.1,2069.0,39.920044,32.854061,2068.8,8.397,4,OK
31900,DESCENT,-0.4418,0.0514,0.9799,-0.00526,0.00437,-0.0153,78847.0,2065.6,39.920106,32.854155,2065.7,8.397,4,OK
31910,DESCENT,-0.486,-0.0139,1.0233,0.00934,0.00107,-0.009,78891.7,2066.7,39.920105,32.85412,2066.8,8.397,4,OK
31920,DESCENT,-0.4829,-0.0131,1.0421,0.00558,0.00959,-0.00365,78841.0,2064.4,39.920098,32.854124,2064.5,8.397,4,OK
31930,DESCENT,-0.5701,-0.0045,1.1048,-0.00977,-0.0071,-0.00423,78815.1,2063.5,39.920101,32.854135,2063.5,8.397,4,OK
31940,DESCENT,-0.4787,0.0492,0.9203,0.00229,-0.00778,0.00063,78803.2,2062.8,39.920133,32.854095,2062.8,8.397,4,OK
31950,DESCENT,-0.5119,-0.0918,0.9516,-0.00532,-0.01757,-0.00497,78877.8,2061.5,39.920117,32.85416,2061.5,8.397,4,OK
31960,DESCENT,-0.4345,-0.0559,0.929,-0.00564,0.00373,0.01483,78910.9,2061.1,39.920101,32.854114,2061.1,8.397,4,OK
31970,DESCENT,-0.4684,-0.0204,0.9873,-0.0119,0.00873,0.01488,78918.9,2059.5,39.920123,32.854095,2059.5,8.397,4,OK
31980,DESCENT,-0.4943,0.0257,0.9999,-0.012,0.01108,-0.00735,78886.4,2058.1,39.920053,32.854092,2058.2,8.397,4,OK
31990,DESCENT,-0.3994,0.0445,1.0718,-0.00237,0.01678,-0.00604,78928.2,2057.3,39.920075,32.854043,2057.1,8.397,4,OK
32000,DESCENT,-0.5493,0.0287,0.9196,-0.02874,0.00293,-0.0107,78930.6,2056.6,39.920102,32.854084,2056.6,8.397,4,OK
32010,DESCENT,-0.5053,0.0758,0.8868,0.00259,-0.00804,-0.00044,79019.6,2055.0,39.92009,32.854129,2055.1,8.397,4,OK
32020,DESCENT,-0.4555,-0.0604,1.0411,0.02643,-0.00805,0.00216,78929.4,2054.2,39.920138,32.854177,2054.1,8.397,4,OK
32030,DESCENT,-0.4917,-0.0069,0.9948,0.00738,0.00227,0.01353,79043.1,2053.3,39.920077,32.854093,2053.3,8.397,4,OK
32040,DESCENT,-0.5142,0.0333,1.053,-0.01103,-0.00391,-0.0118,79001.7,2052.0,39.920136,32.854059,2052.0,8.397,4,OK
32050,DESCENT,-0.5134,-0.0737,0.9638,0.00478,-0.00216,0.01801,78947.9,2051.2,39.920092,32.854128,2051.1,8.397,4,OK
32060,DESCENT,-0.4753,-0.0097,0.9657,0.01732,-0.00295,0.03081,78956.3,2049.8,39.920057,32.854143,2049.8,8.397,4,OK
32070,DESCENT,-0.3462,0.0169,1.0403,-0.01263,0.01333,-0.00046,79034.9,2049.4,39.920132,32.854092,2049.2,8.397,4,OK
32080,DESCENT,-0.413,-0.0101,0.9923,-0.0125,0.00517,0.00335,79086.5,2047.5,39.920106,32.854107,2047.5,8.397,4,OK
32090,DESCENT,-0.4118,0.0212,0.9487,-0.01342,-0.01044,0.01817,78971.1,2046.1,39.92011,32.854004,2046.0,8.397,4,OK
32100,DESCENT,-0.5086,0.0148,0.9734,0.00546,0.01446,-0.01062,79036.6,2045.1,39.920119,32.854101,2045.1,8.397,4,OK
32110,DESCENT,-0.517,-0.0256,0.997,0.02342,-0.00497,0.01387,79092.8,2044.9,39.920077,32.854105,2044.9,8.397,4,OK
32120,DESCENT,-0.4393,0.0893,1.0276,0.00702,0.00347,-0.00106,79031.9,2043.6,39.92013,32.85409,2043.7,8.397,4,OK
32130,DESCENT,-0.4318,0.0552,0.8392,-0.00818,0.00169,0.0028,79151.7,2042.4,39.920116,32.854027,2042.4,8.397,4,OK
32140,DESCENT,-0.4532,-0.0246,0.9824,0.00593,0.00429,0.00054,79095.1,2041.2,39.920134,32.854124,2041.3,8.397,4,OK
32150,DESCENT,-0.4996,0.0375,0.9625,0.00781,-0.00628,0.00674,79084.6,2040.0,39.920086,32.854105,2040.0,8.397,4,OK
32160,DESCENT,-0.4277,0.0431,0.9776,0.00129,-0.00131,0.00124,79101.2,2039.2,39.92005,32.854128,2039.2,8.397,4,OK
32170,DESCENT,-0.516,-0.0357,0.9756,-0.01182,0.02152,0.01502,79115.7,2037.8,39.920149,32.854157,2037.7,8.397,4,OK
32180,DESCENT,-0.4659,-0.0082,1.0106,0.00216,0.01438,-0.00807,79074.5,2037.0,39.920106,32.854137,2037.1,8.397,4,OK
32190,DESCENT,-0.4421,-0.0295,1.0483,-0.00388,0.01735,0.02073,79193.9,2036.0,39.920053,32.854054,2036.0,8.397,4,OK
32200,DESCENT,-0.4245,0.031,0.973,0.01907,-0.00308,-0.01617,79169.0,2034.6,39.920095,32.854183,2034.6,8.397,4,OK
32210,DESCENT,-0.4391,-0.0165,1.0384,0.00299,0.00795,-0.00617,79081.0,2033.5,39.920087,32.854075,2033.5,8.397,4,OK
32220,DESCENT,-0.5234,0.03,0.9628,0.00839,0.01565,0.00909,79183.4,2031.0,39.920096,32.854028,2030.9,8.397,4,OK
32230,DESCENT,-0.445,-0.0324,0.9386,-0.00888,-0.00318,-0.01526,79235.5,2030.6,39.920077,32.854127,2030.7,8.397,4,OK
32240,DESCENT,-0.5247,-0.1055,1.0122,0.0087,-0.00152,-0.00608,79169.8,2029.6,39.920117,32.854112,2029.6,8.397,4,OK
32250,DESCENT,-0.4533,-0.0554,0.9314,-0.00381,-0.00114,-0.01033,79145.4,2028.0,39.920051,32.854121,2028.0,8.397,4,OK
32260,DESCENT,-0.5212,0.0221,1.0594,0.00138,0.00318,-0.01042,79136.5,2027.0,39.920156,32.854071,2027.0,8.397,4,OK
32270,DESCENT,-0.4533,-0.0088,0.9481,-0.00441,-0.02304,-0.01863,79268.5,2026.0,39.920093,32.854125,2026.0,8.397,4,OK
32280,DESCENT,-0.499,0.0128,0.9828,0.00732,-0.00124,-0.00702,79331.3,2026.0,39.920107,32.854076,2026.0,8.397,4,OK
32290,DESCENT,-0.3405,-0.0466,1.0388,0.00935,0.00445,0.01008,79234.9,2024.6,39.920104,32.854096,2024.6,8.397,4,OK
32300,DESCENT,-0.4665,-0.0001,1.0513,0.00348,-0.00611,0.00591,79233.1,2023.1,39.92011,32.85415,2023.1,8.397,4,OK
32310,DESCENT,-0.4679,0.0203,1.0198,0.00771,0.02013,-0.01352,79316.2,2023.4,39.920171,32.854065,2023.4,8.397,4,OK
32320,DESCENT,-0.4056,0.018,0.9947,-0.00516,0.00453,-0.00518,79208.2,2021.0,39.920102,32.854067,2021.0,8.397,4,OK
32330,DESCENT,-0.4503,-0.0297,1.0392,0.00913,0.00424,-0.00465,79274.6,2019.7,39.920098,32.854039,2019.6,8.397,4,OK
32340,DESCENT,-0.4384,0.0509,0.9852,0.00967,0.00759,0.00987,79309.2,2018.9,39.920093,32.854098,2018.8,8.397,4,OK
32350,DESCENT,-0.4563,0.0396,1.017,-0.00922,-0.00848,-0.00762,79200.1,2018.0,39.920105,32.854102,2017.9,8.397,4,OK
32360,DESCENT,-0.5085,-0.0625,1.0432,0.00246,-0.00955,-0.00276,79336.0,2016.6,39.920111,32.854108,2016.6,8.397,4,OK
32370,DESCENT,-0.4302,-0.0531,1.0209,0.01806,-0.00275,0.02411,79392.1,2015.6,39.920101,32.854106,2015.6,8.397,4,OK
32380,DESCENT,-0.3978,0.0416,1.0708,0.00421,-0.01511,-0.0032,79346.4,2014.4,39.920136,32.85414,2014.4,8.397,4,OK
32390,DESCENT,-0.4637,-0.0545,0.9411,0.01014,0.00742,-0.00884,79397.0,2013.4,39.920045,32.854162,2013.5,8.397,4,OK
32400,DESCENT,-0.3857,-0.0108,0.9997,0.00743,0.01448,0.00704,79396.4,2012.1,39.920055,32.854117,2012.2,8.397,4,OK
32410,DESCENT,-0.3872,0.0074,0.9522,0.01392,0.01313,0.00845,79395.7,2010.9,39.920078,32.85408,2010.9,8.397,4,OK
32420,DESCENT,-0.4565,0.0327,1.1099,-0.01034,-0.00858,-0.0005,79384.9,2010.4,39.920129,32.854123,2010.2,8.397,4,OK
32430,DESCENT,-0.5006,-0.0148,1.0043,-0.00353,0.02209,-0.00781,79439.4,2009.1,39.920108,32.854072,2009.0,8.397,4,OK
32440,DESCENT,-0.386,-0.0602,1.0814,-0.00895,-0.00207,0.00169,79390.5,2008.4,39.920116,32.854153,2008.3,8.397,4,OK
32450,DESCENT,-0.4425,0.0223,0.9205,0.00456,-0.02736,0.01438,79411.5,2007.3,39.920041,32.854097,2007.4,8.397,4,OK
32460,DESCENT,-0.3448,0.1071,0.9676,-0.01186,0.00846,-0.01102,79473.1,2006.1,39.920108,32.8541,2006.0,8.397,4,OK
32470,DESCENT,-0.4624,0.0801,1.0712,0.00292,0.00699,-0.0122,79414.6,2004.2,39.920139,32.854091,2004.3,8.397,4,OK
32480,DESCENT,-0.4546,-0.0903,0.9912,-0.00777,0.00247,0.02065,79459.6,2004.1,39.920103,32.854125,2004.1,8.397,4,OK
32490,DESCENT,-0.4245,-0.0295,0.8893,0.00312,-0.0202,0.00313,79532.6,2001.8,39.920104,32.854102,2001.8,8.397,4,OK
32500,DESCENT,-0.3824,-0.0251,0.9814,-0.00108,-0.01085,-0.00457,79467.2,2000.8,39.920095,32.854117,2000.8,8.397,4,OK
32510,DESCENT,-0.4279,0.0343,0.9822,-0.00571,0.00119,-0.00634,79524.6,2000.3,39.920063,32.854108,2000.2,8.397,4,OK
32520,DESCENT,-0.4632,-0.0854,0.9422,-0.01484,0.00186,0.00969,79427.8,1999.1,39.920096,32.854124,1999.1,8.397,4,OK
32530,DESCENT,-0.4612,-0.0329,1.0338,-0.00555,0.00755,-0.01427,79442.6,1997.7,39.920069,32.854052,1997.6,8.397,4,OK
32540,DESCENT,-0.4428,-0.0086,1.0287,-0.02248,-0.00707,-0.00079,79533.3,1996.9,39.920099,32.854151,1997.1,8.397,4,OK
32550,DESCENT,-0.4434,-0.0305,1.0637,-0.0249,-0.0017,0.01489,79553.0,1995.7,39.920057,32.854125,1995.8,8.397,4,OK
32560,DESCENT,-0.4707,-0.0518,1.0402,0.01096,-0.00743,-0.01165,79553.3,1994.0,39.920069,32.854145,1994.0,8.397,4,OK
32570,DESCENT,-0.4745,0.0334,0.9661,-0.00157,-0.00525,0.00872,79590.2,1993.0,39.920113,32.854096,1993.1,8.397,4,OK
32580,DESCENT,-0.44,-0.0053,1.0031,9e-05,0.00139,0.00178,79502.5,1992.5,39.920114,32.854047,1992.2,8.397,4,OK
32590,DESCENT,-0.4833,-0.0931,1.0104,0.00243,-0.01207,-0.00444,79588.4,1991.3,39.920103,32.854127,1991.3,8.397,4,OK
32600,DESCENT,-0.4506,0.0366,1.0221,-0.0064,-0.01009,-0.00424,79509.3,1990.0,39.920101,32.854092,1990.1,8.397,4,OK
32610,DESCENT,-0.3759,-0.0016,1.0962,-0.00211,-0.0074,0.00429,79533.6,1988.1,39.920135,32.85412,1988.0,8.397,4,OK
32620,DESCENT,-0.504,-0.0397,0.9735,-0.00285,-0.01809,0.02083,79633.7,1987.4,39.9201,32.854081,1987.2,8.397,4,OK
32630,DESCENT,-0.448,0.1074,1.0431,-0.00305,-0.01313,-0.00279,79618.2,1986.2,39.920087,32.854041,1986.3,8.397,4,OK
32640,DESCENT,-0.4504,-0.0237,0.9404,0.00163,-0.00469,0.00749,79637.5,1985.3,39.920102,32.854114,1985.2,8.397,4,OK
32650,DESCENT,-0.4924,-0.0602,1.0446,0.00555,0.01059,-0.00303,79608.3,1984.8,39.920088,32.854105,1984.9,8.397,4,OK
32660,DESCENT,-0.3982,0.0169,0.9809,-0.00094,0.00337,-0.00807,79547.3,1982.6,39.92012,32.854133,1982.4,8.397,4,OK
32670,DESCENT,-0.4513,-0.0104,0.9788,-0.00687,0.00767,0.01078,79722.2,1981.5,39.920074,32.854018,1981.5,8.397,4,OK
32680,DESCENT,-0.5077,-0.0246,1.0686,0.00012,0.00735,0.0021,79631.6,1981.8,39.920098,32.854045,1981.9,8.397,4,OK
32690,DESCENT,-0.3878,-0.0744,0.9662,0.00923,-0.00427,-0.00448,79727.2,1981.0,39.920129,32.854082,1980.9,8.397,4,OK
32700,DESCENT,-0.3564,-0.0258,1.0242,0.01086,-0.00368,-0.00371,79650.6,1977.8,39.920141,32.854117,1977.9,8.397,4,OK
32710,DESCENT,-0.4441,0.0163,0.9665,-0.00138,-0.00793,-0.01968,79796.8,1978.1,39.920121,32.854108,1978.3,8.397,4,OK
32720,DESCENT,-0.3899,0.0148,1.0417,-0.01091,0.00419,-0.00853,79840.3,1976.8,39.920119,32.854141,1976.9,8.397,4,OK
32730,DESCENT,-0.4361,-0.1044,0.9961,-0.01232,-0.0097,0.01337,79745.3,1973.6,39.920131,32.854099,1973.7,8.397,4,OK
32740,DESCENT,-0.4743,-0.019,0.9911,-0.00792,-0.00838,-0.01122,79692.9,1974.5,39.920067,32.854062,1974.5,8.397,4,OK
32750,DESCENT,-0.391,0.0269,1.0229,0.0044,-0.0073,-0.01076,79760.2,1973.8,39.920128,32.854061,1973.8,8.397,4,OK
32760,DESCENT,-0.3957,-0.0276,1.0334,0.00654,-0.01202,-0.01858,79653.1,1972.5,39.920086,32.854071,1972.4,8.397,4,OK
32770,DESCENT,-0.4803,0.0128,0.9133,0.00196,0.00541,0.00447,79746.4,1970.8,39.92012,32.854112,1970.6,8.397,4,OK
32780,DESCENT,-0.4243,-0.0121,0.9587,0.00233,-0.0099,-0.01237,79846.1,1970.1,39.920068,32.854133,1970.1,8.397,4,OK
32790,DESCENT,-0.4983,-0.0811,0.996,0.00448,0.00185,0.01569,79803.4,1968.2,39.920112,32.854125,1968.3,8.397,4,OK
32800,DESCENT,-0.3935,-0.0038,1.0488,0.0057,0.00091,-0.00079,79919.1,1967.8,39.920123,32.854113,1967.7,8.397,4,OK
32810,DESCENT,-0.4418,-0.0468,1.0061,0.00355,-0.00216,-0.00597,79851.4,1965.9,39.920098,32.854062,1965.9,8.397,4,OK
32820,DESCENT,-0.4352,-0.1292,1.0478,0.00016,-0.00643,-0.00026,79939.2,1965.8,39.920129,32.854082,1965.8,8.397,4,OK
32830,DESCENT,-0.468,-0.0136,1.042,0.00421,-0.00641,0.00148,79815.6,1963.7,39.920119,32.854117,1963.6,8.397,4,OK
32840,DESCENT,-0.4278,-0.0083,1.0154,-0.01693,0.00166,0.00025,79814.0,1962.1,39.920113,32.854149,1961.9,8.397,4,OK
32850,DESCENT,-0.5177,-0.0118,1.0178,-0.00962,0.00516,-0.00124,79825.0,1960.0,39.920105,32.854137,1960.0,8.397,4,OK
32860,DESCENT,-0.4678,0.0373,1.0551,0.00327,-0.00281,-0.00299,79908.3,1960.2,39.920108,32.85412,1960.2,8.397,4,OK
32870,DESCENT,-0.4375,0.0304,0.9934,-0.01768,-0.01985,-0.00368,79852.7,1960.3,39.920082,32.854066,1960.2,8.397,4,OK
32880,DESCENT,-0.4082,-0.0268,1.0119,0.0039,-0.01869,-0.0076,79921.1,1958.4,39.920103,32.854129,1958.3,8.397,4,OK
32890,DESCENT,-0.3191,0.0045,0.9728,-0.00947,0.00058,-0.01654,79938.6,1957.6,39.920057,32.854106,1957.6,8.397,4,OK
32900,DESCENT,-0.3557,0.0606,1.0131,-0.00252,-0.00997,0.00083,79911.4,1956.2,39.920098,32.854102,1956.3,8.397,4,OK
32910,DESCENT,-0.4847,0.0429,0.9432,-0.00131,0.00285,-0.01068,79925.4,1954.7,39.920132,32.854108,1954.6,8.397,4,OK
32920,DESCENT,-0.4535,0.0362,1.0658,0.02189,0.00163,-0.00831,79957.9,1954.5,39.920086,32.854066,1954.5,8.397,4,OK
32930,DESCENT,-0.375,0.0228,1.0428,-0.00207,0.01838,-0.00653,80064.7,1953.0,39.920128,32.854126,1953.0,8.397,4,OK
32940,DESCENT,-0.4279,-0.0767,0.9232,0.00651,-0.00309,-0.00955,79894.0,1952.4,39.920082,32.85408,1952.4,8.397,4,OK
32950,DESCENT,-0.3457,0.2044,1.1479,0.01093,-0.0011,0.00227,79995.0,1950.4,39.92008,32.854125,1950.4,8.397,4,OK
32960,DESCENT,-0.3969,-0.0358,1.0257,0.01091,-0.00142,0.00931,80054.1,1950.0,39.920111,32.854068,1950.1,8.397,4,OK
32970,DESCENT,-0.3925,-0.0299,0.9338,-0.00587,-0.01033,0.00566,79966.7,1947.8,39.9201,32.854164,1947.7,8.397,4,OK
32980,DESCENT,-0.4829,-0.0328,1.0484,-0.00315,0.01853,-0.00613,79987.9,1947.0,39.920128,32.854098,1947.2,8.397,4,OK
32990,DESCENT,-0.3714,-0.0849,0.9787,-0.01539,0.0124,-0.00199,79998.1,1946.3,39.920122,32.854031,1946.3,8.397,4,OK
33000,DESCENT,-0.3871,-0.0855,0.9805,-0.00305,0.02219,0.00097,80005.0,1944.6,39.920117,32.854071,1944.7,8.397,4,OK
33010,DESCENT,-0.4203,-0.0034,0.9169,0.00275,0.00296,0.00981,80148.6,1944.2,39.920084,32.854113,1944.1,8.397,4,OK
33020,DESCENT,-0.4617,-0.0367,1.0604,-0.01554,-0.01347,0.00235,80041.9,1942.7,39.920087,32.85407,1942.7,8.397,4,OK
33030,DESCENT,-0.3966,-0.0211,1.0478,-0.00997,-0.00873,0.00778,80140.5,1940.8,39.920104,32.85408,1940.8,8.397,4,OK
33040,DESCENT,-0.521,0.0598,0.9965,0.00136,0.00734,-0.0073,80074.1,1940.3,39.920118,32.854194,1940.2,8.397,4,OK
33050,DESCENT,-0.452,-0.0537,1.0592,0.00356,0.00093,-0.00874,80032.5,1939.2,39.920099,32.854112,1939.1,8.397,4,OK
33060,DESCENT,-0.4381,0.0102,1.0363,0.00543,0.00187,0.01646,80123.2,1938.1,39.920113,32.854131,1938.1,8.397,4,OK
33070,DESCENT,-0.3643,0.0638,0.9176,0.00164,0.00034,0.01229,80143.6,1937.5,39.920044,32.854071,1937.5,8.397,4,OK
33080,DESCENT,-0.4041,0.039,0.9586,-0.00919,-0.00117,0.00806,80105.5,1936.3,39.920099,32.854159,1936.2,8.397,4,OK
33090,DESCENT,-0.3855,-0.0008,0.9854,-0.00638,-0.00713,0.01862,80145.6,1934.4,39.920121,32.854093,1934.4,8.397,4,OK
33100,DESCENT,-0.4539,-0.0364,0.9713,0.00131,-0.01326,0.01342,80124.2,1933.4,39.920096,32.854188,1933.4,8.397,4,OK
33110,DESCENT,-0.5552,-0.0347,0.9619,0.01465,-0.00042,-0.01522,80116.6,1932.3,39.92011,32.854086,1932.1,8.397,4,OK
33120,DESCENT,-0.4134,-0.0979,0.9861,-0.00215,0.00746,-0.01939,80202.7,1931.3,39.920095,32.85405,1931.2,8.397,4,OK
33130,DESCENT,-0.489,0.0002,1.0494,-0.00522,0.0148,-0.00269,80134.7,1929.6,39.920102,32.854062,1929.6,8.397,4,OK
33140,DESCENT,-0.4308,0.0503,1.0093,0.00444,-0.0121,0.00523,80240.5,1929.4,39.92007,32.854063,1929.4,8.397,4,OK
33150,DESCENT,-0.4081,0.0094,1.033,0.01472,-0.00553,0.00202,80205.2,1928.7,39.920108,32.854165,1928.9,8.397,4,OK
33160,DESCENT,-0.4292,0.0249,0.869,-0.01954,0.01784,0.00774,80152.8,1926.9,39.920089,32.85412,1926.8,8.397,4,OK
33170,DESCENT,-0.3894,-0.0261,1.0476,-0.01793,0.01638,0.01166,80219.4,1925.6,39.920121,32.854119,1925.6,8.397,4,OK
33180,DESCENT,-0.5129,0.0225,1.0351,-0.01395,-0.00254,0.0115,80225.6,1923.7,39.920086,32.854113,1923.7,8.397,4,OK
33190,DESCENT,-0.4217,-0.0082,1.0729,-0.01202,0.00342,-0.00942,80253.5,1924.2,39.920066,32.854092,1924.1,8.397,4,OK
33200,DESCENT,-0.3759,0.0541,1.0286,0.00809,0.0225,-0.00604,80205.8,1922.9,39.920132,32.854078,1922.8,8.397,4,OK
33210,DESCENT,-0.445,0.0614,0.9913,-0.01087,0.00905,0.0142,80236.6,1920.9,39.920056,32.854168,1921.0,8.397,4,OK
33220,DESCENT,-0.373,-0.0254,0.9,-0.00046,0.01895,-0.00926,80335.5,1920.3,39.920119,32.85417,1920.4,8.397,4,OK
33230,DESCENT,-0.4626,0.0756,0.8258,-0.01267,-0.00725,0.00561,80294.7,1918.4,39.920084,32.854095,1918.4,8.397,4,OK
33240,DESCENT,-0.3637,-0.0574,0.9286,-0.01753,0.01037,0.02007,80397.6,1917.4,39.920083,32.854092,1917.6,8.397,4,OK
33250,DESCENT,-0.3585,-0.036,0.8917,0.01261,0.00226,-0.00148,80332.9,1916.0,39.920124,32.85409,1916.1,8.397,4,OK
33260,DESCENT,-0.4085,-0.0253,0.9974,0.00035,-0.00222,0.0119,80323.0,1915.5,39.9201,32.854103,1915.6,8.397,4,OK
33270,DESCENT,-0.4111,-0.0354,1.0095,-0.01485,-0.00562,-0.0093,80352.7,1914.8,39.920112,32.854098,1914.7,8.397,4,OK
33280,DESCENT,-0.3782,0.0252,1.0148,0.00347,-0.00526,-0.00311,80442.9,1913.4,39.920125,32.854002,1913.3,8.397,4,OK
33290,DESCENT,-0.4573,-0.0209,1.0309,-0.00367,-0.00444,-0.00844,80384.9,1912.1,39.920124,32.854105,1912.0,8.397,4,OK
33300,DESCENT,-0.3591,-0.0042,1.1002,-0.00601,-0.00122,0.01688,80428.1,1910.4,39.920111,32.854092,1910.4,8.397,4,OK
33310,DESCENT,-0.2886,-0.0141,0.9934,0.0108,-0.00447,0.00492,80427.7,1909.6,39.920096,32.854111,1909.6,8.397,4,OK
33320,DESCENT,-0.321,-0.0239,1.0202,-0.00478,0.01515,0.00534,80351.8,1908.2,39.920097,32.854118,1908.2,8.397,4,OK
33330,DESCENT,-0.4515,-0.01,0.9463,-0.00344,0.01945,-0.0017,80450.9,1907.0,39.920125,32.854123,1907.0,8.397,4,OK
33340,DESCENT,-0.4376,-0.0111,0.9736,0.00279,-0.00657,-0.0034,80418.5,1905.8,39.92011,32.854053,1905.8,8.397,4,OK
33350,DESCENT,-0.3786,0.0181,1.0222,0.01145,-0.00495,-0.00459,80403.9,1905.2,39.920081,32.854115,1905.2,8.397,4,OK
33360,DESCENT,-0.4224,-0.0002,1.0161,0.00539,-0.00553,0.01135,80404.0,1902.9,39.920101,32.854076,1902.9,8.397,4,OK
33370,DESCENT,-0.409,-0.0267,0.977,0.01104,0.01096,-0.00478,80453.6,1902.9,39.920135,32.854107,1902.9,8.397,4,OK
33380,DESCENT,-0.4443,0.0684,0.9619,-0.00817,-0.01408,0.01483,80501.6,1900.9,39.920062,32.85419,1900.8,8.397,4,OK
33390,DESCENT,-0.337,0.0282,1.0195,0.01081,-0.00428,0.01497,80574.9,1900.5,39.920078,32.854077,1900.5,8.397,4,OK
33400,DESCENT,-0.3509,-0.0573,0.9565,0.00924,0.00457,-0.00133,80477.0,1899.0,39.920148,32.854092,1899.1,8.397,4,OK
33410,DESCENT,-0.3126,0.0404,1.1107,0.00697,-0.01704,-0.00931,80533.3,1898.4,39.920116,32.854106,1898.4,8.397,4,OK
33420,DESCENT,-0.4394,-0.031,0.9771,-0.00735,0.0055,-0.01476,80480.2,1897.1,39.920101,32.854094,1897.1,8.397,4,OK
33430,DESCENT,-0.4143,0.0359,0.9372,-0.00882,0.01279,0.00493,80495.0,1895.8,39.920147,32.854069,1895.8,8.397,4,OK
33440,DESCENT,-0.4606,-0.0228,0.9782,-0.01436,-0.01532,-0.00767,80573.3,1893.8,39.920122,32.8541,1893.8,8.397,4,OK
33450,DESCENT,-0.3598,-0.0424,1.0136,0.00608,-0.00894,-0.00752,80512.3,1893.6,39.920059,32.854077,1893.6,8.397,4,OK
33460,DESCENT,-0.4362,0.1022,1.0331,-0.00711,0.00402,0.02335,80565.5,1892.7,39.920074,32.854094,1892.6,8.397,4,OK
33470,DESCENT,-0.5003,-0.0015,0.9631,0.00192,-0.01701,-0.008,80681.1,1889.9,39.920105,32.854106,1890.0,8.397,4,OK
33480,DESCENT,-0.4151,0.1001,1.065,-0.00074,0.00433,-0.01437,80561.8,1891.3,39.920081,32.854119,1891.2,8.397,4,OK
33490,DESCENT,-0.4559,-0.0301,0.953,0.00886,-0.0035,-0.00184,80649.4,1889.0,39.920075,32.854108,1888.9,8.397,4,OK
33500,DESCENT,-0.3392,-0.0461,1.0191,0.0122,-0.01697,0.01415,80591.9,1887.9,39.92006,32.85408,1888.0,8.397,4,OK
33510,DESCENT,-0.401,0.0368,0.9882,-0.00095,-0.00645,-0.00815,80584.5,1885.7,39.920051,32.854117,1885.6,8.397,4,OK
33520,DESCENT,-0.3933,-0.0587,1.0945,0.0091,0.0128,-0.01298,80617.1,1885.2,39.920138,32.854132,1885.2,8.397,4,OK
33530,DESCENT,-0.449,-0.016,1.0307,0.01132,-0.00779,0.00592,80710.0,1885.0,39.920086,32.85411,1885.1,8.397,4,OK
33540,DESCENT,-0.403,-0.0432,0.937,0.00109,0.00867,-0.00419,80644.2,1881.9,39.920107,32.854107,1881.8,8.397,4,OK
33550,DESCENT,-0.3458,-0.034,1.0112,-0.00898,0.00383,0.00158,80657.8,1882.9,39.920154,32.854103,1882.8,8.397,4,OK
33560,DESCENT,-0.4335,0.0065,1.051,0.01477,-0.01849,0.01012,80583.4,1881.6,39.920087,32.85407,1881.7,8.397,4,OK
33570,DESCENT,-0.4119,0.078,0.9765,-0.00284,0.00658,-0.01331,80637.9,1879.5,39.920068,32.854032,1879.4,8.397,4,OK
33580,DESCENT,-0.4878,-0.0324,1.0172,0.01311,0.01498,0.00284,80715.9,1878.4,39.920167,32.85409,1878.5,8.397,4,OK
33590,DESCENT,-0.4297,0.0002,1.0274,-0.00893,-0.00438,-0.00642,80726.3,1877.4,39.920084,32.854171,1877.4,8.397,4,OK
33600,DESCENT,-0.3205,-0.026,0.9262,-0.00237,0.02051,0.01829,80778.7,1876.5,39.920113,32.854085,1876.7,8.397,4,OK
33610,DESCENT,-0.3388,-0.0224,1.1017,0.01429,0.00339,0.00063,80799.4,1875.3,39.920053,32.854096,1875.2,8.397,4,OK
33620,DESCENT,-0.4497,-0.0659,1.0293,-0.00814,-0.00866,0.00396,80827.8,1873.9,39.920125,32.854064,1873.8,8.397,4,OK
33630,DESCENT,-0.4306,-0.0855,1.063,0.00167,-0.00629,-0.00489,80721.5,1873.5,39.920113,32.854131,1873.6,8.397,4,OK
33640,DESCENT,-0.4558,0.0366,1.0383,-0.00659,0.01188,-0.00469,80749.3,1871.0,39.920084,32.854075,1871.1,8.397,4,OK
33650,DESCENT,-0.4647,-0.0477,1.0351,-0.00725,-0.00453,0.00042,80756.0,1870.1,39.920037,32.854094,1870.3,8.397,4,OK
33660,DESCENT,-0.4037,0.0314,1.0629,0.00163,-0.00312,0.0159,80730.3,1868.1,39.920117,32.854124,1868.3,8.397,4,OK
33670,DESCENT,-0.3415,0.0209,1.0425,-0.00235,0.01011,-0.00828,80810.4,1867.9,39.920145,32.854129,1867.9,8.397,4,OK
33680,DESCENT,-0.3297,-0.0513,0.9986,-0.00353,-0.00785,0.00579,80764.6,1867.1,39.92007,32.854166,1867.2,8.397,4,OK
33690,DESCENT,-0.3532,-0.0086,1.0482,-0.01413,-0.0102,-0.01225,80818.9,1866.1,39.920075,32.854092,1866.0,8.397,4,OK
33700,DESCENT,-0.32,0.0642,1.0252,-0.01443,0.02445,-0.01729,80834.6,1865.4,39.920095,32.854121,1865.3,8.397,4,OK
33710,DESCENT,-0.3397,0.0125,1.0326,-0.00782,0.00751,-0.00538,80872.9,1862.9,39.920073,32.854102,1863.0,8.397,4,OK
33720,DESCENT,-0.3502,-0.0657,0.9683,-0.01516,-0.01005,0.00794,80891.2,1862.2,39.920099,32.854061,1862.0,8.397,4,OK
33730,DESCENT,-0.3755,0.0492,0.9174,1e-05,0.00761,0.01493,80941.7,1860.2,39.920105,32.854078,1860.3,8.397,4,OK
33740,DESCENT,-0.4651,-0.0272,1.073,0.00073,-0.00292,0.00445,80773.7,1859.7,39.920114,32.854135,1859.8,8.397,4,OK
33750,DESCENT,-0.3503,0.1265,1.0492,-0.00993,-0.01123,0.00987,80901.6,1857.6,39.920139,32.854125,1857.7,8.397,4,OK
33760,DESCENT,-0.4007,0.0617,1.0014,-0.00584,0.0108,-0.00307,80936.3,1857.5,39.920106,32.854154,1857.4,8.397,4,OK
33770,DESCENT,-0.2729,-0.0098,0.9976,0.01466,0.00821,-0.00867,80938.1,1856.4,39.920113,32.854111,1856.5,8.397,4,OK
33780,DESCENT,-0.4153,-0.0127,0.9875,0.01103,-0.0096,-0.01735,80888.0,1856.1,39.92013,32.854121,1856.0,8.397,4,OK
33790,DESCENT,-0.3929,-0.0384,0.9982,0.01102,-0.00411,-0.00976,80958.9,1853.7,39.920052,32.854142,1853.7,8.397,4,OK
33800,DESCENT,-0.3674,-0.0541,0.9247,0.00348,-0.00163,-0.01534,80984.8,1852.5,39.920135,32.854055,1852.7,8.397,4,OK
33810,DESCENT,-0.4631,-0.052,0.9668,-0.00293,-0.01305,0.01277,80930.9,1852.2,39.920098,32.854123,1852.2,8.397,4,OK
33820,DESCENT,-0.3827,-0.0791,1.0294,0.00235,0.00816,-0.00563,80950.8,1849.7,39.920155,32.854066,1849.7,8.397,4,OK
33830,DESCENT,-0.4029,0.0166,0.9241,-0.00664,-0.00204,-0.00996,81037.5,1848.9,39.920083,32.854115,1848.9,8.397,4,OK
33840,DESCENT,-0.3931,0.0869,0.9957,0.00909,0.01261,-0.00649,81054.6,1848.1,39.920114,32.854136,1848.2,8.397,4,OK
33850,DESCENT,-0.3689,-0.0122,1.06,0.00176,0.00186,-0.00994,80972.3,1847.6,39.920092,32.854146,1847.7,8.397,4,OK
33860,DESCENT,-0.4295,-0.0288,0.9623,-0.02748,0.00904,0.00841,81040.1,1846.5,39.920088,32.854136,1846.4,8.397,4,OK
33870,DESCENT,-0.3825,-0.0406,0.9792,0.00412,-0.00145,0.02636,81071.6,1844.6,39.920061,32.854121,1844.6,8.397,4,OK
33880,DESCENT,-0.2903,-0.0654,1.0086,0.00119,0.00077,-0.01286,81119.1,1844.5,39.920104,32.854047,1844.7,8.397,4,OK
33890,DESCENT,-0.369,-0.0247,1.0079,-0.01553,-0.0111,0.00544,80988.5,1842.4,39.920089,32.854053,1842.4,8.397,4,OK
33900,DESCENT,-0.3241,-0.0122,0.914,-0.00099,0.00483,0.00232,81106.4,1841.5,39.920159,32.85406,1841.5,8.397,4,OK
33910,DESCENT,-0.3892,0.0249,0.9473,-0.01798,-0.00492,-0.00673,81034.8,1840.3,39.920095,32.85404,1840.1,8.397,4,OK
33920,DESCENT,-0.3853,0.0071,0.9892,-0.00203,-0.01448,0.00228,81058.5,1837.7,39.920121,32.854022,1837.8,8.397,4,OK
33930,DESCENT,-0.4019,-0.0314,0.9847,-0.00085,0.00842,0.00544,81081.4,1837.7,39.920058,32.854047,1837.8,8.397,4,OK
33940,DESCENT,-0.3654,-0.0386,0.9722,-0.00885,0.00521,0.00247,81096.8,1837.3,39.920105,32.854126,1837.4,8.397,4,OK
33950,DESCENT,-0.3512,0.0151,1.0856,-0.00891,-0.0095,-0.00821,81142.7,1835.2,39.920088,32.854135,1835.2,8.397,4,OK
33960,DESCENT,-0.4375,-0.0024,0.9689,0.00831,-0.00563,0.01819,81182.3,1834.7,39.92008,32.854167,1834.9,8.397,4,OK
33970,DESCENT,-0.3624,-0.0986,1.0512,-0.00563,-0.02192,0.00333,81072.2,1832.4,39.92011,32.854146,1832.4,8.397,4,OK
33980,DESCENT,-0.3368,-0.0277,0.9719,0.00819,-0.0041,0.00721,81150.9,1832.0,39.920119,32.854024,1831.9,8.397,4,OK
33990,DESCENT,-0.3109,-0.0017,1.0124,-0.00099,-0.00621,-0.00247,81140.7,1831.1,39.920042,32.854116,1831.2,8.397,4,OK
34000,DESCENT,-0.3011,-0.0578,0.9626,0.00169,-0.00181,0.01106,81109.6,1829.9,39.920062,32.854122,1829.8,8.397,4,OK
34010,DESCENT,-0.3413,-0.0617,0.9943,-0.00855,0.00066,-0.00089,81303.0,1827.8,39.9201,32.85408,1827.8,8.397,4,OK
34020,DESCENT,-0.3998,-0.0761,0.92,4e-05,0.00473,-0.0033,81233.3,1827.3,39.92009,32.854115,1827.3,8.397,4,OK
34030,DESCENT,-0.3926,0.0609,0.976,0.00163,0.01757,0.00432,81176.1,1825.5,39.920127,32.854089,1825.4,8.397,4,OK
34040,DESCENT,-0.3518,-0.067,0.9689,0.00305,0.00961,0.00425,81219.9,1824.1,39.920139,32.854082,1824.2,8.397,4,OK
34050,DESCENT,-0.3288,0.0378,1.0758,-0.01807,0.00312,-0.00048,81197.1,1823.3,39.920115,32.854128,1823.3,8.397,4,OK
34060,DESCENT,-0.3023,-0.0021,1.1235,-0.0084,0.00831,-0.01699,81242.3,1821.9,39.920096,32.85409,1821.9,8.397,4,OK
34070,DESCENT,-0.3015,0.0372,0.9526,-0.00367,-2e-05,0.01675,81450.7,1821.0,39.920121,32.854112,1821.1,8.397,4,OK
34080,DESCENT,-0.3068,0.0435,0.96,0.01773,-0.001,-0.01531,81220.3,1820.5,39.920137,32.854099,1820.4,8.397,4,OK
34090,DESCENT,-0.3389,-0.0032,1.012,-0.00185,0.00745,0.00569,81281.4,1818.9,39.920104,32.854079,1818.8,8.397,4,OK
34100,DESCENT,-0.3695,-0.008,0.9896,0.00138,-0.00229,0.01307,81281.5,1818.5,39.92012,32.854173,1818.4,8.397,4,OK
34110,DESCENT,-0.4511,-0.007,1.0544,0.00148,-0.00927,0.00329,81228.4,1817.0,39.920015,32.854099,1816.9,8.397,4,OK
34120,DESCENT,-0.3821,-0.0094,1.0015,-0.01326,-0.01375,-0.01098,81318.2,1814.7,39.920089,32.85411,1814.5,8.397,4,OK
34130,DESCENT,-0.3872,0.0124,0.9505,0.00025,-0.00513,0.01314,81344.5,1814.2,39.920065,32.854079,1814.2,8.397,4,OK
34140,DESCENT,-0.3672,-0.0407,1.0601,-0.01891,-0.01044,-0.01898,81411.7,1813.1,39.92011,32.85412,1813.0,8.397,4,OK
34150,DESCENT,-0.4008,0.0251,1.041,-0.00164,0.00274,0.01891,81326.8,1812.0,39.920087,32.854131,1812.1,8.397,4,OK
34160,DESCENT,-0.4381,0.009,1.0502,-0.02032,0.00871,0.01427,81375.9,1809.4,39.92012,32.85405,1809.4,8.397,4,OK
34170,DESCENT,-0.3874,0.011,0.9466,0.00468,0.00949,0.00399,81409.0,1810.1,39.92015,32.854102,1810.1,8.397,4,OK
34180,DESCENT,-0.3923,-0.045,1.1035,0.01821,-0.00328,-0.00421,81350.1,1807.2,39.920078,32.854085,1807.1,8.397,4,OK
34190,DESCENT,-0.3217,0.0718,1.0444,-0.0044,0.00546,0.00454,81444.4,1807.8,39.920123,32.854081,1807.9,8.397,4,OK
34200,DESCENT,-0.3886,-0.0577,0.9538,0.00379,-0.00159,0.00964,81437.1,1806.8,39.920086,32.854113,1806.7,8.397,4,OK
34210,DESCENT,-0.2364,0.0151,0.9795,0.00481,-0.01271,-0.00166,81512.7,1804.0,39.920127,32.854073,1803.8,8.397,4,OK
34220,DESCENT,-0.3612,0.0701,0.9736,-0.00262,0.00302,0.00355,81379.2,1803.2,39.920152,32.854101,1803.2,8.397,4,OK
34230,DESCENT,-0.2903,0.003,1.0142,0.00098,0.00558,0.00377,81400.9,1802.3,39.920099,32.854126,1802.4,8.397,4,OK
34240,DESCENT,-0.2872,0.0093,0.9713,0.00799,0.01324,0.01042,81459.2,1801.4,39.92009,32.854094,1801.3,8.397,4,OK
34250,DESCENT,-0.4975,0.0034,1.0002,0.00041,-0.00834,0.0172,81584.8,1799.6,39.92008,32.854133,1799.6,8.397,4,OK
34260,DESCENT,-0.3067,-0.0093,0.9793,0.00224,-0.01095,-0.02693,81484.0,1797.9,39.920071,32.854096,1797.8,8.397,4,OK
34270,DESCENT,-0.3892,0.0117,1.0051,-0.0191,-0.01044,0.00115,81477.6,1797.7,39.920079,32.854079,1797.7,8.397,4,OK
34280,DESCENT,-0.4112,0.0118,0.9654,0.00672,0.01324,-0.00448,81542.2,1796.1,39.920068,32.854055,1796.0,8.397,4,OK
34290,DESCENT,-0.3999,-0.1005,1.072,-0.0091,0.00444,-0.00208,81518.5,1795.3,39.920092,32.854071,1795.2,8.397,4,OK
34300,DESCENT,-0.4393,-0.0032,1.0332,-0.00371,0.00653,0.01986,81441.1,1794.0,39.920096,32.854092,1794.0,8.397,4,OK
34310,DESCENT,-0.3387,0.0401,1.0434,-0.01511,0.00018,-0.00972,81690.7,1792.6,39.920074,32.854087,1792.5,8.397,4,OK
34320,DESCENT,-0.362,0.0788,0.9526,0.00817,-0.0048,-0.01229,81503.8,1791.3,39.920125,32.854069,1791.4,8.397,4,OK
34330,DESCENT,-0.3742,0.0876,0.9748,0.00853,0.00586,-0.00988,81488.1,1790.5,39.920099,32.854111,1790.5,8.397,4,OK
34340,DESCENT,-0.3905,0.0625,0.9721,0.0097,0.00129,0.00179,81585.7,1789.7,39.920075,32.854095,1789.8,8.397,4,OK
34350,DESCENT,-0.414,-0.0184,1.085,-0.0041,-0.00274,-0.00643,81618.1,1788.2,39.920081,32.854151,1788.1,8.397,4,OK
34360,DESCENT,-0.3513,-0.0402,1.121,-0.01442,-0.00901,0.02084,81620.1,1786.9,39.920091,32.854158,1786.7,8.397,4,OK
34370,DESCENT,-0.4261,-0.0544,0.9643,-0.00774,-0.00928,-0.0091,81638.1,1785.3,39.920083,32.854006,1785.3,8.397,4,OK
34380,DESCENT,-0.3657,0.0372,0.9839,-0.00022,0.01079,0.00578,81684.9,1784.7,39.920069,32.854156,1784.4,8.397,4,OK
34390,DESCENT,-0.3934,0.0724,1.0186,0.00866,-0.0148,-0.0133,81640.5,1783.5,39.920092,32.854144,1783.6,8.397,4,OK
34400,DESCENT,-0.3287,-0.0794,0.9973,-0.00653,0.00451,-0.00015,81689.6,1782.8,39.920072,32.854132,1782.7,8.397,4,OK
34410,DESCENT,-0.375,0.0365,0.9807,0.03269,-0.01261,-0.0072,81616.4,1780.7,39.920072,32.854096,1780.7,8.397,4,OK
34420,DESCENT,-0.375,-0.0585,0.9617,-0.0137,0.0088,0.01251,81639.3,1780.0,39.920093,32.854077,1780.0,8.397,4,OK
34430,DESCENT,-0.3508,-0.0257,1.0184,-0.01838,-0.01781,-0.00332,81756.6,1779.1,39.920121,32.854095,1779.2,8.397,4,OK
34440,DESCENT,-0.3661,-0.0173,1.0769,0.01341,0.00063,0.00467,81583.5,1777.2,39.920079,32.854126,1777.2,8.397,4,OK
34450,DESCENT,-0.3116,-0.0571,0.9694,0.01027,-0.01998,-0.0057,81747.0,1776.6,39.920094,32.85411,1776.6,8.397,4,OK
34460,DESCENT,-0.3663,0.0253,0.9724,-0.01334,0.00753,0.00643,81680.4,1775.6,39.920103,32.854076,1775.6,8.397,4,OK
34470,DESCENT,-0.3025,-0.0126,1.0062,-0.01524,0.00324,-0.02118,81846.4,1773.1,39.92009,32.85415,1773.0,8.397,4,OK
34480,DESCENT,-0.3998,-0.0706,1.0172,0.0012,-0.00749,-0.00901,81824.3,1773.0,39.920105,32.854126,1773.0,8.397,4,OK
34490,DESCENT,-0.3349,-0.0483,1.0536,0.00142,0.00518,-0.00978,81726.6,1771.3,39.920098,32.854093,1771.2,8.397,4,OK
34500,DESCENT,-0.3996,-0.0286,1.0255,-0.00846,0.00445,-0.00134,81826.4,1770.5,39.920105,32.854104,1770.6,8.397,4,OK
34510,DESCENT,-0.3361,-0.0283,1.0335,0.01277,0.00428,0.00566,81764.6,1768.7,39.920065,32.854091,1768.8,8.397,4,OK
34520,DESCENT,-0.3492,0.0604,0.9762,-0.00738,-0.00877,-0.00383,81788.1,1767.0,39.920101,32.854063,1767.0,8.397,4,OK
34530,DESCENT,-0.339,0.035,0.9629,0.01678,0.00456,0.00311,81766.9,1767.1,39.92009,32.854122,1767.0,8.397,4,OK
34540,DESCENT,-0.3145,0.001,0.9912,0.00853,0.0209,0.00293,81808.7,1766.2,39.920082,32.854072,1766.1,8.397,4,OK
34550,DESCENT,-0.2998,-0.0255,0.9999,0.00234,0.00587,-0.00399,81910.4,1764.3,39.920092,32.85408,1764.3,8.397,4,OK
34560,DESCENT,-0.4207,0.021,0.9735,0.00765,0.00179,0.0116,81909.9,1762.9,39.920138,32.854151,1763.0,8.397,4,OK
34570,DESCENT,-0.314,-0.1112,0.9919,0.00963,0.00862,-0.01062,81886.2,1763.1,39.920065,32.85406,1762.9,8.397,4,OK
34580,DESCENT,-0.3691,-0.0322,1.0288,-0.01644,-0.0107,0.00465,81907.9,1760.5,39.920087,32.854155,1760.5,8.397,4,OK
34590,DESCENT,-0.3164,-0.0376,1.0108,-0.00954,-0.0211,0.0014,81845.5,1760.3,39.920075,32.854089,1760.4,8.397,4,OK
34600,DESCENT,-0.3744,0.0281,0.9827,-0.0018,0.00785,0.01122,81931.8,1758.9,39.920137,32.854067,1758.9,8.397,4,OK
34610,DESCENT,-0.4333,-0.0518,1.0719,0.00538,-0.00217,0.00546,81924.8,1757.1,39.920117,32.854162,1757.1,8.397,4,OK
34620,DESCENT,-0.2392,-0.0046,0.9881,0.00604,0.00981,-0.0052,81882.3,1756.3,39.920065,32.854102,1756.3,8.397,4,OK
34630,DESCENT,-0.2341,-0.0906,0.9582,0.00207,-0.00261,-0.01259,81972.4,1755.7,39.920147,32.854037,1755.8,8.397,4,OK
34640,DESCENT,-0.3597,-0.035,1.0473,-0.01963,0.01497,0.00392,81998.1,1753.6,39.92011,32.854083,1753.5,8.397,4,OK
34650,DESCENT,-0.4136,-0.0705,0.9951,-0.0125,-0.00869,0.00044,81866.6,1752.6,39.920081,32.854106,1752.7,8.397,4,OK
34660,DESCENT,-0.3619,-0.0158,1.072,0.00458,0.00188,8e-05,81975.9,1751.4,39.920092,32.854077,1751.4,8.397,4,OK
34670,DESCENT,-0.3959,0.049,0.9689,-0.01696,-0.01316,-0.01278,81900.9,1750.5,39.920112,32.854091,1750.6,8.397,4,OK
34680,DESCENT,-0.3398,0.0775,0.9664,-0.01969,-0.00125,0.00178,82002.8,1747.8,39.920031,32.854154,1747.8,8.397,4,OK
34690,DESCENT,-0.3315,0.0241,1.0472,-0.01268,-0.00129,0.01787,82024.0,1747.5,39.920073,32.854176,1747.5,8.397,4,OK
34700,DESCENT,-0.2829,0.0342,1.1013,0.00224,0.00049,-0.02027,81988.3,1746.2,39.920095,32.854082,1746.3,8.397,4,OK
34710,DESCENT,-0.3132,-0.0311,1.0116,0.01371,-0.00731,0.00048,82035.2,1745.5,39.920053,32.854117,1745.3,8.397,4,OK
34720,DESCENT,-0.4018,-0.0482,1.019,-0.00027,0.00758,-0.0073,82088.3,1744.0,39.920065,32.854077,1744.1,8.397,4,OK
34730,DESCENT,-0.3436,0.0611,1.0023,-0.00017,-0.01616,0.00503,81997.3,1742.4,39.920053,32.854046,1742.2,8.397,4,OK
34740,DESCENT,-0.3574,0.003,1.064,-0.02851,0.00392,0.00315,81982.8,1742.0,39.920085,32.854067,1741.9,8.397,4,OK
34750,DESCENT,-0.3635,0.0353,0.9737,0.0006,0.00395,0.00331,82130.3,1741.3,39.920118,32.854134,1741.4,8.397,4,OK
34760,DESCENT,-0.4137,-0.0687,1.005,-0.00553,0.00648,0.00304,82033.7,1739.4,39.920076,32.854033,1739.5,8.397,4,OK
34770,DESCENT,-0.3254,-0.0266,1.0637,0.00091,0.00639,0.01301,82110.7,1738.6,39.920103,32.854086,1738.6,8.397,4,OK
34780,DESCENT,-0.3164,-0.0843,0.9978,0.00669,0.00287,-0.01211,82216.6,1737.3,39.920077,32.854075,1737.3,8.397,4,OK
34790,DESCENT,-0.2733,-0.0146,0.9236,0.0137,0.00628,-0.0009,82128.0,1735.7,39.920052,32.85405,1735.7,8.397,4,OK
34800,DESCENT,-0.3336,-0.0143,1.0026,-0.01397,0.00156,-0.00725,82136.6,1734.5,39.920096,32.854122,1734.6,8.397,4,OK
34810,DESCENT,-0.2978,-0.0316,1.0731,0.00856,-0.00712,0.00453,82210.2,1733.3,39.920108,32.854109,1733.2,8.397,4,OK
34820,DESCENT,-0.4016,-0.0275,1.0291,-3e-05,-0.02393,-0.00198,82232.8,1731.8,39.920067,32.854167,1731.9,8.397,4,OK
34830,DESCENT,-0.3526,0.016,0.9941,-0.01087,0.00713,0.00169,82170.0,1730.6,39.920081,32.854111,1730.5,8.397,4,OK
34840,DESCENT,-0.3226,0.0294,0.9477,0.01307,-0.02497,0.0109,82243.9,1729.5,39.920139,32.854085,1729.5,8.397,4,OK
34850,DESCENT,-0.3875,-0.0208,0.9765,0.00753,0.00681,-0.00177,82191.3,1728.5,39.920053,32.854064,1728.6,8.397,4,OK
34860,DESCENT,-0.3733,-0.06,0.994,-0.00273,-0.00692,0.00127,82146.0,1727.6,39.920103,32.854134,1727.6,8.397,4,OK
34870,DESCENT,-0.3725,0.0747,1.059,-0.00526,-0.00156,-0.0106,82201.9,1725.1,39.920089,32.854115,1725.2,8.397,4,OK
34880,DESCENT,-0.379,0.0795,1.0711,0.01777,-0.00657,0.0082,82294.8,1724.4,39.920122,32.854026,1724.4,8.397,4,OK
34890,DESCENT,-0.3461,0.0454,0.936,-0.00808,-0.00215,0.0041,82281.1,1724.2,39.920116,32.854126,1724.3,8.397,4,OK
34900,DESCENT,-0.2034,0.0143,1.0155,0.01154,-0.01218,0.01259,82256.0,1722.2,39.920114,32.854081,1722.2,8.397,4,OK
34910,DESCENT,-0.2844,-0.0002,0.999,0.00442,-0.00207,-0.00291,82348.1,1720.3,39.920069,32.854157,1720.3,8.397,4,OK
34920,DESCENT,-0.2756,0.0023,0.9909,-0.00314,-0.00102,-0.01228,82145.9,1719.9,39.920092,32.854104,1719.8,8.397,4,OK
34930,DESCENT,-0.3192,0.0527,0.9985,0.00355,0.018,0.00501,82357.9,1718.9,39.920101,32.85407,1718.9,8.397,4,OK
34940,DESCENT,-0.3378,-0.0906,0.9561,-0.00775,-0.00154,-0.0091,82339.1,1718.4,39.920079,32.854039,1718.3,8.397,4,OK
34950,DESCENT,-0.3582,-0.0827,0.9935,-0.00249,-0.01939,-0.00043,82364.3,1716.5,39.920113,32.854143,1716.3,8.397,4,OK
34960,DESCENT,-0.2007,-0.0727,0.9476,-0.00432,0.02,0.00958,82302.8,1714.4,39.9201,32.854091,1714.4,8.397,4,OK
34970,DESCENT,-0.3438,-0.0184,1.0148,-0.00701,0.01132,0.01064,82340.4,1714.0,39.920147,32.854156,1713.8,8.397,4,OK
34980,DESCENT,-0.2389,-0.0233,1.0855,0.00835,0.00547,0.02333,82361.0,1712.3,39.920105,32.854093,1712.1,8.397,4,OK
34990,DESCENT,-0.3622,-0.018,0.9939,0.00964,0.01169,-0.00259,82371.4,1711.3,39.920076,32.854099,1711.2,8.397,4,OK
35000,DESCENT,-0.3178,0.0353,0.9644,0.00424,0.00135,0.01049,82431.0,1709.0,39.920085,32.854059,1708.8,8.397,4,OK
35010,DESCENT,-0.2443,0.0817,1.0053,-0.01579,-0.01579,-0.00147,82359.5,1708.5,39.920101,32.854145,1708.5,8.396,4,OK
35020,DESCENT,-0.4144,-0.0315,0.9898,-0.0007,0.01202,0.01054,82369.9,1708.1,39.920085,32.854127,1708.2,8.396,4,OK
35030,DESCENT,-0.2465,0.0334,0.9205,0.00505,-0.00314,0.00447,82302.9,1706.4,39.92008,32.854112,1706.5,8.396,4,OK
35040,DESCENT,-0.2488,-0.0287,0.9813,0.01123,-0.01406,0.00863,82457.5,1706.1,39.920125,32.854077,1706.0,8.396,4,OK
35050,DESCENT,-0.3582,0.0151,1.0141,0.00635,-0.001,-0.00477,82465.2,1704.7,39.920112,32.85412,1704.7,8.396,4,OK
35060,DESCENT,-0.3525,0.0241,1.0072,0.00352,-0.01105,-0.00464,82422.1,1703.4,39.920104,32.854102,1703.4,8.396,4,OK
35070,DESCENT,-0.3098,0.0258,0.9318,0.00742,-0.01186,-0.00355,82472.4,1702.0,39.920083,32.854065,1701.9,8.396,4,OK
35080,DESCENT,-0.3271,-0.0689,0.9678,0.00268,0.00362,0.01342,82434.0,1701.0,39.920041,32.854047,1700.9,8.396,4,OK
35090,DESCENT,-0.3511,-0.0282,0.9696,-0.00762,0.01708,-0.00033,82542.9,1699.5,39.920124,32.854087,1699.6,8.396,4,OK
35100,DESCENT,-0.2691,-0.0153,1.018,-0.00844,-0.01649,0.0046,82493.5,1698.2,39.920145,32.85409,1698.1,8.396,4,OK
35110,DESCENT,-0.3736,-0.0363,0.9354,-0.00869,-0.00895,0.00477,82469.8,1696.9,39.920119,32.854117,1696.9,8.396,4,OK
35120,DESCENT,-0.3617,-0.0051,1.0191,-0.00945,0.01896,-0.00027,82517.1,1695.9,39.920131,32.854142,1695.9,8.396,4,OK
35130,DESCENT,-0.3268,-0.0226,0.9223,0.01471,0.00742,0.00034,82568.0,1694.3,39.920106,32.854086,1694.3,8.396,4,OK
35140,DESCENT,-0.2838,0.0216,1.0148,0.02208,-0.0018,-0.01718,82528.9,1693.0,39.920115,32.854129,1693.0,8.396,4,OK
35150,DESCENT,-0.222,-0.0037,0.9413,-0.02025,0.01297,-0.00764,82596.2,1692.1,39.920068,32.854071,1692.1,8.396,4,OK
35160,DESCENT,-0.3811,-0.0232,1.0028,0.0097,0.00353,-0.00863,82563.4,1691.6,39.920078,32.854066,1691.4,8.396,4,OK
35170,DESCENT,-0.297,0.0854,0.9608,-0.01488,0.00918,0.00652,82528.3,1689.6,39.920068,32.854109,1689.5,8.396,4,OK
35180,DESCENT,-0.3201,-0.0875,0.9346,-0.00728,0.0009,0.00049,82541.4,1689.2,39.920108,32.854072,1689.4,8.396,4,OK
35190,DESCENT,-0.3441,0.0098,1.0297,0.0151,0.00918,-0.00149,82648.2,1688.2,39.92007,32.854102,1688.2,8.396,4,OK
35200,DESCENT,-0.2999,0.0801,0.9079,0.006,0.00443,0.01465,82731.1,1687.0,39.920093,32.854119,1687.0,8.396,4,OK
35210,DESCENT,-0.4232,-0.0217,1.0081,0.01274,-0.0065,-0.01292,82618.5,1684.7,39.920115,32.854154,1684.8,8.396,4,OK
35220,DESCENT,-0.3432,0.0212,0.9661,0.00374,-0.01364,0.01093,82688.2,1683.5,39.920106,32.854144,1683.3,8.396,4,OK
35230,DESCENT,-0.2524,0.026,0.9549,0.00054,0.0089,-0.01788,82677.9,1682.7,39.920117,32.854055,1682.6,8.396,4,OK
35240,DESCENT,-0.3842,-0.0295,1.0545,-0.00343,0.00964,-0.01049,82640.7,1681.1,39.920115,32.854093,1681.2,8.396,4,OK
35250,DESCENT,-0.4108,-0.0768,1.0277,0.00659,-0.00123,-0.01632,82718.7,1680.2,39.920095,32.854103,1680.0,8.396,4,OK
35260,DESCENT,-0.3184,0.0264,1.0114,0.00488,0.00329,-0.01341,82817.2,1678.7,39.920138,32.854129,1678.7,8.396,4,OK
35270,DESCENT,-0.3207,-0.0043,1.0477,-0.02686,0.00857,0.00876,82710.7,1678.8,39.920086,32.854104,1678.9,8.396,4,OK
35280,DESCENT,-0.3713,-0.0001,0.9187,0.02469,0.00832,0.00559,82770.1,1676.4,39.920072,32.854107,1676.4,8.396,4,OK
35290,DESCENT,-0.317,-0.0382,0.9146,0.01063,0.01562,-0.00926,82746.4,1675.8,39.9201,32.854054,1675.7,8.396,4,OK
35300,DESCENT,-0.3601,-0.0254,1.0164,0.00637,0.00365,0.00943,82850.9,1673.8,39.920077,32.854092,1673.8,8.396,4,OK
35310,DESCENT,-0.3229,-0.034,0.8882,0.00802,-0.01022,-0.00491,82801.3,1672.2,39.920085,32.854014,1672.2,8.396,4,OK
35320,DESCENT,-0.3117,-0.0494,0.9614,0.00987,0.00079,-0.00023,82822.7,1670.9,39.920124,32.854073,1670.9,8.396,4,OK
35330,DESCENT,-0.1992,-0.0001,0.9951,0.00767,-0.00882,0.00933,82830.9,1669.6,39.920125,32.854128,1669.6,8.396,4,OK
35340,DESCENT,-0.3296,0.0124,1.0461,-0.00141,0.00159,0.00287,82857.5,1669.4,39.920074,32.854125,1669.4,8.396,4,OK
35350,DESCENT,-0.2353,0.0607,0.9572,-0.00438,-0.01031,0.00507,82882.7,1667.4,39.920119,32.854108,1667.2,8.396,4,OK
35360,DESCENT,-0.3128,0.0469,0.962,0.00837,-0.00337,-0.00467,82887.9,1665.9,39.920087,32.854138,1666.0,8.396,4,OK
35370,DESCENT,-0.31,-0.0277,0.9894,0.01053,0.00482,-0.00412,82906.5,1665.3,39.920101,32.854084,1665.2,8.396,4,OK
35380,DESCENT,-0.3338,0.1272,1.0902,-0.00715,0.00684,0.01256,82923.8,1664.9,39.9201,32.854131,1664.8,8.396,4,OK
35390,DESCENT,-0.3551,0.0521,1.1032,0.01052,-0.01327,0.0059,82867.7,1662.1,39.920089,32.854122,1662.0,8.396,4,OK
35400,DESCENT,-0.282,0.0001,0.9828,0.0068,0.00341,-0.00343,82840.2,1662.5,39.920044,32.854096,1662.5,8.396,4,OK
35410,DESCENT,-0.3691,0.0201,1.0522,-0.00023,0.00052,0.0045,82829.5,1660.5,39.920089,32.854091,1660.4,8.396,4,OK
35420,DESCENT,-0.2972,0.0427,0.881,-0.01433,-0.02405,-0.00274,82917.2,1659.2,39.920123,32.854098,1659.1,8.396,4,OK
35430,DESCENT,-0.3305,0.0479,1.0724,-0.01237,-0.01615,-0.00936,82965.1,1658.3,39.920108,32.854105,1658.4,8.396,4,OK
35440,DESCENT,-0.2526,-0.0532,0.9305,-0.00965,0.00393,-0.01686,82987.3,1656.5,39.920106,32.854127,1656.4,8.396,4,OK
35450,DESCENT,-0.2106,-0.0244,0.955,0.00717,-0.01797,-0.02426,82898.1,1655.9,39.920085,32.854131,1656.0,8.396,4,OK
35460,DESCENT,-0.2785,0.0208,0.9248,-0.00713,-0.02412,0.00185,82924.3,1654.7,39.920097,32.854066,1654.8,8.396,4,OK
35470,DESCENT,-0.3197,0.0117,0.8962,0.00654,0.01632,0.00129,82970.1,1652.9,39.920085,32.854169,1653.0,8.396,4,OK
35480,DESCENT,-0.1959,-0.0061,1.118,-0.00739,-0.00172,-0.01013,82940.6,1651.1,39.920077,32.854078,1651.2,8.396,4,OK
35490,DESCENT,-0.2527,0.0089,1.0973,-0.00423,0.00917,-0.01182,83097.4,1650.7,39.920118,32.854051,1650.6,8.396,4,OK
35500,DESCENT,-0.2984,-0.039,1.0707,-0.007,-0.00602,0.006,82962.8,1649.1,39.9201,32.854101,1649.0,8.396,4,OK
35510,DESCENT,-0.2915,0.039,1.0403,0.0208,-0.00067,-0.00645,82980.1,1649.1,39.920151,32.854084,1649.0,8.396,4,OK
35520,DESCENT,-0.2838,-0.0013,0.8537,0.01012,0.00385,-0.00112,83036.5,1647.4,39.920075,32.854113,1647.4,8.396,4,OK
35530,DESCENT,-0.3156,-0.0272,0.9738,0.00432,-0.0075,-0.01175,83040.2,1646.3,39.920121,32.854092,1646.2,8.396,4,OK
35540,DESCENT,-0.3576,0.014,0.9487,-0.02781,0.00463,0.00877,83011.4,1645.2,39.920128,32.85412,1645.3,8.396,4,OK
35550,DESCENT,-0.3074,0.0838,1.0096,-0.02195,0.01204,0.00746,83042.0,1643.6,39.920102,32.854152,1643.6,8.396,4,OK
35560,DESCENT,-0.2597,-0.0206,1.0429,0.01154,0.01716,-0.00332,83148.7,1642.5,39.920142,32.854057,1642.6,8.396,4,OK
35570,DESCENT,-0.33,-0.0311,0.9409,-0.00905,0.00303,0.00034,83234.3,1640.2,39.920087,32.854053,1640.3,8.396,4,OK
35580,DESCENT,-0.3401,-0.0337,1.0732,0.00124,0.00614,-0.00522,83071.2,1639.9,39.920078,32.854086,1639.8,8.396,4,OK
35590,DESCENT,-0.2701,0.0862,1.0572,-0.00171,-0.01494,-0.01324,83040.9,1639.4,39.920061,32.854085,1639.3,8.396,4,OK
35600,DESCENT,-0.2681,-0.0307,1.0891,-0.01434,0.01117,0.00808,83143.1,1637.3,39.92011,32.854066,1637.1,8.396,4,OK
35610,DESCENT,-0.3605,-0.0258,0.975,-0.00724,0.00953,-0.00333,83167.1,1635.7,39.920102,32.854101,1635.7,8.396,4,OK
35620,DESCENT,-0.2556,0.062,0.9181,-0.00788,-0.0035,-0.00735,83210.4,1634.4,39.920077,32.854021,1634.4,8.396,4,OK
35630,DESCENT,-0.3506,-0.0202,0.982,-0.01023,0.00363,0.00289,83119.4,1633.9,39.920085,32.85414,1633.9,8.396,4,OK
35640,DESCENT,-0.2997,0.0146,1.0372,-0.00875,0.01544,0.01008,83175.8,1632.3,39.920104,32.854094,1632.4,8.396,4,OK
35650,DESCENT,-0.3717,0.0376,1.0057,-0.00634,-0.00044,-0.00655,83155.0,1630.1,39.920114,32.85409,1630.1,8.396,4,OK
35660,DESCENT,-0.3443,0.0165,0.9641,0.01549,-0.01072,-0.00732,83207.7,1630.2,39.920063,32.854163,1630.1,8.396,4,OK
35670,DESCENT,-0.2739,-0.0205,1.0249,0.02088,0.00136,-0.00285,83119.0,1629.0,39.920083,32.854036,1629.0,8.396,4,OK
35680,DESCENT,-0.4272,0.0309,0.9235,0.01265,0.01897,0.004,83218.3,1627.4,39.920112,32.854103,1627.4,8.396,4,OK
35690,DESCENT,-0.3318,-0.0141,0.922,-0.00229,-0.00036,-0.00487,83309.5,1627.0,39.920111,32.854162,1627.1,8.396,4,OK
35700,DESCENT,-0.3183,0.019,0.9241,-0.00381,0.01028,-0.02574,83289.2,1625.8,39.920094,32.85411,1625.9,8.396,4,OK
35710,DESCENT,-0.2466,0.0087,0.9951,-0.02041,0.00446,-0.0042,83305.9,1623.5,39.920066,32.854104,1623.5,8.396,4,OK
35720,DESCENT,-0.2794,0.0199,1.0697,0.0077,-0.01844,-0.0024,83428.9,1622.1,39.920073,32.854047,1621.8,8.396,4,OK
35730,DESCENT,-0.2871,-0.0535,0.9968,-0.00485,0.00173,0.01418,83242.9,1621.4,39.920111,32.854114,1621.4,8.396,4,OK
35740,DESCENT,-0.4072,0.0392,0.9258,0.00998,0.01174,0.0136,83321.0,1619.8,39.920109,32.85404,1619.8,8.396,4,OK
35750,DESCENT,-0.2551,0.0625,1.0855,0.00747,0.00278,-0.01182,83403.6,1618.3,39.920124,32.85409,1618.3,8.396,4,OK
35760,DESCENT,-0.3592,0.0306,0.9816,0.016,0.01045,-0.00769,83365.9,1617.1,39.920088,32.854078,1617.1,8.396,4,OK
35770,DESCENT,-0.252,-0.1147,0.9597,0.00308,-0.00122,0.02244,83325.8,1617.5,39.920064,32.854055,1617.5,8.396,4,OK
35780,DESCENT,-0.3467,0.0225,0.9759,-0.00357,-0.00162,0.00223,83279.0,1615.4,39.920104,32.854087,1615.3,8.396,4,OK
35790,DESCENT,-0.2329,0.0048,0.932,-0.00942,0.00012,0.00033,83418.0,1613.7,39.92011,32.854007,1613.7,8.396,4,OK
35800,DESCENT,-0.2802,-0.0132,0.9978,0.00184,-0.00579,0.01092,83360.2,1613.5,39.920069,32.854053,1613.5,8.396,4,OK
35810,DESCENT,-0.2694,-0.0284,0.9751,0.01654,0.00265,0.00425,83357.3,1612.0,39.920106,32.854118,1611.9,8.396,4,OK
35820,DESCENT,-0.2247,-0.0861,0.9671,0.00181,-0.00842,0.00061,83410.6,1610.9,39.920056,32.854113,1610.9,8.396,4,OK
35830,DESCENT,-0.2404,-0.0144,1.0096,0.00167,-0.0026,0.00747,83431.0,1608.6,39.920116,32.854081,1608.5,8.396,4,OK
35840,DESCENT,-0.2809,-0.0305,0.8787,0.00373,-0.01088,-0.00393,83354.3,1607.9,39.920185,32.854079,1608.0,8.396,4,OK
35850,DESCENT,-0.2736,0.0051,0.9834,0.01677,-0.01411,-0.00824,83441.3,1607.5,39.920076,32.854114,1607.5,8.396,4,OK
35860,DESCENT,-0.3559,0.0164,0.9485,-0.00055,-0.00169,-0.00547,83406.9,1605.5,39.920133,32.854116,1605.5,8.396,4,OK
35870,DESCENT,-0.3025,-0.0496,0.9823,0.00648,0.0056,-0.0056,83513.0,1603.7,39.920105,32.854078,1603.6,8.396,4,OK
35880,DESCENT,-0.2674,-0.0106,1.1078,-0.00372,-0.00794,-0.00407,83551.5,1602.7,39.920055,32.854121,1602.7,8.396,4,OK
35890,DESCENT,-0.3034,0.0044,0.9967,-0.00777,0.02182,0.01009,83478.5,1601.9,39.920122,32.854111,1601.9,8.396,4,OK
35900,DESCENT,-0.2725,0.004,1.0049,0.00044,-0.00547,-0.00741,83573.6,1600.8,39.920161,32.854116,1600.8,8.396,4,OK
35910,DESCENT,-0.3312,0.0519,1.0833,-0.00598,-0.00492,-0.00215,83552.9,1598.6,39.920118,32.85412,1598.6,8.396,4,OK
35920,DESCENT,-0.2566,-0.1475,1.0019,0.00047,-0.00179,-0.00537,83487.1,1597.5,39.920112,32.854138,1597.4,8.396,4,OK
35930,DESCENT,-0.2455,0.0358,1.0197,-0.00496,0.01315,-0.00267,83577.2,1596.6,39.920092,32.854092,1596.6,8.396,4,OK
35940,DESCENT,-0.2747,-0.0049,0.9796,0.00338,-0.00327,0.00703,83456.3,1595.7,39.920132,32.854109,1595.6,8.396,4,OK
35950,DESCENT,-0.3884,0.0325,0.9547,0.00141,0.01195,0.01091,83677.8,1594.7,39.920125,32.854141,1594.7,8.396,4,OK
35960,DESCENT,-0.227,0.0212,1.0169,0.00268,0.00163,-0.00018,83624.2,1593.3,39.920062,32.854098,1593.3,8.396,4,OK
35970,DESCENT,-0.3041,-0.0034,0.9524,-0.00281,-0.00615,0.00394,83516.8,1591.2,39.920083,32.85412,1591.1,8.396,4,OK
35980,DESCENT,-0.3153,0.0426,0.998,0.00043,-0.00208,-0.01033,83609.9,1591.2,39.92011,32.854082,1591.2,8.396,4,OK
35990,DESCENT,-0.2742,0.0439,1.0522,0.00321,0.0032,0.00239,83606.1,1589.8,39.920114,32.854181,1589.8,8.396,4,OK
36000,DESCENT,-0.2966,-0.0336,0.931,-0.00208,0.01612,-0.00531,83626.4,1588.5,39.92009,32.854118,1588.3,8.396,4,OK
36010,DESCENT,-0.2548,-0.0129,1.0466,-0.00091,-0.00873,-0.00943,83664.5,1586.6,39.920096,32.854083,1586.7,8.396,4,OK
36020,DESCENT,-0.3112,0.0275,0.9334,-0.01108,-0.00031,0.01178,83703.4,1586.3,39.920152,32.854107,1586.4,8.396,4,OK
36030,DESCENT,-0.3587,-0.0063,1.0,-0.01018,0.00965,-0.0076,83722.5,1584.4,39.920075,32.854153,1584.5,8.396,4,OK
36040,DESCENT,-0.1929,0.0397,0.9681,-0.00608,0.02031,0.01059,83660.1,1583.6,39.920119,32.854087,1583.8,8.396,4,OK
36050,DESCENT,-0.2341,-0.0044,1.077,0.00467,-0.00841,0.01255,83702.6,1581.6,39.920087,32.854008,1581.6,8.396,4,OK
36060,DESCENT,-0.2637,-0.0077,0.9948,0.0006,0.0037,0.0151,83717.3,1580.2,39.920117,32.854145,1580.0,8.396,4,OK
36070,DESCENT,-0.2772,-0.024,1.0989,0.0001,-0.00228,0.00472,83742.4,1579.5,39.920095,32.854091,1579.4,8.396,4,OK
36080,DESCENT,-0.3308,-0.0599,1.0013,-0.011,-0.00266,0.00162,83704.4,1577.4,39.920149,32.854075,1577.5,8.396,4,OK
36090,DESCENT,-0.2684,-0.0951,1.0221,0.00678,0.00143,-0.00777,83719.0,1577.4,39.920082,32.854066,1577.4,8.396,4,OK
36100,DESCENT,-0.2634,-0.023,1.0214,0.00303,-0.0103,0.00492,83807.6,1575.7,39.920083,32.854121,1575.8,8.396,4,OK
36110,DESCENT,-0.1727,0.0881,0.9163,0.01152,0.00516,0.00243,83736.1,1574.1,39.920072,32.854178,1574.1,8.396,4,OK
36120,DESCENT,-0.3299,0.0595,1.0254,2e-05,0.00948,-0.00397,83807.2,1573.4,39.920069,32.854075,1573.4,8.396,4,OK
36130,DESCENT,-0.2074,-0.0044,0.9921,-0.00023,0.01516,-0.00223,83774.0,1572.1,39.920134,32.854068,1572.1,8.396,4,OK
36140,DESCENT,-0.3197,-0.1025,0.9953,0.0241,0.00145,0.00167,83764.7,1571.3,39.920018,32.854161,1571.4,8.396,4,OK
36150,DESCENT,-0.2732,-0.0065,1.1018,-0.01244,0.00517,-0.01222,83846.5,1570.3,39.920081,32.854047,1570.3,8.396,4,OK
36160,DESCENT,-0.2177,-0.0412,0.9612,-0.00515,-0.00945,0.00417,83845.2,1568.0,39.920108,32.854052,1568.1,8.396,4,OK
36170,DESCENT,-0.2647,-0.0135,1.0048,-0.0118,0.01575,-0.00696,83915.7,1567.0,39.920091,32.854108,1566.8,8.396,4,OK
36180,DESCENT,-0.2761,0.0553,0.9204,0.01268,-0.01191,0.00863,84006.0,1565.5,39.920084,32.854097,1565.5,8.396,4,OK
36190,DESCENT,-0.3243,-0.0305,0.9945,0.00193,-0.00685,0.00953,83884.0,1564.6,39.920115,32.85407,1564.5,8.396,4,OK
36200,DESCENT,-0.2275,-0.0159,0.9653,-0.01651,-0.01401,0.00366,83905.6,1564.9,39.920109,32.854073,1564.8,8.396,4,OK
36210,DESCENT,-0.3139,0.0123,1.0298,0.01568,0.00369,0.00227,84043.9,1562.4,39.920161,32.854089,1562.5,8.396,4,OK
36220,DESCENT,-0.2385,-0.0249,0.943,0.00895,0.01391,-0.00397,83868.7,1560.6,39.920113,32.8541,1560.5,8.396,4,OK
36230,DESCENT,-0.3617,0.047,0.9643,-0.00779,0.00458,0.00378,83984.0,1559.2,39.920115,32.854147,1559.2,8.396,4,OK
36240,DESCENT,-0.2838,0.0179,1.026,-0.01889,-0.00627,0.00083,83988.4,1558.5,39.920115,32.854075,1558.6,8.396,4,OK
36250,DESCENT,-0.2088,-0.0005,0.9652,-0.01094,-0.00923,-0.0018,83879.5,1556.8,39.920087,32.854103,1556.8,8.396,4,OK
36260,DESCENT,-0.3912,-0.002,1.009,0.00497,0.00241,0.00099,84021.7,1556.2,39.920137,32.854071,1556.2,8.396,4,OK
36270,DESCENT,-0.2953,0.037,1.0336,-0.00345,-0.00578,-0.00802,83966.8,1554.9,39.920035,32.854122,1554.8,8.396,4,OK
36280,DESCENT,-0.3273,-0.1435,0.9562,-0.01268,0.00764,-0.00119,83962.3,1553.2,39.920124,32.854085,1553.3,8.396,4,OK
36290,DESCENT,-0.1991,-0.0303,0.9898,0.00838,-0.00011,-0.00243,83995.0,1552.9,39.920083,32.854086,1553.0,8.396,4,OK
36300,DESCENT,-0.2471,-0.1097,0.9861,0.00315,-0.00984,-0.01015,84090.6,1550.7,39.920042,32.854007,1550.9,8.396,4,OK
36310,DESCENT,-0.2899,-0.0151,1.0805,0.00721,-0.01283,-0.01908,84011.1,1549.8,39.920081,32.854142,1549.6,8.396,4,OK
36320,DESCENT,-0.2377,0.0649,0.9965,-0.00693,-0.0274,-0.00421,83998.2,1548.7,39.920083,32.854082,1548.8,8.396,4,OK
36330,DESCENT,-0.2677,-0.0262,0.9487,0.00703,0.01276,-0.00138,84089.4,1547.1,39.92009,32.854033,1547.1,8.396,4,OK
36340,DESCENT,-0.24,0.0378,1.0015,-0.00431,0.00478,-0.00536,84119.7,1545.7,39.920095,32.85412,1545.8,8.396,4,OK
36350,DESCENT,-0.2855,-0.0548,1.0295,-0.0099,0.00396,0.00216,84196.9,1545.1,39.920115,32.854076,1545.2,8.396,4,OK
36360,DESCENT,-0.1566,0.0219,0.9793,-0.00477,0.01362,0.00566,84188.1,1543.3,39.920097,32.854126,1543.2,8.396,4,OK
36370,DESCENT,-0.2317,0.1073,1.0338,-0.00246,0.00848,0.00769,84077.3,1542.1,39.920091,32.854061,1542.1,8.396,4,OK
36380,DESCENT,-0.2959,0.044,1.0291,-0.01141,-0.00378,0.00766,84198.6,1540.4,39.920107,32.854116,1540.5,8.396,4,OK
36390,DESCENT,-0.2263,-0.0556,1.0237,-0.01286,0.00583,0.00374,84143.2,1539.5,39.920102,32.854116,1539.6,8.396,4,OK
36400,DESCENT,-0.2576,-0.0953,0.9621,0.00689,-0.00395,0.00407,84175.8,1538.0,39.920124,32.854086,1538.0,8.396,4,OK
36410,DESCENT,-0.3272,0.0206,1.0477,-0.00249,-0.00175,-0.00285,84159.0,1537.3,39.920103,32.854075,1537.2,8.396,4,OK
36420,DESCENT,-0.2444,-0.0247,1.0729,-0.00495,-0.01084,0.00945,84169.7,1535.9,39.920127,32.854091,1535.9,8.396,4,OK
36430,DESCENT,-0.1026,0.0468,1.0225,-0.00196,0.00795,-0.00096,84154.0,1534.9,39.920079,32.854034,1534.9,8.396,4,OK
36440,DESCENT,-0.1547,0.0623,0.9877,-0.00737,-0.00135,0.01135,84143.0,1534.5,39.9201,32.854079,1534.5,8.396,4,OK
36450,DESCENT,-0.3025,0.0101,0.9789,-0.00681,0.0016,-0.0135,84200.2,1532.3,39.920137,32.854111,1532.3,8.396,4,OK
36460,DESCENT,-0.3604,-0.0102,0.9905,0.01428,-0.00269,-0.00844,84208.3,1530.1,39.920072,32.854054,1530.1,8.396,4,OK
36470,DESCENT,-0.2165,0.0018,1.0292,0.01604,-0.0117,-0.00886,84261.8,1529.3,39.920027,32.854092,1529.1,8.396,4,OK
36480,DESCENT,-0.1594,-0.0613,0.9555,0.01295,-0.02202,-0.00439,84197.8,1528.0,39.920145,32.854045,1527.9,8.396,4,OK
36490,DESCENT,-0.2675,-0.0313,0.9785,-0.00735,-0.01401,0.0004,84245.9,1526.8,39.920118,32.854082,1526.8,8.396,4,OK
36500,DESCENT,-0.2429,-0.0549,1.0394,-0.0059,-0.00043,-0.00616,84218.4,1525.7,39.920106,32.854103,1525.8,8.396,4,OK
36510,DESCENT,-0.3006,0.0149,0.996,0.00085,-0.00932,-0.00153,84309.5,1524.5,39.920128,32.854131,1524.5,8.396,4,OK
36520,DESCENT,-0.2866,0.0505,0.9891,-0.00757,0.01193,0.00031,84310.9,1523.3,39.920104,32.854093,1523.4,8.396,4,OK
36530,DESCENT,-0.2598,0.0128,1.0678,0.015,0.0065,-0.01231,84307.6,1521.9,39.920075,32.854087,1521.9,8.396,4,OK
36540,DESCENT,-0.1996,-0.0185,1.0139,-0.00522,-0.00277,-0.00634,84366.6,1520.6,39.920097,32.854153,1520.5,8.396,4,OK
36550,DESCENT,-0.2882,0.0213,1.0499,0.00979,-0.00275,0.01746,84196.6,1519.9,39.9201,32.854085,1519.9,8.396,4,OK
36560,DESCENT,-0.2464,0.0731,0.9303,-0.01126,0.00404,0.00327,84328.3,1518.0,39.920099,32.854061,1518.1,8.396,4,OK
36570,DESCENT,-0.2702,0.0034,1.095,-0.00397,-7e-05,0.00818,84325.5,1517.3,39.92005,32.854078,1517.3,8.396,4,OK
36580,DESCENT,-0.3137,0.0895,0.9823,-0.00556,0.01917,-0.01512,84387.3,1515.5,39.920103,32.854138,1515.6,8.396,4,OK
36590,DESCENT,-0.2448,-0.0248,1.0108,0.01556,0.00438,0.00889,84401.6,1513.2,39.920111,32.854117,1513.4,8.396,4,OK
36600,DESCENT,-0.3205,0.0402,0.9778,0.00755,-0.00028,0.01064,84301.4,1513.4,39.920101,32.854085,1513.5,8.396,4,OK
36610,DESCENT,-0.3062,0.0255,1.0475,-0.01048,-0.00182,-0.02253,84429.8,1512.7,39.920097,32.854096,1512.7,8.396,4,OK
36620,DESCENT,-0.272,0.0199,0.9646,0.00435,0.01234,0.01359,84487.9,1510.2,39.920128,32.854115,1510.0,8.396,4,OK
36630,DESCENT,-0.2516,-0.1085,0.9534,0.00591,0.0048,0.00523,84452.0,1509.4,39.920098,32.854132,1509.3,8.396,4,OK
36640,DESCENT,-0.2086,0.0233,1.1044,0.01231,-0.00747,0.00831,84435.9,1508.4,39.92008,32.854109,1508.5,8.396,4,OK
36650,DESCENT,-0.2225,-0.0103,0.9252,0.00565,0.00432,0.01914,84536.5,1507.1,39.920087,32.85416,1507.2,8.396,4,OK
36660,DESCENT,-0.2528,-0.0186,1.0234,-0.00248,0.00383,0.0017,84543.1,1505.3,39.920103,32.85413,1505.2,8.396,4,OK
36670,DESCENT,-0.2751,-0.0052,1.0517,-0.00731,0.02946,-0.00085,84488.8,1505.2,39.920117,32.854133,1505.0,8.396,4,OK
36680,DESCENT,-0.2941,-0.0303,0.974,-0.01194,0.00761,0.00115,84566.8,1503.3,39.920148,32.854045,1503.5,8.396,4,OK
36690,DESCENT,-0.3222,-0.0059,1.0073,0.00357,-0.00435,-0.01028,84502.8,1502.4,39.920111,32.854152,1502.4,8.396,4,OK
36700,DESCENT,-0.2558,-0.0781,0.9918,-0.00871,-0.02035,-0.0167,84544.0,1501.7,39.920061,32.854079,1501.7,8.396,4,OK
36710,DESCENT,-0.2656,0.1034,0.9817,0.00383,-0.01329,0.00999,84494.8,1499.7,39.920084,32.85412,1499.5,8.396,4,OK
36720,DESCENT,-0.2768,0.0857,0.842,-0.01117,0.03496,0.00157,84686.8,1497.0,39.920064,32.85412,1496.9,8.396,4,OK
36730,DESCENT,-0.324,0.0524,1.0243,0.00831,0.00177,-0.01111,84562.0,1496.7,39.920116,32.854129,1496.7,8.396,4,OK
36740,DESCENT,-0.3323,-0.0032,1.0376,-0.01051,-0.0011,0.01334,84589.2,1496.0,39.920067,32.854119,1495.9,8.396,4,OK
36750,DESCENT,-0.2769,-0.0299,0.9545,-0.00248,0.00215,-0.00347,84615.5,1494.4,39.920127,32.854126,1494.3,8.396,4,OK
36760,DESCENT,-0.1836,-0.1207,1.0692,-0.00449,0.029,-0.0218,84656.5,1493.4,39.920105,32.854105,1493.3,8.396,4,OK
36770,DESCENT,-0.2229,0.0453,1.0276,0.00846,0.0373,0.01399,84741.5,1491.4,39.920027,32.854084,1491.4,8.396,4,OK
36780,DESCENT,-0.2371,0.0642,0.9942,0.01772,0.00968,-0.0017,84740.1,1491.0,39.920063,32.854062,1490.9,8.396,4,OK
36790,DESCENT,-0.2024,-0.0471,0.9529,-0.00656,-0.02163,-0.00561,84651.3,1489.0,39.920146,32.854044,1489.1,8.396,4,OK
36800,DESCENT,-0.2022,0.0657,1.0555,0.00119,-0.0106,0.01164,84655.6,1489.6,39.920101,32.854104,1489.5,8.396,4,OK
36810,DESCENT,-0.2348,0.0008,0.9942,-0.00766,0.00435,0.00329,84706.4,1486.6,39.920083,32.854123,1486.6,8.396,4,OK
36820,DESCENT,-0.2409,0.0163,1.006,0.00104,-0.00354,-0.01819,84635.4,1485.8,39.920085,32.85407,1485.7,8.396,4,OK
36830,DESCENT,-0.225,0.0055,1.1529,0.00507,0.00908,0.0028,84630.6,1484.8,39.920027,32.854026,1484.7,8.396,4,OK
36840,DESCENT,-0.2361,0.0285,0.9322,0.00469,0.00832,0.02101,84809.6,1483.2,39.920089,32.854182,1483.1,8.396,4,OK
36850,DESCENT,-0.2342,0.0677,0.9832,0.02126,0.00099,0.00814,84725.7,1481.4,39.920081,32.854133,1481.5,8.396,4,OK
36860,DESCENT,-0.3024,0.001,1.0232,0.01292,0.01571,-0.00035,84778.4,1481.1,39.92008,32.854068,1481.1,8.396,4,OK
36870,DESCENT,-0.2433,0.0106,1.0762,-0.0182,-0.00081,-0.00204,84722.0,1479.4,39.920059,32.854108,1479.4,8.396,4,OK
36880,DESCENT,-0.3299,-0.004,1.0094,-0.00472,-0.01133,0.01232,84794.4,1478.6,39.920102,32.854118,1478.4,8.396,4,OK
36890,DESCENT,-0.1851,-0.0525,0.9439,0.00157,-0.00752,-0.0087,84754.1,1477.1,39.920079,32.854112,1477.0,8.396,4,OK
36900,DESCENT,-0.3234,0.0585,0.9641,0.00851,0.01616,0.00252,84776.0,1476.2,39.920101,32.8541,1476.2,8.396,4,OK
36910,DESCENT,-0.3197,-0.0243,1.0115,0.00217,0.00059,-0.00403,84827.5,1475.1,39.920096,32.854102,1475.2,8.396,4,OK
36920,DESCENT,-0.2891,0.0231,0.9092,0.00689,0.01293,0.00452,84861.7,1473.4,39.9201,32.854041,1473.3,8.396,4,OK
36930,DESCENT,-0.2162,-0.0274,0.9828,-0.0008,0.00132,-0.00777,84834.7,1472.3,39.920113,32.854102,1472.5,8.396,4,OK
36940,DESCENT,-0.2247,0.1042,1.0082,0.00105,-0.01966,0.00093,84881.8,1471.1,39.920141,32.854128,1471.2,8.396,4,OK
36950,DESCENT,-0.2265,-0.0064,1.0797,-0.00198,-0.01043,-0.00366,84872.8,1470.2,39.920107,32.854173,1470.3,8.396,4,OK
36960,DESCENT,-0.3293,-0.0339,0.9976,0.00409,0.00896,-0.01729,84881.4,1468.2,39.920108,32.854118,1468.2,8.396,4,OK
36970,DESCENT,-0.3004,0.006,0.9829,0.00831,-0.00114,-0.00086,84873.3,1466.1,39.920125,32.854149,1466.1,8.396,4,OK
36980,DESCENT,-0.1728,0.0159,1.0537,-0.00835,0.00316,-0.00258,84969.7,1465.8,39.92014,32.854143,1465.7,8.396,4,OK
36990,DESCENT,-0.1929,-0.0131,0.8047,-0.01594,-0.00305,-0.0029,84951.8,1464.5,39.920161,32.854073,1464.3,8.396,4,OK
37000,DESCENT,-0.159,0.0506,0.9749,-0.01714,-0.00331,0.00011,84962.9,1463.5,39.920154,32.854095,1463.5,8.396,4,OK
37010,DESCENT,-0.2772,-0.0138,0.9605,-0.0034,-0.01244,0.00338,84947.6,1461.1,39.920068,32.854065,1461.0,8.396,4,OK
37020,DESCENT,-0.2468,0.0281,0.9017,-0.01099,-0.00286,-0.00049,84953.9,1460.8,39.920127,32.854113,1460.7,8.396,4,OK
37030,DESCENT,-0.292,0.0185,1.006,0.01321,0.00014,0.0035,84883.8,1460.1,39.920146,32.85401,1460.0,8.396,4,OK
37040,DESCENT,-0.323,-0.0026,1.0354,0.00174,0.01118,0.00645,84993.5,1457.8,39.920083,32.854057,1457.8,8.396,4,OK
37050,DESCENT,-0.2503,0.0035,1.0284,-0.00222,-0.00128,0.00052,84972.4,1456.4,39.920085,32.854096,1456.3,8.396,4,OK
37060,DESCENT,-0.329,0.0944,0.9492,-0.00025,0.00767,0.00641,84988.3,1455.1,39.920091,32.854111,1455.1,8.396,4,OK
37070,DESCENT,-0.2657,0.0741,1.1654,-0.00269,-0.01683,0.00351,85050.8,1454.7,39.920105,32.854087,1454.7,8.396,4,OK
37080,DESCENT,-0.1969,0.0573,0.9973,0.01249,0.01336,0.00841,84976.4,1452.0,39.920119,32.854075,1452.0,8.396,4,OK
37090,DESCENT,-0.2266,0.0511,1.0295,-0.00207,0.01921,0.01449,85136.1,1452.7,39.920096,32.854081,1452.6,8.396,4,OK
37100,DESCENT,-0.2379,-0.0415,0.9809,-0.00483,0.00164,-0.00078,85027.3,1449.7,39.920114,32.854098,1449.5,8.396,4,OK
37110,DESCENT,-0.2412,-0.0335,0.8895,0.00421,0.00987,0.00891,85040.9,1449.7,39.920128,32.85411,1449.6,8.396,4,OK
37120,DESCENT,-0.2165,0.0598,1.017,0.0033,0.00251,-0.00305,85061.9,1448.7,39.920145,32.85405,1448.7,8.396,4,OK
37130,DESCENT,-0.2906,0.0267,1.0552,0.01479,0.01521,0.00326,85088.1,1446.4,39.920108,32.854105,1446.4,8.396,4,OK
37140,DESCENT,-0.2499,0.005,1.0259,0.00505,-0.00145,0.00565,85202.1,1445.7,39.920102,32.854073,1445.6,8.396,4,OK
37150,DESCENT,-0.3312,0.0013,1.0409,0.00731,-0.00535,0.01504,85095.8,1443.5,39.920142,32.854054,1443.5,8.396,4,OK
37160,DESCENT,-0.3668,0.0474,1.0029,0.00188,0.00313,-0.00806,85158.7,1443.2,39.920069,32.854084,1443.1,8.396,4,OK
37170,DESCENT,-0.2119,0.0275,1.0381,-0.00128,0.00702,-0.01286,85163.5,1440.8,39.920118,32.85409,1440.9,8.396,4,OK
37180,DESCENT,-0.3385,-0.063,1.0575,0.0002,-0.00768,-0.0047,85132.4,1439.8,39.920121,32.854082,1439.7,8.396,4,OK
37190,DESCENT,-0.2435,-0.0154,0.9759,-0.0086,-0.00697,0.01392,85187.9,1440.1,39.92012,32.854067,1440.0,8.396,4,OK
37200,DESCENT,-0.3535,-0.0283,1.0194,0.01442,-0.00313,0.00292,85210.8,1438.0,39.920073,32.854108,1438.0,8.396,4,OK
37210,DESCENT,-0.1921,0.0064,0.9878,-0.01046,0.00559,0.01402,85094.1,1435.9,39.920132,32.85413,1435.9,8.396,4,OK
37220,DESCENT,-0.2047,0.1078,1.0079,-0.02153,0.00968,0.00944,85284.7,1435.4,39.920079,32.854092,1435.4,8.396,4,OK
37230,DESCENT,-0.1781,0.0132,0.9831,0.01362,-0.00452,0.0043,85285.9,1433.6,39.920097,32.854173,1433.6,8.396,4,OK
37240,DESCENT,-0.2654,-0.0021,0.9626,-0.00571,0.00089,0.00399,85242.8,1432.6,39.920064,32.854118,1432.7,8.396,4,OK
37250,DESCENT,-0.226,-0.0161,0.999,-0.00845,-0.01682,-0.00556,85280.5,1431.3,39.920089,32.854091,1431.3,8.396,4,OK
37260,DESCENT,-0.2414,-0.0343,1.0717,0.0094,0.00702,0.00713,85321.7,1430.0,39.920124,32.85413,1429.9,8.396,4,OK
37270,DESCENT,-0.2648,0.0151,1.0288,-0.01412,0.00882,-0.00541,85249.8,1428.6,39.920102,32.854098,1428.5,8.396,4,OK
37280,DESCENT,-0.2425,0.0359,0.9901,-0.00354,-0.00111,0.00804,85281.9,1428.4,39.920093,32.854101,1428.4,8.396,4,OK
37290,DESCENT,-0.2383,0.0363,0.9858,0.01663,-0.00108,-0.00697,85271.9,1426.7,39.920117,32.854109,1426.7,8.396,4,OK
37300,DESCENT,-0.2752,-0.0112,0.9994,-0.00212,0.00326,0.00512,85322.0,1425.1,39.920071,32.854079,1425.1,8.396,4,OK
37310,DESCENT,-0.3182,0.016,0.9542,-0.00687,-0.01324,-0.00339,85390.6,1423.7,39.920113,32.854144,1423.7,8.396,4,OK
37320,DESCENT,-0.1438,-0.0773,0.9205,-0.00085,-0.00475,0.00524,85341.7,1423.0,39.920089,32.854127,1422.9,8.396,4,OK
37330,DESCENT,-0.2034,-0.0151,1.0665,-0.01209,-0.00149,0.01354,85357.5,1421.7,39.920098,32.854116,1421.7,8.396,4,OK
37340,DESCENT,-0.1736,-0.0798,0.9074,0.01312,-0.01496,-0.00299,85305.2,1419.5,39.920132,32.85408,1419.7,8.396,4,OK
37350,DESCENT,-0.2299,-0.017,1.0214,-0.00167,-0.00611,0.00887,85412.1,1418.9,39.920131,32.854138,1418.9,8.396,4,OK
37360,DESCENT,-0.2785,-0.0019,1.1026,0.00392,0.0055,-0.01511,85383.5,1417.2,39.920083,32.85412,1417.2,8.396,4,OK
37370,DESCENT,-0.1869,0.0144,0.955,-0.00837,0.01071,-0.00748,85472.0,1417.2,39.920109,32.854195,1417.3,8.396,4,OK
37380,DESCENT,-0.2798,-0.0052,0.9438,0.00235,0.00888,0.01858,85467.9,1414.9,39.92005,32.85413,1414.8,8.396,4,OK
37390,DESCENT,-0.2305,-0.0742,0.9522,-0.00594,0.01182,-0.00353,85483.6,1413.3,39.920109,32.854171,1413.4,8.396,4,OK
37400,DESCENT,-0.1877,0.0829,1.0548,-0.00355,0.0029,-0.01055,85507.9,1411.7,39.9201,32.854055,1411.8,8.396,4,OK
37410,DESCENT,-0.2681,0.0599,1.0039,0.00304,0.00809,0.00695,85464.5,1411.5,39.920123,32.854077,1411.5,8.396,4,OK
37420,DESCENT,-0.1434,0.0705,1.0099,0.00367,-0.01065,0.01606,85541.7,1409.6,39.920085,32.85405,1409.8,8.396,4,OK
37430,DESCENT,-0.2038,-0.0036,1.0071,-0.00098,-0.00211,0.00871,85492.6,1407.9,39.920139,32.854048,1407.9,8.396,4,OK
37440,DESCENT,-0.2114,-0.0473,1.0032,-0.00609,-0.00417,-0.00648,85564.1,1406.1,39.920132,32.854038,1406.2,8.396,4,OK
37450,DESCENT,-0.2812,-0.0353,0.9541,0.02123,0.01159,-0.01225,85567.5,1406.8,39.920096,32.854124,1406.9,8.396,4,OK
37460,DESCENT,-0.184,0.0407,0.9496,0.0063,-0.00379,0.00155,85617.9,1404.9,39.920088,32.85407,1405.1,8.396,4,OK
37470,DESCENT,-0.2527,-0.0172,1.1286,-0.00988,-0.01438,0.01226,85573.7,1403.2,39.920117,32.854039,1403.3,8.396,4,OK
37480,DESCENT,-0.1301,0.0782,0.9755,-0.0019,-0.00314,0.0152,85597.7,1402.2,39.920096,32.854117,1402.3,8.396,4,OK
37490,DESCENT,-0.1361,0.0514,1.0341,0.01065,0.00266,0.01076,85608.1,1400.5,39.920059,32.854105,1400.4,8.396,4,OK
37500,DESCENT,-0.1554,-0.0642,1.0699,0.00325,0.01358,-0.00415,85572.3,1399.4,39.920119,32.854097,1399.3,8.396,4,OK
37510,DESCENT,-0.2239,0.0334,1.0486,0.02911,0.00411,0.01695,85597.2,1398.4,39.920103,32.854106,1398.4,8.396,4,OK
37520,DESCENT,-0.2726,0.0417,0.9803,-0.00486,-0.01149,0.01056,85623.0,1396.6,39.920108,32.854045,1396.7,8.396,4,OK
37530,DESCENT,-0.2094,-0.0017,1.0026,-0.0002,-0.00687,-0.02799,85637.8,1396.3,39.920076,32.854174,1396.3,8.396,4,OK
37540,DESCENT,-0.1719,0.0174,1.0348,0.0094,-0.00603,-0.01895,85682.7,1395.0,39.920123,32.854102,1395.1,8.396,4,OK
37550,DESCENT,-0.2318,0.0578,1.0115,0.00433,-0.00239,0.00822,85713.6,1394.1,39.920054,32.854104,1394.1,8.396,4,OK
37560,DESCENT,-0.2496,0.0417,0.9688,-0.0026,-0.01411,0.0017,85704.7,1391.8,39.920094,32.854101,1391.8,8.396,4,OK
37570,DESCENT,-0.2783,-0.0021,0.9207,0.01038,-0.00043,-0.0002,85715.8,1390.7,39.920141,32.854116,1390.7,8.396,4,OK
37580,DESCENT,-0.2985,0.0277,1.0856,-0.0116,-0.00614,0.00668,85777.0,1389.4,39.920095,32.85417,1389.4,8.396,4,OK
37590,DESCENT,-0.3414,0.0011,0.9992,-0.01238,-0.0052,0.00305,85736.0,1388.1,39.920104,32.854183,1388.1,8.396,4,OK
37600,DESCENT,-0.1996,-0.0792,1.0645,0.01555,0.00689,-0.00269,85820.9,1387.0,39.920094,32.854058,1387.2,8.396,4,OK
37610,DESCENT,-0.2989,0.0204,1.0439,-0.00162,-0.00147,-0.00573,85772.1,1385.6,39.920124,32.854068,1385.5,8.396,4,OK
37620,DESCENT,-0.2464,-0.0926,1.0137,0.00545,0.00437,0.00213,85754.9,1384.3,39.920074,32.854038,1384.5,8.396,4,OK
37630,DESCENT,-0.2415,0.0524,0.9568,-0.00304,0.00311,-0.00387,85878.0,1383.4,39.920089,32.85409,1383.3,8.396,4,OK
37640,DESCENT,-0.3173,-0.0667,1.0041,0.01377,-0.00854,-0.00187,85751.6,1381.9,39.920097,32.854044,1381.8,8.396,4,OK
37650,DESCENT,-0.1781,-0.0507,0.9268,-0.00197,-0.0041,-0.00447,85825.5,1380.4,39.920072,32.854134,1380.5,8.396,4,OK
37660,DESCENT,-0.2037,0.0488,0.9391,0.00895,0.0024,0.01787,85864.9,1379.6,39.920084,32.854109,1379.4,8.396,4,OK
37670,DESCENT,-0.1573,-0.0178,0.9731,-0.00078,0.00409,-0.02029,85773.6,1377.9,39.920139,32.854018,1378.0,8.396,4,OK
37680,DESCENT,-0.3201,0.0675,1.0046,-0.00672,0.00065,0.00546,85796.0,1376.4,39.920113,32.854107,1376.5,8.396,4,OK
37690,DESCENT,-0.1746,-0.0007,1.0404,0.00858,-0.00058,-0.0049,85871.2,1375.9,39.920108,32.854075,1376.1,8.396,4,OK
37700,DESCENT,-0.2214,-0.0066,1.0149,-0.01452,0.00103,-0.01593,85896.4,1373.0,39.92007,32.854115,1373.0,8.396,4,OK
37710,DESCENT,-0.2481,-0.0328,0.9758,-0.00248,0.00745,-0.00622,85826.2,1371.9,39.920128,32.854103,1371.9,8.396,4,OK
37720,DESCENT,-0.127,-0.0064,0.999,0.008,0.00825,-0.00216,86018.1,1370.7,39.9201,32.854103,1370.8,8.396,4,OK
37730,DESCENT,-0.1514,0.0914,0.9662,0.0218,0.00602,-0.00609,85941.0,1369.5,39.920137,32.854114,1369.5,8.396,4,OK
37740,DESCENT,-0.1857,-0.0308,1.0251,0.01088,0.00369,0.0068,85967.8,1369.1,39.92012,32.854091,1369.1,8.396,4,OK
37750,DESCENT,-0.2097,0.0106,0.9409,-0.00239,0.00722,-0.00725,85894.7,1368.0,39.920104,32.854115,1367.9,8.396,4,OK
37760,DESCENT,-0.1342,0.0038,1.0045,0.00024,-0.00053,-0.01567,85892.7,1366.6,39.92011,32.854125,1366.6,8.396,4,OK
37770,DESCENT,-0.1988,-0.0295,0.9551,0.00495,0.01526,0.00383,85932.4,1364.8,39.920062,32.854103,1364.8,8.396,4,OK
37780,DESCENT,-0.143,-0.0775,0.9426,0.00548,0.00679,-0.00038,85979.4,1364.3,39.920091,32.854028,1364.1,8.396,4,OK
37790,DESCENT,-0.1749,0.128,0.9953,-0.01602,-0.00241,-0.00267,86041.9,1362.4,39.920121,32.854134,1362.3,8.396,4,OK
37800,DESCENT,-0.1939,0.0083,1.0568,-0.0021,0.00519,0.00489,85968.2,1361.0,39.920099,32.854085,1360.9,8.396,4,OK
37810,DESCENT,-0.1846,-0.042,1.0876,0.01021,0.01201,-0.00304,86007.2,1360.2,39.92008,32.854107,1360.1,8.396,4,OK
37820,DESCENT,-0.2351,-0.0015,0.9534,0.01571,-9e-05,0.00561,86021.9,1358.9,39.920076,32.854081,1359.1,8.396,4,OK
37830,DESCENT,-0.1264,-0.016,0.9912,-0.00939,-0.00014,-0.01472,86052.1,1357.6,39.92012,32.854083,1357.7,8.396,4,OK
37840,DESCENT,-0.2057,0.0235,1.0768,0.0051,0.01779,-0.01855,86039.4,1356.0,39.920049,32.854106,1356.0,8.396,4,OK
37850,DESCENT,-0.2501,0.0454,0.9629,0.00861,-0.01966,0.00594,86149.9,1354.0,39.920118,32.854035,1354.0,8.396,4,OK
37860,DESCENT,-0.3107,0.0241,1.0373,-0.00125,0.00917,-0.00234,86023.6,1353.1,39.920092,32.854093,1353.2,8.396,4,OK
37870,DESCENT,-0.2891,-0.0762,1.029,0.0075,-0.00303,-0.007,86090.2,1352.1,39.920086,32.854157,1352.1,8.396,4,OK
37880,DESCENT,-0.2483,-0.0637,1.0936,0.00544,-0.00339,-0.00657,86066.5,1351.6,39.920054,32.854117,1351.5,8.396,4,OK
37890,DESCENT,-0.265,-0.0052,1.0234,-0.00828,-0.01636,-0.01308,86082.6,1349.8,39.920103,32.854139,1349.7,8.396,4,OK
37900,DESCENT,-0.1962,-0.0668,0.9875,0.0076,-0.00596,0.00432,86184.1,1348.5,39.920128,32.854112,1348.6,8.396,4,OK
37910,DESCENT,-0.1828,0.0204,1.0056,0.00729,-0.00676,0.01501,86131.6,1347.4,39.920098,32.854092,1347.4,8.396,4,OK
37920,DESCENT,-0.2191,0.0887,1.0135,-0.00048,0.00908,0.00048,86150.0,1345.7,39.920134,32.854107,1345.7,8.396,4,OK
37930,DESCENT,-0.225,-0.0458,1.0353,0.00216,-0.0019,-0.01482,86096.2,1344.9,39.920104,32.854102,1345.0,8.396,4,OK
37940,DESCENT,-0.2558,-0.0086,0.9997,0.01808,0.00549,-0.01186,86238.6,1343.6,39.920054,32.85409,1343.7,8.396,4,OK
37950,DESCENT,-0.2222,-0.0208,1.0611,-0.00302,-0.01017,0.01273,86202.1,1342.4,39.920118,32.854123,1342.3,8.396,4,OK
37960,DESCENT,-0.2076,-0.0172,1.0085,-0.01126,0.00429,0.00223,86240.0,1340.7,39.920116,32.854092,1340.7,8.396,4,OK
37970,DESCENT,-0.2421,-0.0101,0.9961,0.00372,-0.00544,-0.00448,86155.7,1339.9,39.920105,32.854071,1339.7,8.396,4,OK
37980,DESCENT,-0.2649,0.1298,1.0283,-0.00053,-0.01194,-0.00165,86147.4,1338.0,39.920148,32.854097,1337.9,8.396,4,OK
37990,DESCENT,-0.2758,0.0768,0.9991,0.00104,-0.00174,-0.00539,86220.1,1338.0,39.920076,32.854117,1337.9,8.396,4,OK
38000,DESCENT,-0.2165,0.0147,1.0458,0.0065,0.00516,-0.01514,86265.1,1335.4,39.920147,32.85405,1335.3,8.396,4,OK
38010,DESCENT,-0.2531,0.0837,1.0429,0.00723,0.00117,0.00091,86241.9,1334.8,39.920147,32.854081,1334.9,8.396,4,OK
38020,DESCENT,-0.2332,0.0063,0.9956,-0.01249,0.00507,-0.00142,86263.0,1333.5,39.920065,32.854062,1333.7,8.396,4,OK
38030,DESCENT,-0.1054,-0.0689,1.0387,0.02108,0.00905,0.0019,86297.1,1331.3,39.920102,32.854131,1331.3,8.396,4,OK
38040,DESCENT,-0.1913,-0.0198,0.9952,-0.00782,0.00885,0.01575,86322.7,1330.6,39.92012,32.854107,1330.7,8.396,4,OK
38050,DESCENT,-0.1754,0.0634,1.054,-0.01068,-0.00201,0.00834,86301.0,1330.0,39.920099,32.8541,1330.0,8.396,4,OK
38060,DESCENT,-0.1794,0.0569,0.968,-0.01269,-0.00032,-0.0052,86356.7,1327.8,39.920075,32.854158,1327.7,8.396,4,OK
38070,DESCENT,-0.2485,0.0225,0.9873,-0.00493,-0.00407,-0.00675,86457.3,1326.8,39.92011,32.854121,1326.9,8.396,4,OK
38080,DESCENT,-0.2939,0.0427,0.951,0.011,0.00261,-0.00389,86350.1,1324.8,39.920115,32.854143,1324.5,8.396,4,OK
38090,DESCENT,-0.232,0.0208,0.9641,-0.00096,-0.01575,0.00438,86471.7,1323.7,39.92011,32.85409,1323.7,8.396,4,OK
38100,DESCENT,-0.1685,-0.0075,1.0106,0.01306,-0.01426,0.00956,86381.6,1322.9,39.920122,32.854087,1322.7,8.396,4,OK
38110,DESCENT,-0.2635,0.0086,0.9871,-0.0141,-0.00381,-0.00218,86447.9,1322.3,39.920055,32.854089,1322.4,8.396,4,OK
38120,DESCENT,-0.2835,0.0181,0.9597,0.01013,-0.01814,-0.01554,86448.8,1319.8,39.920063,32.854081,1319.8,8.396,4,OK
38130,DESCENT,-0.2158,-0.0353,1.033,0.00624,-0.00778,-0.00513,86417.9,1319.1,39.920075,32.85411,1319.0,8.396,4,OK
38140,DESCENT,-0.157,-0.0524,0.9699,0.00846,0.00509,-0.00347,86418.4,1317.2,39.92017,32.854019,1317.0,8.396,4,OK
38150,DESCENT,-0.157,-0.0996,0.951,-0.00099,0.00407,0.00507,86538.7,1316.0,39.920122,32.854066,1316.0,8.396,4,OK
38160,DESCENT,-0.2041,-0.0926,0.9584,0.01353,0.00238,0.01577,86446.0,1315.0,39.920055,32.854071,1314.9,8.396,4,OK
38170,DESCENT,-0.2427,0.0011,1.016,-0.01623,-0.01135,0.00926,86544.1,1313.6,39.920096,32.854107,1313.7,8.396,4,OK
38180,DESCENT,-0.2336,-0.0039,0.9796,0.01155,0.0175,-0.00878,86514.4,1313.1,39.92011,32.854095,1313.2,8.396,4,OK
38190,DESCENT,-0.2173,-0.0601,1.061,0.01083,-0.0064,-0.01098,86550.4,1311.6,39.920047,32.854201,1311.6,8.396,4,OK
38200,DESCENT,-0.1909,0.0097,0.9937,-0.01088,-0.00204,0.00248,86469.6,1310.0,39.920083,32.854031,1310.1,8.396,4,OK
38210,DESCENT,-0.258,0.0233,0.9763,-0.00638,-0.00789,0.01174,86503.8,1308.7,39.920135,32.854097,1308.6,8.396,4,OK
38220,DESCENT,-0.2536,-0.0,0.9623,-0.02211,0.00032,-0.01046,86529.3,1307.1,39.920071,32.854091,1307.0,8.396,4,OK
38230,DESCENT,-0.1503,-0.0127,0.9154,-0.01118,-0.0004,-0.00077,86582.2,1305.6,39.920107,32.854121,1305.7,8.396,4,OK
38240,DESCENT,-0.1928,-0.0148,1.0422,0.01373,-6e-05,0.01162,86612.3,1305.3,39.920114,32.854133,1305.2,8.396,4,OK
38250,DESCENT,-0.1702,0.0956,1.055,0.00409,-0.00949,-0.01268,86645.6,1303.4,39.920115,32.85416,1303.4,8.396,4,OK
38260,DESCENT,-0.1971,0.0751,1.0126,0.00814,-0.00753,0.00277,86673.2,1302.1,39.9201,32.854,1302.0,8.396,4,OK
38270,DESCENT,-0.1008,-0.1076,0.9307,0.00216,-0.00956,-0.00265,86659.6,1300.2,39.920055,32.854188,1300.4,8.396,4,OK
38280,DESCENT,-0.1665,0.0446,0.9814,0.00424,0.01152,-7e-05,86635.1,1299.8,39.920089,32.854048,1299.8,8.396,4,OK
38290,DESCENT,-0.2608,0.0142,0.9907,0.01068,0.0149,-0.00287,86632.1,1298.8,39.920065,32.854067,1298.7,8.396,4,OK
38300,DESCENT,-0.0971,-0.0189,0.9339,0.00146,0.00657,0.01483,86697.3,1297.6,39.920094,32.854094,1297.6,8.396,4,OK
38310,DESCENT,-0.2004,0.0335,0.9621,0.01489,0.00209,-0.01424,86659.1,1296.2,39.920089,32.854093,1296.3,8.396,4,OK
38320,DESCENT,-0.1646,-0.0552,0.9637,-0.00204,0.00746,-0.00803,86711.9,1294.0,39.920043,32.854135,1294.0,8.396,4,OK
38330,DESCENT,-0.2221,-0.0081,0.9144,0.00063,0.00042,0.00311,86651.9,1293.8,39.920062,32.854088,1293.6,8.396,4,OK
38340,DESCENT,-0.1481,0.0391,0.9692,-0.00361,0.00342,-0.00504,86707.3,1291.4,39.92011,32.854132,1291.3,8.396,4,OK
38350,DESCENT,-0.1972,0.0224,0.953,-0.00482,0.00535,0.00978,86842.8,1290.7,39.92013,32.854119,1290.6,8.396,4,OK
38360,DESCENT,-0.2326,-0.1222,0.9301,-0.00286,-0.01539,0.00029,86728.7,1289.5,39.920091,32.854108,1289.5,8.396,4,OK
38370,DESCENT,-0.2281,0.013,1.0043,-0.00087,-0.00492,0.01774,86736.8,1288.6,39.920117,32.854126,1288.6,8.396,4,OK
38380,DESCENT,-0.2411,0.0253,1.0658,0.01493,0.01482,0.01486,86721.8,1286.6,39.920091,32.854096,1286.5,8.396,4,OK
38390,DESCENT,-0.2509,0.0814,1.0124,-0.00172,-0.00037,0.01361,86790.3,1286.0,39.920132,32.854106,1285.9,8.396,4,OK
38400,DESCENT,-0.1076,-0.0254,1.0357,-0.0031,-0.00747,-0.01111,86783.3,1283.2,39.920095,32.854144,1283.3,8.396,4,OK
38410,DESCENT,-0.2861,-0.0823,1.0451,0.00051,0.00817,0.01014,86822.5,1282.8,39.920064,32.854088,1282.7,8.396,4,OK
38420,DESCENT,-0.2287,0.0489,1.058,0.00802,0.00499,0.00794,86908.7,1281.6,39.920086,32.854099,1281.6,8.396,4,OK
38430,DESCENT,-0.2234,-0.0682,0.9909,-0.01021,-0.00664,0.00503,86808.9,1280.0,39.920124,32.854099,1280.0,8.396,4,OK
38440,DESCENT,-0.1141,-0.0054,1.1363,0.00151,0.00973,-0.00627,86925.8,1278.7,39.920114,32.854159,1278.6,8.396,4,OK
38450,DESCENT,-0.1654,0.0209,0.9528,0.00342,-0.01543,-0.00886,86845.8,1277.6,39.920106,32.854097,1277.5,8.396,4,OK
38460,DESCENT,-0.1269,0.0123,0.9546,-0.00564,-0.02401,-0.00637,86925.7,1276.0,39.920084,32.854128,1276.0,8.396,4,OK
38470,DESCENT,-0.192,0.0603,1.0879,-0.00857,-0.00184,-0.00529,86859.0,1275.8,39.920119,32.854022,1275.9,8.396,4,OK
38480,DESCENT,-0.2088,-0.0034,0.9254,-0.00785,0.00798,-0.00403,86928.1,1273.3,39.920113,32.854123,1273.3,8.396,4,OK
38490,DESCENT,-0.1873,0.0436,0.9798,-0.01593,0.01814,0.02085,86977.7,1272.3,39.920119,32.854107,1272.4,8.396,4,OK
38500,DESCENT,-0.1987,-0.0506,0.9081,-0.00495,0.00365,-0.00665,86916.5,1270.9,39.920104,32.854079,1270.8,8.396,4,OK
38510,DESCENT,-0.2327,0.037,1.0614,-0.01026,0.0008,-0.00995,86941.0,1269.8,39.920074,32.854044,1269.7,8.396,4,OK
38520,DESCENT,-0.1551,-0.0359,1.0,-3e-05,-0.00434,-0.00366,86860.0,1268.4,39.920089,32.854127,1268.5,8.396,4,OK
38530,DESCENT,-0.1839,-0.0274,0.9295,-0.00942,-0.00729,-0.01395,87025.0,1267.7,39.920099,32.854113,1267.7,8.396,4,OK
38540,DESCENT,-0.0982,-0.0834,1.0282,-0.00302,0.01245,0.00181,86978.6,1265.5,39.920104,32.854103,1265.6,8.396,4,OK
38550,DESCENT,-0.2662,-0.0622,0.9513,0.00202,-0.00698,-0.01979,87009.6,1264.0,39.920115,32.854119,1263.9,8.396,4,OK
38560,DESCENT,-0.14,-0.0181,1.0076,0.01397,0.01701,0.00645,87034.2,1263.4,39.920102,32.854107,1263.3,8.396,4,OK
38570,DESCENT,-0.2267,-0.1099,0.983,0.00229,-0.00364,0.01386,86998.1,1261.9,39.920074,32.854083,1262.0,8.396,4,OK
38580,DESCENT,-0.2469,-0.0533,1.0481,0.00171,0.0055,0.00747,86999.3,1260.5,39.920084,32.854129,1260.6,8.396,4,OK
38590,DESCENT,-0.139,-0.0166,1.0635,-0.00096,-0.00451,-0.00103,87126.8,1260.2,39.92009,32.854117,1260.3,8.396,4,OK
38600,DESCENT,-0.1801,0.0622,0.9064,-0.01804,-0.00855,0.00486,87108.0,1258.8,39.920147,32.854086,1258.8,8.396,4,OK
38610,DESCENT,-0.2146,-0.0671,0.9156,-0.01588,-0.01758,0.00776,87100.9,1257.7,39.920125,32.854059,1257.8,8.396,4,OK
38620,DESCENT,-0.1521,-0.096,1.0085,-0.0185,0.00297,-0.01416,87050.4,1255.9,39.920112,32.854129,1255.9,8.396,4,OK
38630,DESCENT,-0.1109,-0.0268,1.0211,-0.00243,-0.01215,0.00974,87246.2,1253.7,39.920068,32.854061,1253.7,8.396,4,OK
38640,DESCENT,-0.2335,0.0164,1.0192,0.01211,0.01609,0.00193,87083.1,1252.3,39.920062,32.854077,1252.3,8.396,4,OK
38650,DESCENT,-0.1281,-0.0006,0.8595,0.00454,0.0273,0.00773,87146.2,1251.8,39.920106,32.854154,1251.8,8.396,4,OK
38660,DESCENT,-0.1609,0.0544,1.0062,-0.00313,0.00977,-0.0059,87164.0,1250.4,39.920064,32.854108,1250.2,8.396,4,OK
38670,DESCENT,-0.1505,0.0076,1.0524,-0.00886,0.00706,0.01299,87167.1,1248.3,39.920087,32.85411,1248.2,8.396,4,OK
38680,DESCENT,-0.1862,-0.0074,0.9191,-0.00114,-0.00591,0.00024,87142.3,1247.5,39.920111,32.854197,1247.5,8.396,4,OK
38690,DESCENT,-0.2196,-0.0439,0.9181,0.00192,0.00663,0.00762,87228.4,1246.8,39.920131,32.854065,1246.7,8.396,4,OK
38700,DESCENT,-0.1087,0.034,1.0408,-0.01552,-0.00409,-0.00217,87212.8,1245.0,39.920115,32.854108,1245.1,8.396,4,OK
38710,DESCENT,-0.1081,0.0657,1.0184,-0.01077,-0.01216,0.00581,87182.0,1242.6,39.920121,32.854085,1242.5,8.396,4,OK
38720,DESCENT,-0.0885,0.0636,0.9991,-0.00512,0.00089,-0.01455,87240.1,1242.9,39.920102,32.854101,1242.8,8.396,4,OK
38730,DESCENT,-0.2498,-0.0557,0.8871,-0.00429,0.00486,0.00178,87222.8,1241.8,39.920087,32.854132,1241.8,8.396,4,OK
38740,DESCENT,-0.0758,-0.0243,0.9855,0.01022,0.00574,0.01433,87172.2,1240.2,39.920117,32.854104,1240.2,8.396,4,OK
38750,DESCENT,-0.1949,-0.0539,0.97,-0.00314,0.00548,-0.01097,87249.8,1239.5,39.920098,32.8541,1239.5,8.396,4,OK
38760,DESCENT,-0.0678,0.0156,1.0491,0.00449,0.0022,-0.01494,87263.1,1237.2,39.920088,32.854071,1237.1,8.396,4,OK
38770,DESCENT,-0.2002,-0.0465,0.9549,-0.00599,-0.0005,-0.02582,87352.0,1237.4,39.920109,32.854082,1237.4,8.396,4,OK
38780,DESCENT,-0.1557,-0.0635,1.0754,-0.01102,0.00334,-0.02063,87426.3,1234.8,39.920113,32.854027,1234.8,8.396,4,OK
38790,DESCENT,-0.1186,-0.0721,0.9651,-0.0216,-0.00174,4e-05,87404.3,1233.7,39.920092,32.854047,1233.6,8.396,4,OK
38800,DESCENT,-0.1188,-0.0067,0.9995,0.0191,-0.00084,-0.00264,87333.5,1232.2,39.920058,32.854039,1232.1,8.396,4,OK
38810,DESCENT,-0.1209,-0.008,0.9637,0.01309,0.00762,0.00361,87303.0,1230.9,39.920137,32.85412,1230.9,8.396,4,OK
38820,DESCENT,-0.2115,0.055,0.9632,-0.00159,-0.02094,-0.02461,87352.3,1229.9,39.920047,32.854059,1229.9,8.396,4,OK
38830,DESCENT,-0.2605,-0.0348,1.0018,-0.00012,-0.00937,-0.00024,87398.9,1228.4,39.920103,32.854139,1228.4,8.396,4,OK
38840,DESCENT,-0.1888,-0.0704,0.9734,0.02112,0.00435,0.0085,87456.8,1226.9,39.920118,32.854095,1227.0,8.396,4,OK
38850,DESCENT,-0.2102,0.025,0.9873,-0.0039,0.00872,0.01152,87429.0,1226.1,39.920169,32.854103,1226.1,8.396,4,OK
38860,DESCENT,-0.1012,-0.0451,1.0258,0.01952,0.0295,-0.00599,87409.7,1224.8,39.920097,32.85407,1225.0,8.396,4,OK
38870,DESCENT,-0.1626,0.0188,0.9657,-0.01688,-0.01327,-0.01611,87423.6,1223.2,39.920126,32.854108,1223.0,8.396,4,OK
38880,DESCENT,-0.2831,-0.0246,1.0942,0.00749,-0.00328,0.01427,87461.7,1221.3,39.920123,32.854061,1221.4,8.396,4,OK
38890,DESCENT,-0.1473,0.0227,0.9251,0.0021,-0.0048,-0.00123,87516.7,1220.3,39.920073,32.854107,1220.2,8.396,4,OK
38900,DESCENT,-0.1934,-0.0389,0.9818,-0.01035,0.00557,-0.00651,87433.0,1219.4,39.920104,32.854122,1219.4,8.396,4,OK
38910,DESCENT,-0.1437,0.0423,1.026,0.00022,0.01851,0.00273,87532.6,1217.3,39.920074,32.854126,1217.4,8.396,4,OK
38920,DESCENT,-0.2276,-0.0452,0.9746,0.00624,-0.01484,-0.00754,87631.5,1217.8,39.920133,32.854102,1217.9,8.396,4,OK
38930,DESCENT,-0.3106,-0.0238,1.0241,0.01651,0.00032,-0.01004,87579.9,1215.2,39.920097,32.854072,1215.3,8.396,4,OK
38940,DESCENT,-0.219,-0.0393,1.0007,-0.00042,-0.00968,0.00329,87644.2,1213.5,39.920089,32.854121,1213.6,8.396,4,OK
38950,DESCENT,-0.2231,-0.0712,1.0303,-0.00201,-0.00707,-0.00499,87684.6,1212.3,39.920127,32.854071,1212.3,8.396,4,OK
38960,DESCENT,-0.2232,-0.015,1.0548,-0.00714,-0.00116,0.00117,87585.1,1212.2,39.920158,32.854087,1212.2,8.396,4,OK
38970,DESCENT,-0.0781,0.0617,0.9619,-0.00018,-0.00041,-0.01032,87607.4,1210.2,39.92011,32.854102,1210.1,8.396,4,OK
38980,DESCENT,-0.1629,0.0219,0.9612,-0.00089,-0.00448,-0.00572,87605.0,1208.9,39.920062,32.854089,1208.9,8.396,4,OK
38990,DESCENT,-0.2458,-0.0376,0.9727,0.01046,-0.00047,0.0049,87571.1,1208.0,39.920093,32.854115,1208.0,8.396,4,OK
39000,DESCENT,-0.1383,0.0064,0.8409,0.00545,0.00588,-0.00421,87618.4,1205.4,39.920127,32.854086,1205.4,8.396,4,OK
39010,DESCENT,-0.157,-0.0102,0.9541,-0.00275,0.01053,0.00747,87678.5,1205.1,39.92011,32.854092,1205.2,8.396,4,OK
39020,DESCENT,-0.2222,-0.0309,0.9644,-0.01176,0.00374,-0.00946,87709.1,1203.8,39.920169,32.854084,1203.8,8.396,4,OK
39030,DESCENT,-0.2308,-0.0389,1.0118,-0.01072,0.00566,0.00856,87756.9,1201.8,39.920111,32.854097,1201.6,8.396,4,OK
39040,DESCENT,-0.0932,0.0799,1.0687,0.00238,0.0056,-0.00684,87738.2,1201.1,39.920121,32.854096,1200.9,8.396,4,OK
39050,DESCENT,-0.1477,0.0332,1.068,-0.00938,0.01477,-0.01552,87668.3,1200.0,39.9201,32.854138,1200.1,8.396,4,OK
39060,DESCENT,-0.2019,-0.0897,0.9572,-0.01506,-0.00205,-0.00032,87688.8,1198.3,39.920084,32.854089,1198.4,8.396,4,OK
39070,DESCENT,-0.2549,-0.0219,0.98,-0.00885,-0.00078,0.0042,87768.3,1196.8,39.920092,32.854091,1196.8,8.396,4,OK
39080,DESCENT,-0.2394,0.0558,0.9728,0.01063,0.02864,-0.015,87790.1,1195.7,39.920056,32.854046,1195.8,8.396,4,OK
39090,DESCENT,-0.205,0.0162,0.949,-0.00956,-0.00339,-0.01101,87817.9,1194.0,39.920105,32.854101,1194.0,8.396,4,OK
39100,DESCENT,-0.1518,-0.0513,1.0117,0.00262,0.01666,0.00122,87791.1,1192.7,39.9201,32.854061,1192.5,8.396,4,OK
39110,DESCENT,-0.1225,0.014,1.0086,-0.00197,0.00204,-0.00733,87749.6,1191.2,39.920087,32.85413,1191.1,8.396,4,OK
39120,DESCENT,-0.1291,-0.01,1.0965,0.0056,0.00252,0.00197,87905.0,1190.7,39.92009,32.854106,1190.7,8.396,4,OK
39130,DESCENT,-0.0838,0.0226,0.9303,0.0097,0.01563,0.0082,87758.7,1188.9,39.920117,32.854062,1188.8,8.396,4,OK
39140,DESCENT,-0.1319,-0.0104,0.9541,-0.0038,-0.01617,0.00735,87843.5,1189.3,39.920132,32.854091,1189.2,8.396,4,OK
39150,DESCENT,-0.2107,0.0107,0.9966,-0.01164,-0.00665,0.02352,87963.4,1186.8,39.92009,32.854125,1186.7,8.396,4,OK
39160,DESCENT,-0.0569,-0.0346,1.0057,0.01896,-0.00241,0.00069,87814.7,1185.5,39.920065,32.854051,1185.2,8.396,4,OK
39170,DESCENT,-0.2328,0.0509,1.0344,-0.0158,-0.00685,0.01741,87946.8,1183.8,39.920163,32.854085,1183.7,8.396,4,OK
39180,DESCENT,-0.1529,0.0385,0.9486,0.01871,-0.00282,0.00364,87857.9,1182.6,39.920068,32.854107,1182.5,8.396,4,OK
39190,DESCENT,-0.1878,-0.09,1.0419,0.01125,-0.02562,0.00418,87844.2,1181.5,39.920124,32.85414,1181.6,8.396,4,OK
39200,DESCENT,-0.1168,0.0008,1.0759,-0.00251,-0.00632,-0.01654,87934.9,1180.5,39.920077,32.854127,1180.5,8.396,4,OK
39210,DESCENT,-0.1,0.0071,0.918,0.00325,-0.00693,0.01684,87949.5,1179.3,39.920033,32.85408,1179.2,8.396,4,OK
39220,DESCENT,-0.1573,0.0508,1.0729,0.00546,-0.00272,0.00435,87991.8,1177.4,39.920085,32.854132,1177.4,8.396,4,OK
39230,DESCENT,-0.2257,0.0222,0.8826,-0.01234,0.00342,0.01504,87942.0,1176.0,39.920128,32.8541,1176.1,8.396,4,OK
39240,DESCENT,-0.1859,0.0335,0.9437,-0.01669,-0.01537,-0.00633,87897.2,1175.0,39.920057,32.854113,1175.2,8.396,4,OK
39250,DESCENT,-0.2574,0.0477,0.9881,0.00334,0.00488,0.00377,88005.3,1173.9,39.920083,32.854084,1173.8,8.396,4,OK
39260,DESCENT,-0.1369,0.0534,1.0101,0.00836,0.00449,-0.01847,87971.6,1172.3,39.920064,32.854108,1172.2,8.396,4,OK
39270,DESCENT,-0.0919,-0.0117,1.0456,-0.00306,-0.00465,-0.00931,88067.2,1170.5,39.920087,32.85412,1170.6,8.396,4,OK
39280,DESCENT,-0.2041,0.0069,1.023,0.01012,-0.00039,-0.00569,87996.3,1169.7,39.920104,32.8541,1169.6,8.396,4,OK
39290,DESCENT,-0.1802,-0.0438,0.9812,0.00564,0.00727,0.00262,88108.7,1168.7,39.920104,32.854072,1168.7,8.396,4,OK
39300,DESCENT,-0.144,0.0055,0.9808,0.00225,-0.00125,-0.0063,88082.4,1166.4,39.920067,32.854163,1166.5,8.396,4,OK
39310,DESCENT,-0.132,-0.0294,0.9937,0.00682,-0.00446,0.01014,88062.8,1165.6,39.920117,32.854132,1165.4,8.396,4,OK
39320,DESCENT,-0.146,-0.0661,1.1455,-0.0133,0.00886,-0.00761,88062.1,1163.6,39.920062,32.854045,1163.5,8.396,4,OK
39330,DESCENT,-0.1701,-0.0396,0.9667,-0.00154,-0.02169,0.00082,88146.5,1164.2,39.920095,32.854059,1164.4,8.396,4,OK
39340,DESCENT,-0.1962,0.1036,1.0224,-0.00203,-0.00065,-0.00425,88123.0,1162.5,39.920062,32.854114,1162.5,8.396,4,OK
39350,DESCENT,-0.1788,0.0446,0.907,0.00082,-0.0054,-0.00912,88152.9,1159.4,39.920087,32.854081,1159.5,8.396,4,OK
39360,DESCENT,-0.186,-0.0455,1.0305,0.01288,-0.00841,0.00361,88177.9,1159.7,39.920143,32.854114,1159.7,8.396,4,OK
39370,DESCENT,-0.1407,0.0573,0.9982,-0.0159,-0.01613,0.00513,88228.0,1158.5,39.920112,32.854172,1158.5,8.396,4,OK
39380,DESCENT,-0.2272,-0.0242,1.0116,-0.00186,0.00361,0.0174,88138.7,1156.9,39.920032,32.854062,1157.0,8.396,4,OK
39390,DESCENT,-0.127,-0.0029,0.9667,0.02227,-0.00956,0.01121,88221.9,1155.6,39.920097,32.854048,1155.5,8.396,4,OK
39400,DESCENT,-0.1422,0.0156,1.052,-0.0209,-0.02207,-0.01548,88104.7,1154.4,39.9201,32.854068,1154.4,8.396,4,OK
39410,DESCENT,-0.1478,0.0353,1.0631,-0.00362,-0.00865,0.00196,88216.6,1153.6,39.920123,32.854128,1153.7,8.396,4,OK
39420,DESCENT,-0.2259,0.0023,1.0613,-0.00046,0.00998,-0.00422,88166.9,1150.9,39.920096,32.854088,1151.0,8.396,4,OK
39430,DESCENT,-0.157,-0.0211,0.9408,0.00787,-0.00138,-0.01312,88332.3,1150.7,39.920132,32.854115,1150.7,8.396,4,OK
39440,DESCENT,-0.1512,0.0353,0.8361,0.01151,0.00199,-0.01357,88276.6,1148.8,39.920058,32.854077,1148.7,8.396,4,OK
39450,DESCENT,-0.1306,0.0046,0.9782,0.00778,0.01355,0.00846,88318.3,1147.6,39.920111,32.85413,1147.5,8.396,4,OK
39460,DESCENT,-0.1392,0.125,0.9108,0.00055,0.00828,-0.00873,88286.0,1146.0,39.920098,32.854079,1146.1,8.396,4,OK
39470,DESCENT,-0.2005,-0.022,0.987,0.00366,-0.00912,0.01784,88316.2,1144.6,39.920079,32.854069,1144.6,8.396,4,OK
39480,DESCENT,-0.1151,-0.0476,1.0059,-0.0113,-0.00095,-0.00644,88279.1,1143.3,39.920073,32.85411,1143.4,8.396,4,OK
39490,DESCENT,-0.1023,-0.0081,1.0377,-0.0095,-0.00669,0.00151,88320.5,1142.5,39.920074,32.854128,1142.4,8.396,4,OK
39500,DESCENT,-0.1554,0.0888,0.9406,0.00049,-0.0173,0.00361,88481.1,1141.2,39.920103,32.854077,1141.2,8.396,4,OK
39510,DESCENT,-0.1322,0.0379,0.9298,-0.01456,-0.01579,-0.01197,88453.1,1138.9,39.920081,32.854104,1138.9,8.396,4,OK
39520,DESCENT,-0.1535,0.0298,0.9642,-0.00306,0.00809,-0.00625,88394.4,1138.2,39.920107,32.854107,1138.1,8.396,4,OK
39530,DESCENT,-0.2024,-0.0232,1.1479,0.00976,0.00784,-0.00408,88517.0,1136.8,39.920083,32.854109,1137.0,8.396,4,OK
39540,DESCENT,-0.1489,-0.0445,0.9441,0.00776,0.0043,0.00898,88422.0,1135.4,39.920128,32.85405,1135.3,8.396,4,OK
39550,DESCENT,-0.1149,0.0459,1.0633,-0.00073,-0.00779,0.01425,88394.1,1134.6,39.920088,32.854121,1134.5,8.396,4,OK
39560,DESCENT,-0.1642,-0.1012,1.0126,0.01053,-0.00131,0.00723,88408.3,1132.2,39.920108,32.854098,1132.3,8.396,4,OK
39570,DESCENT,-0.1678,-0.027,1.0231,-0.00964,0.01419,-0.01842,88526.2,1131.5,39.920153,32.854097,1131.6,8.396,4,OK
39580,DESCENT,-0.1797,-0.0432,1.0251,0.00563,-0.01185,-0.00143,88435.9,1129.7,39.920088,32.854126,1129.6,8.396,4,OK
39590,DESCENT,-0.0691,0.0447,1.047,0.00437,0.00465,0.00127,88517.5,1128.8,39.920093,32.854104,1128.8,8.396,4,OK
39600,DESCENT,-0.2053,-0.0511,1.0389,0.018,0.00578,0.00864,88514.2,1127.1,39.92007,32.854142,1127.0,8.396,4,OK
39610,DESCENT,-0.1165,0.0528,0.9504,-0.00428,0.00126,-0.00077,88565.7,1125.8,39.920135,32.854166,1125.6,8.396,4,OK
39620,DESCENT,-0.1414,-0.0226,0.95,0.02026,-0.01427,-0.01558,88525.2,1124.4,39.920093,32.854115,1124.3,8.396,4,OK
39630,DESCENT,-0.1494,0.0889,1.0426,0.00162,0.00771,0.00385,88572.4,1124.1,39.920111,32.854105,1124.2,8.396,4,OK
39640,DESCENT,-0.1822,0.0212,0.9137,-0.00614,0.00751,-0.00144,88589.5,1122.4,39.920097,32.854114,1122.3,8.396,4,OK
39650,DESCENT,-0.22,-0.0253,1.0025,-0.00789,0.00877,0.00319,88513.5,1121.6,39.920139,32.854156,1121.7,8.396,4,OK
39660,DESCENT,-0.1279,-0.0688,0.9947,-0.0103,0.01435,0.005,88611.7,1120.7,39.920062,32.854146,1120.7,8.396,4,OK
39670,DESCENT,-0.077,0.0536,0.9994,0.01885,0.00272,-0.00385,88643.8,1118.7,39.92013,32.854062,1118.8,8.396,4,OK
39680,DESCENT,-0.1694,0.0714,1.0784,-0.01308,-0.0021,0.00057,88640.9,1117.9,39.920094,32.854106,1118.0,8.396,4,OK
39690,DESCENT,-0.0678,0.0623,0.9648,-0.00991,0.00423,-0.0047,88651.7,1116.1,39.920107,32.854132,1116.0,8.396,4,OK
39700,DESCENT,-0.1853,0.0934,0.9916,0.00994,-0.01352,0.01584,88670.4,1114.8,39.92005,32.854118,1115.0,8.396,4,OK
39710,DESCENT,-0.1535,-0.0337,0.9415,0.005,0.0116,-0.0038,88642.4,1113.4,39.920112,32.854134,1113.4,8.396,4,OK
39720,DESCENT,-0.1223,0.0182,1.037,-0.00022,0.005,-0.00841,88664.3,1111.0,39.92008,32.85417,1110.9,8.396,4,OK
39730,DESCENT,-0.1839,-0.0537,1.0164,-0.00353,0.00786,0.01291,88726.1,1109.8,39.920074,32.854088,1109.7,8.396,4,OK
39740,DESCENT,-0.2476,0.003,0.9104,-0.01957,0.0001,0.00789,88779.0,1109.4,39.920099,32.854111,1109.4,8.396,4,OK
39750,DESCENT,-0.1583,0.0438,1.079,0.00457,0.00327,0.01502,88771.2,1107.6,39.920074,32.854091,1107.4,8.396,4,OK
39760,DESCENT,-0.0835,-0.0142,0.9892,-0.01048,0.00038,0.0157,88725.5,1106.4,39.920106,32.854086,1106.4,8.396,4,OK
39770,DESCENT,-0.1286,-0.0704,0.893,-0.0041,0.00831,-0.0073,88695.5,1105.2,39.920077,32.854177,1105.1,8.396,4,OK
39780,DESCENT,-0.1939,-0.0288,0.9634,-0.00588,-0.00707,-0.00091,88783.3,1104.4,39.920138,32.854054,1104.3,8.396,4,OK
39790,DESCENT,-0.149,-0.0346,1.0534,0.00693,0.00321,-0.00663,88813.6,1102.7,39.920118,32.854131,1102.8,8.396,4,OK
39800,DESCENT,-0.1169,0.0297,1.0776,0.00595,0.00394,0.01388,88843.1,1100.9,39.920104,32.854105,1100.9,8.396,4,OK
39810,DESCENT,-0.0747,-0.0186,0.9831,-0.01705,-0.00178,-0.01407,88864.3,1100.2,39.920083,32.854128,1100.1,8.396,4,OK
39820,DESCENT,-0.1919,0.0672,1.0267,0.00534,-0.00249,0.01307,88720.6,1098.5,39.920075,32.854122,1098.5,8.396,4,OK
39830,DESCENT,-0.1596,0.0546,0.9514,0.00932,0.00197,-0.01223,88905.9,1097.7,39.92008,32.854092,1097.5,8.396,4,OK
39840,DESCENT,-0.1394,-0.0468,1.0149,0.02234,0.00175,-0.00051,88852.1,1096.5,39.920125,32.85412,1096.4,8.396,4,OK
39850,DESCENT,-0.1221,0.0144,1.0127,0.00685,0.0096,0.00701,88768.6,1094.3,39.920125,32.854114,1094.3,8.396,4,OK
39860,DESCENT,-0.2272,-0.0282,0.9993,-0.00346,-0.01509,-0.00672,88873.9,1093.7,39.920126,32.854076,1093.8,8.396,4,OK
39870,DESCENT,-0.1148,-0.0237,1.023,0.00786,0.01505,-0.00634,88934.7,1091.6,39.920065,32.854136,1091.5,8.396,4,OK
39880,DESCENT,-0.1501,-0.0486,1.0334,-0.00012,0.00014,-0.00061,88860.5,1090.8,39.920126,32.854038,1090.7,8.396,4,OK
39890,DESCENT,-0.1326,0.0159,1.0649,0.0092,0.02097,-0.00299,88871.8,1088.9,39.920086,32.854114,1088.7,8.396,4,OK
39900,DESCENT,-0.1963,0.0691,1.0364,0.00636,-0.00264,-0.00048,88851.4,1087.4,39.920103,32.854061,1087.5,8.396,4,OK
39910,DESCENT,-0.1602,0.0224,0.9559,-0.00524,-0.00188,0.00321,88922.2,1087.0,39.920119,32.854095,1086.9,8.396,4,OK
39920,DESCENT,-0.096,0.0088,0.9847,0.00772,0.01111,0.00268,88974.1,1086.6,39.920103,32.854094,1086.6,8.396,4,OK
39930,DESCENT,-0.2004,-0.0072,1.0162,0.00169,0.0212,0.01683,88991.0,1083.8,39.920068,32.854109,1083.7,8.396,4,OK
39940,DESCENT,-0.1133,-0.054,0.9527,0.00412,0.01203,-0.00197,88941.4,1083.4,39.920097,32.854163,1083.4,8.396,4,OK
39950,DESCENT,-0.1802,-0.043,1.0119,0.00757,-0.00579,-0.00167,88923.9,1082.2,39.920033,32.854077,1082.3,8.396,4,OK
39960,DESCENT,-0.1917,-0.0184,0.9829,0.00745,-0.00278,-0.01513,88948.9,1081.2,39.92011,32.854129,1081.2,8.396,4,OK
39970,DESCENT,-0.2344,-0.0584,1.0555,-0.01221,-0.01236,-0.00393,88983.0,1079.4,39.920103,32.854082,1079.5,8.396,4,OK
39980,DESCENT,-0.1793,-0.0533,0.982,-0.00951,-0.01671,-0.0027,88976.6,1077.2,39.920079,32.854104,1077.1,8.396,4,OK
39990,DESCENT,-0.0987,-0.0533,0.9955,-0.00175,0.00521,-0.00086,88962.8,1076.4,39.920077,32.854165,1076.3,8.396,4,OK
40000,DESCENT,-0.0556,0.0144,0.9687,-0.00309,0.00337,0.01273,89027.1,1075.1,39.920097,32.854118,1075.1,8.396,4,OK
40010,DESCENT,-0.1984,-0.0132,0.9661,-0.00702,0.00497,-0.01266,89145.4,1073.1,39.920122,32.854115,1073.0,8.396,4,OK
40020,DESCENT,-0.1458,-0.0046,0.8964,0.00297,0.00162,0.00252,89109.8,1072.8,39.92014,32.854141,1072.8,8.396,4,OK
40030,DESCENT,-0.1306,0.0459,0.917,0.0155,-0.00428,-0.00124,89089.9,1071.0,39.920165,32.854091,1071.0,8.396,4,OK
40040,DESCENT,-0.184,-0.0412,0.9478,-0.00587,-0.01005,-0.00532,88990.5,1068.9,39.920091,32.854046,1069.1,8.396,4,OK
40050,DESCENT,-0.1058,-0.0532,1.0369,0.00676,0.00866,-0.00656,89096.9,1068.7,39.920127,32.854134,1068.6,8.396,4,OK
40060,DESCENT,-0.1957,-0.0565,1.0368,0.00067,0.00862,0.00293,89086.3,1067.9,39.92009,32.854033,1067.9,8.396,4,OK
40070,DESCENT,-0.21,-0.0238,1.0238,0.01002,0.00944,-0.01129,89165.3,1065.4,39.920106,32.854148,1065.4,8.396,4,OK
40080,DESCENT,-0.1475,0.0193,0.9511,0.00277,0.00643,0.00107,89161.2,1063.1,39.920118,32.854066,1063.2,8.396,4,OK
40090,DESCENT,-0.1561,-0.0462,1.0631,-0.011,-0.00186,0.01893,89103.6,1063.7,39.920131,32.85398,1063.8,8.396,4,OK
40100,DESCENT,-0.1168,0.0066,0.9751,-0.00599,0.00931,6e-05,89189.7,1061.5,39.920093,32.854088,1061.5,8.396,4,OK
40110,DESCENT,-0.0635,-0.0919,0.9534,-0.00028,-0.00152,0.00678,89224.0,1060.8,39.920151,32.854075,1060.9,8.396,4,OK
40120,DESCENT,-0.1224,0.0474,0.9746,-0.00454,0.00292,-0.00469,89175.5,1058.8,39.920073,32.854078,1058.7,8.396,4,OK
40130,DESCENT,-0.1778,0.0983,0.9469,-0.00299,-0.01271,0.00195,89250.3,1058.0,39.920072,32.854077,1058.1,8.396,4,OK
40140,DESCENT,-0.1821,-0.0037,0.9356,-0.00308,-0.00485,-0.00587,89269.6,1056.3,39.920102,32.854144,1056.3,8.396,4,OK
40150,DESCENT,-0.2045,-0.0187,1.0126,0.01575,-0.00932,-0.00711,89263.7,1055.4,39.920075,32.854113,1055.4,8.396,4,OK
40160,DESCENT,-0.2231,0.0078,1.0349,-0.00244,0.00448,-0.00069,89207.7,1054.3,39.92003,32.854144,1054.2,8.396,4,OK
40170,DESCENT,-0.1458,0.0184,0.979,0.00929,-0.01211,-0.02351,89286.0,1052.7,39.920049,32.854121,1052.5,8.396,4,OK
40180,DESCENT,-0.0992,0.0099,1.0083,0.00509,-0.00645,-0.01131,89405.8,1051.7,39.92014,32.854008,1051.8,8.396,4,OK
40190,DESCENT,-0.0472,-0.0565,0.9798,-0.00352,0.00943,0.01237,89409.6,1049.5,39.920067,32.854079,1049.8,8.396,4,OK
40200,DESCENT,-0.1698,0.0352,1.0639,-0.00865,-0.00654,-0.0089,89344.0,1048.2,39.920071,32.85411,1048.3,8.396,4,OK
40210,DESCENT,-0.1682,-0.0111,1.0452,0.0098,-0.00808,0.00692,89416.7,1048.0,39.920106,32.854098,1047.9,8.396,4,OK
40220,DESCENT,-0.2111,-0.0133,0.969,-0.0141,0.00713,0.00502,89283.0,1046.4,39.920136,32.854096,1046.5,8.396,4,OK
40230,DESCENT,-0.1156,-0.0111,0.9701,-0.01412,-0.01264,0.00027,89440.3,1045.3,39.920106,32.854083,1045.5,8.396,4,OK
40240,DESCENT,-0.1061,0.0127,1.104,-0.00841,-0.00607,-0.00649,89432.8,1043.1,39.9201,32.854101,1043.2,8.396,4,OK
40250,DESCENT,-0.0981,-0.0352,1.0056,-0.02624,0.01375,0.01209,89375.9,1041.4,39.920136,32.854123,1041.4,8.396,4,OK
40260,DESCENT,-0.1166,-0.0283,1.0327,0.00284,-0.00648,0.00989,89502.1,1040.2,39.92008,32.854069,1040.2,8.396,4,OK
40270,DESCENT,-0.1301,0.021,0.9958,-0.01546,-0.00211,-0.01133,89415.0,1038.4,39.920144,32.854097,1038.4,8.396,4,OK
40280,DESCENT,-0.1041,0.0933,1.0452,-0.00595,-0.01955,-0.00117,89515.3,1037.5,39.920062,32.854101,1037.6,8.396,4,OK
40290,DESCENT,-0.1595,-0.0755,0.9294,-0.00075,-0.00763,-0.01293,89391.5,1036.0,39.920098,32.854074,1036.0,8.396,4,OK
40300,DESCENT,-0.1443,-0.0738,1.0195,-0.00198,-0.00808,0.0004,89415.5,1035.6,39.920116,32.854161,1035.6,8.396,4,OK
40310,DESCENT,-0.1101,-0.0351,0.9509,0.00943,-0.00745,0.01762,89519.6,1034.3,39.920064,32.854123,1034.3,8.396,4,OK
40320,DESCENT,-0.1664,0.0004,0.9342,0.00515,0.02128,-0.01424,89597.2,1032.7,39.920079,32.854115,1032.7,8.396,4,OK
40330,DESCENT,-0.0417,0.0094,0.9979,0.00045,-0.00294,-0.01087,89634.9,1030.9,39.920063,32.854143,1030.8,8.396,4,OK
40340,DESCENT,-0.0346,-0.072,0.9986,0.01031,0.00047,-0.00159,89622.1,1031.0,39.920119,32.854078,1030.7,8.396,4,OK
40350,DESCENT,-0.2099,0.0468,1.0636,-0.0071,0.00254,0.00402,89513.8,1028.0,39.920088,32.854175,1028.0,8.396,4,OK
40360,DESCENT,-0.1537,-0.0127,1.0365,0.01401,0.01216,-0.003,89556.4,1027.4,39.920128,32.854086,1027.2,8.396,4,OK
40370,DESCENT,-0.1057,0.0925,1.0708,-0.01339,0.00276,-0.00809,89624.3,1026.1,39.920085,32.854075,1026.1,8.396,4,OK
40380,DESCENT,-0.1218,0.0216,1.0459,0.00711,-0.01784,0.02404,89544.8,1024.8,39.920108,32.854068,1024.6,8.396,4,OK
40390,DESCENT,-0.143,-0.0391,0.982,0.00648,0.00141,-0.00033,89613.6,1022.6,39.920071,32.85404,1022.7,8.396,4,OK
40400,DESCENT,-0.1266,-0.0478,0.9699,-0.00533,-0.00735,0.00176,89594.4,1022.1,39.920075,32.854099,1022.0,8.396,4,OK
40410,DESCENT,-0.1573,-0.0047,1.0449,0.0058,0.00561,0.0055,89665.9,1020.0,39.920093,32.854082,1020.3,8.396,4,OK
40420,DESCENT,-0.1353,-0.0042,1.0111,-0.01124,0.00284,0.00157,89654.6,1019.4,39.920143,32.85412,1019.4,8.396,4,OK
40430,DESCENT,-0.1285,-0.0304,1.0093,0.02826,0.02217,-0.00504,89691.0,1018.3,39.920125,32.854105,1018.4,8.396,4,OK
40440,DESCENT,-0.1607,-0.0334,1.0441,-0.01107,-0.00674,0.00755,89658.8,1017.5,39.920072,32.854071,1017.6,8.396,4,OK
40450,DESCENT,-0.1131,-0.0661,1.0392,0.00165,0.00202,-0.01032,89633.6,1016.1,39.9201,32.854116,1016.2,8.396,4,OK
40460,DESCENT,-0.0727,0.1161,0.9822,-0.00288,0.0076,-0.00467,89720.1,1013.6,39.920039,32.854113,1013.7,8.396,4,OK
40470,DESCENT,-0.0719,-0.0511,0.9739,-0.00323,0.01146,0.00625,89741.6,1012.5,39.92008,32.854083,1012.7,8.396,4,OK
40480,DESCENT,-0.0401,0.0091,1.005,-0.01426,0.01819,-0.01188,89782.8,1012.2,39.92015,32.85413,1012.1,8.396,4,OK
40490,DESCENT,-0.147,-0.0917,0.9155,0.01437,-0.01571,-0.0038,89767.9,1010.1,39.920077,32.85414,1010.1,8.396,4,OK
40500,DESCENT,-0.1611,0.0698,0.9528,-0.00136,-0.01907,0.0068,89787.5,1008.2,39.920133,32.854086,1008.1,8.396,4,OK
40510,DESCENT,-0.0927,0.0069,1.0529,0.00123,0.01528,-0.00932,89787.5,1007.7,39.920107,32.85408,1007.5,8.396,4,OK
40520,DESCENT,-0.1253,-0.0252,0.907,0.01039,0.00572,-0.01351,89746.3,1007.5,39.920119,32.8541,1007.4,8.396,4,OK
40530,DESCENT,-0.1369,0.0659,1.0359,-0.00215,0.00352,-0.00027,89768.5,1005.2,39.920036,32.854148,1005.2,8.396,4,OK
40540,DESCENT,-0.1617,0.0759,1.1101,0.00892,-0.00668,0.00442,89842.5,1004.4,39.920117,32.85415,1004.2,8.396,4,OK
40550,DESCENT,-0.0598,0.0522,0.9153,0.00791,-0.0001,-0.00074,89798.5,1002.6,39.920121,32.854068,1002.8,8.396,4,OK
40560,DESCENT,-0.05,-0.0213,0.9609,-0.00173,-0.00686,0.00325,89829.3,1000.5,39.92009,32.854073,1000.5,8.396,4,OK
40570,DESCENT,-0.1708,-0.009,1.0667,-0.00699,0.00048,0.00454,89828.5,999.4,39.920083,32.854127,999.6,8.396,4,OK
40580,LANDED,-0.9364,-0.0439,1.0762,0.00796,0.00806,-0.00429,89834.2,1000.9,39.920057,32.854128,1000.8,8.396,8,OK
